ordinal,sku,asin,disposition,recipe_keys,expected_total_units,current_other_slots,current_additional_after_card,approved_card_slots,hard_violation_codes,hold_reason_codes,relaxed_exceptions_applied,explicit_wrong_product_or_claim,source_row_evidence_sha256,row_evidence_sha256
1,AC-AS4J-B64F,B0H82ZZS2P,KEEP,PB_CHOCOLATE_FLAVORED_SPREAD,24,7,6,1,,,,false,70f4e8ed6088fd91c1d24ab3786bd4aa6a842802fdb3279d123975d268581b18,9c5eabe54e5b3c25353dbb1a812fd0833e69b0e2a7e37cec94bd8a2b2e270837
2,AD-AS4H-QXZD,B0H82J6V9T,KEEP,PB_HONEY,24,5,4,1,,,,false,64ab8304d5d652a06514ff599373a9e690c386efd56724b7651df57d4df37f26,71b2b4a53cdbd1b8782919f421126cf0578d524d6d488abe259756cb8d72d504
3,AG-ASKV-W9EN,B0H85B64V2,KEEP,PB_HONEY|PB_STRAWBERRY,24,7,6,1,,,KEEP_OWNER_RELAXED_MULTI_FLAVOR_CONTEXT,false,47f26b15dba9612b0c8621abfda3664c02e169382df4aaa7ff30e8ee1f5cd863,a4cda154a07142bf69922d5c6cd4f79e4528efbd71d5b75a91b79a22f0a62f5a
4,AJ-ASRB-HKC3,B0H84G7DHC,KEEP,PB_RASPBERRY|PB_MIXED_BERRY_MORNING_PROTEIN,24,7,6,1,,,,false,432b568f501cf3fc20ad9503f407ee6c81472893c82d43ca14697b58606fbe60,d7c51b91c84c0672edf1f033eae7ce447b44cd0dc434c6b8cba1026fb5d65095
5,AN-ASUW-49Y5,B0H8628LW3,KEEP,CHOCOLATE_HAZELNUT|PB_STRAWBERRY,24,7,6,1,,,KEEP_OWNER_RELAXED_MULTI_FLAVOR_CONTEXT,false,6c341185f09d0820c3a9fb3b868c9c1ed828b315421b5a90b5d04b100d71720a,d9e5499637ad93a5d50ff7fbe79f9a07865e6ce6f7351baa6ab022a29aec0737
6,AU-AS97-USX8,B0H843Q9B5,KEEP,PB_RASPBERRY|PB_PLAIN,24,7,6,1,,,,false,4f3383444dc90dcf400de7ecc11576c1768ea587cc5390f049d191cd49bd4dd0,e70bff9f96851e4010ae8bde5e00c36b20541903ad4be31d47e5b4b2d17a89ed
7,AV-AS7X-8EXK,B0H82JTY19,KEEP,WHOLE_WHEAT_PB_STRAWBERRY,45,7,6,1,,,KEEP_OWNER_RELAXED_MULTI_FLAVOR_CONTEXT,false,5ddf387fcf467419d0aa069bf609276f5f6b3ee862eb2ba6136cfb0cf53bc323,17324c68cb80d9b4ea179799581bbb0737054cca094ca4549098380c10bab4ca
8,AY-AS5F-JEY9,B0H83MWTM7,KEEP,WHOLE_WHEAT_PB_STRAWBERRY,120,7,6,1,,,KEEP_OWNER_RELAXED_MULTI_FLAVOR_CONTEXT,false,51f33a28c84b45fb20c7e79301c9a66b7cdf7454127d6a6b08dffef0fcd89b71,c0f18c8b821afb7b74cd65091c2f25f68413c0320179e3d7d03226452c86ebcb
9,AZ-ASMY-VEQ2,B0H788M8WM,KEEP,PB_STRAWBERRY,30,6,5,1,,,,false,36b60082d270918df02c5214e869214ac5deb32c9b97676c2cbe92bc523020e6,71cb040580ea94175a43f9be890ae1db91056ffa83a7abf220443a6645a097b2
10,BD-AS8P-XAW5,B0H85MXFH8,KEEP,PB_APPLE_CINNAMON_PROTEIN|PB_GRAPE,24,7,6,1,,,,false,8a2117bbeca9b93ec60d1d2a978d19c27e0f202231b9ff13cf6182ba2cd62768,b824a3f7b11af4b9cd3af62fb70d5cbf4141999670c510c5d6956ae94d4466cc
11,BD-ASGH-LREJ,B0H86Z59DW,KEEP,PB_HONEY|WHOLE_WHEAT_PB_STRAWBERRY,24,7,6,1,,,KEEP_OWNER_RELAXED_MULTI_FLAVOR_CONTEXT,false,8feb2288e484a308e90268d00e25c6e82147c699cd5d80bbd9ca8b02626d0809,4fb98a6ccae3eb1e8bb4ee2a5268f0b149ccb73e8009104cb1f9ba3121ea5f11
12,BH-AS7H-D4FV,B0H853MCYZ,KEEP,PB_HONEY|PB_BLACKBERRY,24,7,6,1,,,KEEP_OWNER_RELAXED_MULTI_FLAVOR_CONTEXT,false,64fc5113d1d215a25824325f2d5e530b23f3f0158003eced91c75578d49e4f13,687025c9f7def417dcf70c26ffa0277dea99236aced6f0343a3ea8fdc28d68d8
13,BH-ASTN-S4XJ,B0H83ZRNCS,KEEP,PB_STRAWBERRY_PROTEIN|PB_BLACKBERRY,24,7,6,1,,,,false,1ab14aa9dfefec7b7a4024f81adf84430c5a45c0fd4283eb5bb560621306fc53,3c3cf4c7a9476dc864a6a2a64ca063c622086ea89d27260042d4f2d155a6c7bf
14,BH-ASVY-CR8H,B0H83S368B,KEEP,PB_RASPBERRY,120,7,6,1,,,,false,260f4ae0f3d01e24c7d8692c71a9e62f232a976cec582a121bd4e254b909d627,c2a67345de03c83552d98ce43005631a3002d6312a084921819602fa9c04f5ea
15,BK-AS5Z-8UY5,B0H85JF1V1,KEEP,WHOLE_WHEAT_PB_STRAWBERRY|PB_BLACKBERRY,24,7,6,1,,,KEEP_OWNER_RELAXED_MULTI_FLAVOR_CONTEXT,false,42338d6f7e6cb2bb722c7500eea007873a236d5b91a7eb7d08a0b0058cc4e4cd,85dabc1817064cc4e6870b8c86ea50521c2f66ae3e1f7429b6e71741c0f96a82
16,BM-AS5J-3MQY,B0H83LSCQQ,KEEP,PB_MIXED_BERRY_MORNING_PROTEIN,90,5,4,1,,,KEEP_OWNER_RELAXED_RETAILER_CONTEXT,false,360b71b205126b1a3caefdc94a2e2d248361a2b89f71c1c9e28c4a68c75975ce,6ede62acd5cf136276c0f19d9bed6ee1a7a039ace9d35fec8327b3ded34283fc
17,BQ-ASUE-NT37,B0H842HL49,KEEP,PB_STRAWBERRY_PROTEIN|WHOLE_WHEAT_PB_GRAPE,24,7,6,1,,,,false,9c5ab8f949f01c38924acfc179da075b6181b7c6fffd8c07079bbfb9adc0d604,7d7e4a11596047628cf5f7a5c691c4ae5cdb7576e194ca3ffabaf7f98c0c9e19
18,BX-AS5P-6WQV,B0H83NM5PX,KEEP,PB_BLUEBERRY_PROTEIN,120,7,6,1,,,,false,cc22c9f0ee25c4287f53aa795bfe53c53fc04080bff92214d0121f31d1a6108b,602545ce40f04e034532b57960e31c3a89ae4e21f6481a7be1494fe052396e47
19,BY-ASY2-8UJJ,B0H83789KC,KEEP,WHOLE_WHEAT_PB_STRAWBERRY,30,7,6,1,,,KEEP_OWNER_RELAXED_MULTI_FLAVOR_CONTEXT,false,25d8c6b7d94c7524d763e8d7ae69f3071ae0bd9829b8bee1fa5b07899a6b9762,cb3ad3bc9653d351e416b97e3730fd8c0c05573c666ecee1afa3c7f5e3f549ef
20,CE-ASGK-ZRHM,B0H84651LM,KEEP,PB_STRAWBERRY_PROTEIN|PB_BLUEBERRY_PROTEIN,24,7,6,1,,,,false,2afdd8a71d1c8bc869935e90065aafb52f985c1ce4d41e0db9572f805db7f76d,cb64c728b507d3871bee551f8fe43406c0409ac677925aa42c0c1e01b363597c
21,CK-ASUM-WT9W,B0H86PRTWS,KEEP,CHOCOLATE_HAZELNUT|PB_BLUEBERRY_PROTEIN,24,7,6,1,,,KEEP_OWNER_RELAXED_MULTI_FLAVOR_CONTEXT,false,c8879382199bcff7dd899c984d103fb44785f5796964cd412f8cb8091af91ae9,6ef4b30e78f3587098b7d197cb8848934c99347a8455b79cb3ed77721093ae89
22,CN-ASG6-892G,B0H8422DQ1,KEEP,PB_CHOCOLATE_FLAVORED_SPREAD,120,7,6,1,,,,false,15ae42340cc0363189752c8d2353e7d71e866aae7328106ea8ae300ccb9c940a,096dc6f4bf63eed79b5d36339b01b175e7105648e71948338014c599de307aa9
23,DA-ASF0-D7RG,B0H83VBTLT,KEEP,PB_GRAPE,90,7,6,1,,,KEEP_OWNER_RELAXED_MULTI_FLAVOR_CONTEXT,false,bc023940cb17ab207dac16d8d06537813af84d70325a08a70d6f01b53e36ea6c,749f18730dfbcee653c61eac9bb965cace7c487dd4f3ee49fd4ab6a1bb6fc9c4
24,DF-ASQT-BLUQ,B0H83FKSN6,KEEP,PB_CHOCOLATE_FLAVORED_SPREAD,45,7,6,1,,,,false,4dfa232e63f41f59368e52a9a966de37bef90fd397ada0e21c023e2f6511809a,a003415313e795083a7b003bb7a289f5fd3cc59f1a0d8556cd58b651b07f1eec
25,DP-ASQ6-ZPZU,B0H83Y8JH7,KEEP,PB_STRAWBERRY_PROTEIN|PB_PLAIN,24,7,6,1,,,,false,57bcca0b6448a0f4ebe271b095c394305611414669f19e3922a49962d97e5320,f1fe917df3aaca61eab7df676ae904e2a2b00bda8cff261d5f5e4e6b7f6c4bc1
26,DY-AS8W-6MJG,B0H82MKPRJ,KEEP,PB_BLUEBERRY_PROTEIN,45,7,6,1,,,,false,43274d5064c9d7d5c5f74b7a0793dd496724b251aa62889cd785437f2fd1df80,dc326b428fcee09e9f80a0b41212e69063d2e755daedd94022d6152656af53e5
27,EF-AS4A-JCLU,B0H83XB855,KEEP,PB_STRAWBERRY_PROTEIN|CHOCOLATE_HAZELNUT,24,7,6,1,,,,false,09a3b2b0e491232021b0bc798f928f92c3fdca96700b79b026f028c56a8a9358,65b2c3bb4116ac262e8eb480fab21fb636a23870017a7a8e08e41946cc761e07
28,EJ-ASCD-8K87,B0H82PXWKS,KEEP,PB_RASPBERRY,90,7,6,1,,,,false,39917d2419e0882608de441f4728f13c74dd99d4e06d41e5b9e43856e5e98d8f,7e571dbb768cfdfbf9bb8718d05b8b5f592c273b61f9007d25cb633b49129928
29,ER-ASRK-TPYQ,B0H84JH1WN,KEEP,PB_RASPBERRY|PB_BLUEBERRY_PROTEIN,24,7,6,1,,,,false,6e4051bd5785d0faa5a4b66fe3e681bef1cda517572c37df0d10bb019645d931,68848432b96ed82afdd0f57c967305ec5160dc46c52dfc3561606bd17a9327b3
30,ES-AS8A-3W3M,B0H83D8TFQ,KEEP,PB_CHOCOLATE_FLAVORED_SPREAD,30,7,6,1,,,,false,12b9c4b175a3d60c15cacf26e7d8ef06a0d266930911e5514e45d55d6220257f,ae9e1a46e9b5b91a5bffc6ccc3a31e549fc24ad85a500f8b6e1f2b270bac6d2b
31,EW-ASJ9-E79N,B0H82MT74H,KEEP,PB_CHOCOLATE_FLAVORED_SPREAD,30,7,6,1,,,,false,14918c374e221f0383b143c37d83487e9a19a19811c5e10c5e75b463fca0db7a,28374e2fe1d654e73231298241159730648d06932e3c95824d34cb1ccaf8f742
32,EW-ASWP-PMZX,B0H891WSZ9,KEEP,PB_STRAWBERRY,30,7,6,1,,,,false,84e43e1a7146249143a5796f2ec99a7ad353d572ada6c3d1b096d96390807b37,a14bf7be4504de6ca3e8623a29c958d37d265afd108376612d13446f89c6c76d
33,EX-ASC0-5CRL,B0H83JJW1F,KEEP,PB_MIXED_BERRY_MORNING_PROTEIN,120,5,4,1,,,KEEP_OWNER_RELAXED_RETAILER_CONTEXT,false,4275ac81230a283f7d888eedef7353adb09974baf038bf05aa1303b64ed8e7fa,9983b2c39bb646c0cb4d3f9c43ca732f757bd26437513fe7f6293b353e474d7b
34,EZ-ASLA-Y7MZ,B0H83GBJLW,KEEP,WHOLE_WHEAT_PB_STRAWBERRY,90,7,6,1,,,KEEP_OWNER_RELAXED_MULTI_FLAVOR_CONTEXT,false,c5b5c80ccd5241220cf8134ce54593bfb7ecbbaf87e058f28812ccad55e94d7a,d138dfc3f66a5336e96bf1905100945497a5d63f1dbabfaf03bc4996ec3b4138
35,FK-AS6B-6G25,B0H8259J9G,KEEP,PB_BLACKBERRY,24,7,6,1,,,,false,65fe4506980f1aa900cc841e8d223d23c046231f2e1d066b786053b2b89587e3,e5967d3430d759751fb64ddc64c5376f3e5c5c0899ab1467eaf02e8652033700
36,FM-AS51-S4MT,B0H853VHRF,KEEP,WHOLE_WHEAT_PB_STRAWBERRY|PB_CHOCOLATE_FLAVORED_SPREAD,24,7,6,1,,,KEEP_OWNER_RELAXED_MULTI_FLAVOR_CONTEXT,false,06080cd122bcfdc32c694ed9a88f5b09d2b139e5f62b5dfd6583388666eec26d,5f2582e38bc2cfa5641c00da2cdd88416171ea28971625eb0b1e815a4ce6f6ee
37,FN-ASVM-UWAG,B0H85J88LJ,KEEP,PB_PLAIN|WHOLE_WHEAT_PB_GRAPE,24,7,6,1,,,KEEP_OWNER_RELAXED_MULTI_FLAVOR_CONTEXT,false,1b6b0375358660ed9f34828831215efe76bb306122574422b4fcf0f7c0315eab,853bf76ae1e205f7adac817d3acdb09fa2f0689c4583f7b86df8891f7753a446
38,FR-AS6X-5KJY,B0H827V9DJ,KEEP,CHOCOLATE_HAZELNUT,24,7,6,1,,,KEEP_OWNER_RELAXED_MULTI_FLAVOR_CONTEXT,false,ab1a87f825edc8c27f4aa6b17470da68430d9717297adaf9b9daadb525196bc5,d5bf43561a2d1d2477657d46d08e86da54e813a7837e39ab12b2b8e6fbf28219
39,FV-AS47-EJZW,B0H82SZSYJ,KEEP,WHOLE_WHEAT_PB_GRAPE,45,7,6,1,,,,false,abf50c6196b291f6c90829c408e7a77e26b5ae5c43c32a107136fe6a662581ff,ccd1c6440f9770196dfa6f1ef01a2aaa5d5842505e56bd306b9e2b3750ecbb41
40,FX-AS2W-KHZT,B0H827J2XZ,KEEP,PB_STRAWBERRY_PROTEIN,24,7,6,1,,,,false,909c04e3418728b3d86bb88171e05ce6e6271654967a793a22d023ad8c5b8916,1e5604b9f68acafbd9ab0603f472cafcf7f5f64f6ce03cf836fd740ade9329d3
41,GG-ASNC-C9WA,B0H8219Z7T,KEEP,CHOCOLATE_HAZELNUT,30,7,6,1,,,KEEP_OWNER_RELAXED_MULTI_FLAVOR_CONTEXT,false,de95a24b17220a675f452d685c94175f1f618ea9adadf2cfaa9568042df263ef,91bf6f4a0758a7137860a6f97e0cc4c4ecbd0b6655fb68fb8b0427753836fe56
42,GR-AS0R-YPCF,B0H82GJ292,KEEP,PB_PLAIN,30,7,6,1,,,KEEP_OWNER_RELAXED_MULTI_FLAVOR_CONTEXT,false,f55ca2e0cd557da949071ce8744977c7735cdc88ce55b8e6f56bdd85f96b7a99,848c69473e4ae6d0447dd99903467ebf8f18c3b0a3d4800e498b8c2be01912cc
43,GR-AS1P-DBB2,B0H82S7TFG,KEEP,PB_GRAPE,24,7,6,1,,,KEEP_OWNER_RELAXED_MULTI_FLAVOR_CONTEXT,false,09f146265327204a1a99de08b151f82caa5e4d59b6c36134128031b9d7fae18b,cca87af5a870c07d57cdcfce50ac3d995a807d5803d19683a5dcc011ea80a354
44,GU-ASQ1-S7M6,B0H828GQLP,KEEP,PB_RASPBERRY,30,7,6,1,,,,false,880f8deb611582a3be3dd7cbcdb3e48960c813d139834b4dbe397181eff8ef27,85be1b2b780e40a6d274ad1fd39d6ec53bdaf9fa2afec1a81cd1b3ff2798ca01
45,GX-ASTJ-WHV3,B0H83XV9WX,KEEP,PB_STRAWBERRY_PROTEIN|PB_APPLE_CINNAMON_PROTEIN,24,7,6,1,,,,false,45a93ff5df0d9717d057b5a26ca1f5befd15f93d16905a8b17757c652c52b3e2,7e243a940ad69715e1b1d99cbf10ad0e349bd3fc5dd46530e14e77532fc910a3
46,HA-ASCR-ME3A,B0H85V287S,KEEP,PB_APPLE_CINNAMON_PROTEIN|PB_CHOCOLATE_FLAVORED_SPREAD,24,7,6,1,,,,false,ba699adda1314081fe894d7aa9c1fbaf50204b0942e4f5141e408f8ec576c458,10b577c364a1d41d54002e67a4b2ea34a168fcda366c6a9f5b8ce66efe4952a7
47,HD-ASEQ-MFAY,B0H83QW85C,KEEP,PB_APPLE_CINNAMON_PROTEIN,90,7,6,1,,,,false,879e4f5125bfcae54b27558c76391715ef6e6304d6bdf9abae2eaef56581b4be,f3454e73d5779edc6f7800f0e5ce9d7e891a03a90906912fce0bfba700d86e5e
48,HR-AS7Q-7ZDF,B0H856RRRK,KEEP,PB_PLAIN|PB_CHOCOLATE_FLAVORED_SPREAD,24,7,6,1,,,KEEP_OWNER_RELAXED_MULTI_FLAVOR_CONTEXT,false,0e49da51d2da567c97b3c49b39d3c3da5149235e550e388bd3f6ab5caea186b7,e1b8afde001290c4dd21cbdc015811913ee8c235535e7fce2777d60d73c57e11
49,HU-ASMI-DN3X,B0H82YMT6K,KEEP,PB_BLUEBERRY_PROTEIN,30,7,6,1,,,,false,37ec304f0b8e812c2f9d24a126f005c639c601b8cfe064a057e28da8c648fa30,47e85650e2633bd7fe9bc7c117836a546e41ff1a12b4e90d9240af771c9c7886
50,HX-ASO8-XCL2,B0H832SD15,KEEP,PB_GRAPE,45,7,6,1,,,KEEP_OWNER_RELAXED_MULTI_FLAVOR_CONTEXT,false,4d0be4ccb914c2cbd0d573785ecf7dd4e7d1656c447fe9a3c32b54569aad5b79,10914f371aa55bcbae22d77c0f3bf25bcc3c025f433d0ee979c9b82ed79e9393
51,HZ-ASPS-4L22,B0H857K38C,KEEP,WHOLE_WHEAT_PB_STRAWBERRY|PB_BLUEBERRY_PROTEIN,24,7,6,1,,,KEEP_OWNER_RELAXED_MULTI_FLAVOR_CONTEXT,false,4391d8d83730a8d317fc0ed933f9b72180f8c1d3453e8f62eeb41a24010b6e96,68cd217b80b665fda7ae2da20b1a521bd2b6515b3a59fdfd8f3b2e1378112b63
52,JC-ASM4-XXW7,B0H84ZL156,KEEP,PB_APPLE_CINNAMON_PROTEIN|PB_BLACKBERRY,24,7,6,1,,,,false,e38a9f680e56970cf703afe03aebd78d9f82a08d057d795afb0effa94a86c3fc,4923997fd24a50fba5eb84b77d29d2b12246d3ec340d370d0a6ca8b8998d7986
53,JH-ASV9-Z46X,B0H8369PMK,KEEP,PB_APPLE_CINNAMON_PROTEIN,24,7,6,1,,,,false,de00cca3d220306497c0e2693d8e07eb892f1d5377a77eb65db659439e16b305,70dd1fbbfb74357c04b5c5c589b7fd26e8134ebe09b2f997088c62e8f433a064
54,JL-ASUC-JUZE,B0H831MXGD,KEEP,PB_HONEY,45,7,6,1,,,KEEP_OWNER_RELAXED_MULTI_FLAVOR_CONTEXT,false,85682c388f0cd9404339aca7906eecea2486dd71ef85252635804a8c735a7504,da52f94becae6e867f6aaad0e64e0e428678bdda89123a10ae070007598ae010
55,JS-AS5F-QB8T,B0H822TJ7C,KEEP,PB_APPLE_CINNAMON_PROTEIN,30,7,6,1,,,,false,06c767a1fd20dfd6ee6f85bdfea3ae695d7b62048ae41b6cd626e9af9007f222,1727b9919f2ce1b37ca4b3637f8575687143ae2a8cfad051b47ea44b0efceb01
56,JT-ASKD-KS8T,B0H83Z6S3Q,KEEP,PB_GRAPE,120,7,6,1,,,KEEP_OWNER_RELAXED_MULTI_FLAVOR_CONTEXT,false,91ba6a5b14ac927ad28dfe14d33bdf84c2bc6ff34ea3e4f431b093884a5f91ff,aa67d9c63f3e345383a7e7136bd4136caeecac535c8aab650da987cc25469b59
57,JU-ASM0-KV4Z,B0H8462L4S,KEEP,PB_RASPBERRY|WHOLE_WHEAT_PB_GRAPE,24,7,6,1,,,,false,89717cecc483c84aaecde5e1024b3e30bcbfe96213bba3b693804bd51dff94b6,9dd74af94c333b3d2c1a480428ba4d17430bd5143055a0727d94153df6480df4
58,JU-ASYC-SSJD,B0H854C7SZ,KEEP,WHOLE_WHEAT_PB_STRAWBERRY|WHOLE_WHEAT_PB_GRAPE,24,7,6,1,,,KEEP_OWNER_RELAXED_MULTI_FLAVOR_CONTEXT,false,b0a480cf242f917d8f60aca59280857e9552611ffa357b156fb03793ab968ce3,454eec8e7493fbd8bde8e52fd33e4c3419c92156b6f4302b09754be45cd4f108
59,JY-ASPW-LB4K,B0H84621N6,KEEP,PB_RASPBERRY|PB_APPLE_CINNAMON_PROTEIN,24,7,6,1,,,,false,f5f28cbbc97fddbcae03ffdae422b855c0e21fb1f501ab0b78e15b985d86de6b,72ba31e144222818ec60ef29e5e5f7c790e8fa4fe9cca823235ebeaea71e14c4
60,KD-AS12-8HZ3,B0H845JBM6,KEEP,PB_STRAWBERRY_PROTEIN|PB_MIXED_BERRY_MORNING_PROTEIN,24,7,6,1,,,,false,1e7ae61b08c0f25729cfb43c993c337d0667b673d71b6eead89cb0b9055de752,6374a66fdc13142b4f73a8c9585c610b9a827d742b8d049a6dae71478ce75acc
61,KN-ASYZ-ST4M,B0H83XBXHX,KEEP,PB_STRAWBERRY_PROTEIN|PB_RASPBERRY,24,7,6,1,,,,false,952e2f70cd46c95864d9c105136f3c71d3878d90d72f27d737ddd62ea48e1574,8fd577d917b3a437ef4985fcfcc787d4192f27de1b5a89752c3a65dc4bc05dfe
62,KP-ASYC-RN84,B0H83FYZR3,KEEP,PB_BLUEBERRY_PROTEIN,90,7,6,1,,,,false,0155499a4145a332369608a9d1f108214bca031df8519f6669ba10272ec5517c,2d568d25a07cea976d1ca50142026f128d056d0aab3cbff4dab0583a4d621a3b
63,LH-ASP7-KZR4,B0H82XNFRW,KEEP,WHOLE_WHEAT_PB_STRAWBERRY,90,7,6,1,,,KEEP_OWNER_RELAXED_MULTI_FLAVOR_CONTEXT,false,ff75cfd0859e44737be0df429a6caecd26ca975ebe4eed7a0daf50eb700141fb,7243ef654a572eba0eebb6828ebf5393f6c13cbf59fe0958b792970ca218955e
64,LJ-ASYO-FWJK,B0H853SHVC,KEEP,WHOLE_WHEAT_PB_STRAWBERRY|CHOCOLATE_HAZELNUT,24,7,6,1,,,KEEP_OWNER_RELAXED_MULTI_FLAVOR_CONTEXT,false,c76a5ade330b8a465cc4bf492c72caa9876f53bad5cc6c7b6932e6a030e8969c,5464165a2f02aef4da1bb73687cb763c4c0805d581f7629b4b3576ad6b98bf46
65,LK-AS7X-K43B,B0H84CGGXL,KEEP,PB_RASPBERRY|PB_STRAWBERRY,24,7,6,1,,,,false,c97270f776605e38048ac8b3191ddb09793846a49cbedbf019c8445122e72fae,75e2ad81fd3ac5afed4207e55dd47cf82ba44c3db57d1e92483ec7b93743651f
66,LP-AS9J-HSVB,B0H82B7KK1,KEEP,PB_RASPBERRY,24,7,6,1,,,,false,9bab0451db1c84118a7c764de7c204d429980b1069bcfa4b6e93126688dfec0f,fac3daa278d8b127fb7232e99617b7b5b617c8db72b6c28697f5c861a1148984
67,LU-ASK0-LSDF,B0H84YZDB7,KEEP,PB_PLAIN|PB_GRAPE,24,7,6,1,,,KEEP_OWNER_RELAXED_MULTI_FLAVOR_CONTEXT,false,9791360a6c71a15626fb3fd16dd5504ca8fed6deb6a5cf40b0ff67d0b2e3f510,312c7f46c4cd7d8d84f505eebefc1b4a8b3bf5e38ee151181a45bc551424998e
68,ME-AS1I-SEX2,B0H83RVHNF,KEEP,PB_CHOCOLATE_FLAVORED_SPREAD,90,7,6,1,,,,false,374b8d1dd02d85ba056de3573a961dd852e81bb543cb1af5d303e2e774dcb6f2,af5c26613f054864b20d6e591593a0a528b72c3ae576d6dea99d16d6b5e34b62
69,MF-AS0J-YRT4,B0H82NHQCL,KEEP,WHOLE_WHEAT_PB_STRAWBERRY,24,7,6,1,,,KEEP_OWNER_RELAXED_MULTI_FLAVOR_CONTEXT,false,f0479e5dcd258120e0cabe3cb434b0a0c87f6f395b34d278467a865fac060c30,2ab80f57ab6d98ae1437081f8e2c568a00ff6de732862d41fcdfefc15b7aff81
70,MP-ASYO-QNU2,B0H84Z9KWL,KEEP,PB_HONEY|PB_GRAPE,24,7,6,1,,,KEEP_OWNER_RELAXED_MULTI_FLAVOR_CONTEXT,false,bc5d019f399fcd671f87738d3e7798aa053d9513dee9bcefd5e5b8daebf86914,b94d38273301c5934a35ac5f0fa53e7165aabf566d831d2472948a242a901ca4
71,MP-ASZ9-TKE7,B0H837HLKC,KEEP,PB_MIXED_BERRY_MORNING_PROTEIN,30,5,4,1,,,KEEP_OWNER_RELAXED_RETAILER_CONTEXT,false,5f85bd2ef8a29b07cbf4f0f86968cbf3971c2d65ca744b6aa81c6896f638bbf2,452293b152f1ab5937f028e60f75dac3fc1c88f52a47f4a748d2c8865efd223a
72,NC-ASPL-EXE8,B0H83QRV43,KEEP,PB_STRAWBERRY_PROTEIN|WHOLE_WHEAT_PB_STRAWBERRY,24,7,6,1,,,,false,70c8436fe92e66971e383afa32012637d45a45db6663f0472d2419b19ee85576,09f941679a704c2e4c6b21c84f05876810a83a4320945850fd1d4ad4e7f2917e
73,NJ-ASAC-PTK2,B0H82X48CD,KEEP,WHOLE_WHEAT_PB_STRAWBERRY,24,7,6,1,,,KEEP_OWNER_RELAXED_MULTI_FLAVOR_CONTEXT,false,d0a761cfb63e5afa582676e7881d767474d0ae1064c4277dfd45b12d8cc03db7,51eed31ae708cff8e37aa0507f7dee1095d8d967c0f57bedd23960b5947d1a74
74,NM-ASEW-S2SK,B0H86TVN3C,KEEP,PB_MIXED_BERRY_MORNING_PROTEIN,24,5,4,1,,,KEEP_OWNER_RELAXED_RETAILER_CONTEXT,false,b1bd5c9fed55f2b46ddc032b5f007dd97b068852d15954e51efeaab1407bd29a,2c42d6e9234c963befccddc666b9252c2c3192046355f3460bec77433393e070
75,NS-ASSD-B3JJ,B0H82L945T,KEEP,PB_MIXED_BERRY,24,7,6,1,,,,false,7af01e875293234b86323ce9a4e26f2e7fba48f443d5875be958ecbb31388490,f4bb5c0edd2cfcae70f634d847de8b5699d9aebc84ae6fade1900a363dba885b
76,NT-ASIL-V5LK,B0H84547PM,KEEP,PB_STRAWBERRY_PROTEIN|PB_CHOCOLATE_FLAVORED_SPREAD,24,7,6,1,,,,false,00b69adf55f9d0861e21db0bd858e7f70aba8f899eab4323e6e6c6876c3b0ba3,cd05fab2dea6db878f2dee2ba4487cd1c413860c605849784161ff2df5c74dea
77,NV-AS86-HD44,B0H85KQJKS,KEEP,CHOCOLATE_HAZELNUT|WHOLE_WHEAT_PB_GRAPE,24,7,6,1,,,KEEP_OWNER_RELAXED_MULTI_FLAVOR_CONTEXT,false,210c51f2030e156181d660e5497b7b7a4a13e02747a435e4a16468d08d5f332a,f1dbd19b522af822c8d55fa3bc0b1bad1a954745e7bb137e12c32285a079023e
78,PB-ASAF-G2T6,B0H82K7Y7S,KEEP,PB_PLAIN,24,7,6,1,,,KEEP_OWNER_RELAXED_MULTI_FLAVOR_CONTEXT,false,cdb84740365954fd57657f1b1bb55b45690fbff0d69ec1d5a03dca52ed242897,66cf99d88cea079020ea47ec78838abb438acbb117ab491be3fcc7ac41340613
79,PJ-ASAX-6LTG,B0H82T12L7,KEEP,PB_STRAWBERRY_PROTEIN,90,7,6,1,,,,false,a1cd56169b4425775bb2757fa1730a1ed7edba26c978e6c1c0f9d2bbbde47656,773422653aba1252649f4970a6f4e41c5ab868c92f565ade33978e5033e59788
80,PJ-ASDX-E8LW,B0H85MGP35,KEEP,PB_HONEY|PB_MIXED_BERRY_MORNING_PROTEIN,24,7,6,1,,,KEEP_OWNER_RELAXED_MULTI_FLAVOR_CONTEXT,false,0b60acb7fdead4ff848d1f5ae931be01eb4eac5f2c771801bf9ec6c230b02aec,e7a7473ce78f22f026d1c899cab98cd6bbead015f457223cd37f1b49d44595df
81,PL-ASR9-U94A,B0H83RR2XQ,KEEP,PB_MIXED_BERRY_MORNING_PROTEIN,45,5,4,1,,,KEEP_OWNER_RELAXED_RETAILER_CONTEXT,false,dc24e9a96c19f2d95ee813c058126a75b89da2139d51da548bf470806faf35d9,57691416e71d16374a1d0d6655afd67d46a3144590c126bdf18afd7263cc567f
82,PP-AS23-SPLQ,B0H84CDNQG,KEEP,PB_RASPBERRY|WHOLE_WHEAT_PB_STRAWBERRY,24,7,6,1,,,,false,ba61d2b321033c45da17fe069415ccf26af0d87103b793704972f66a8bb7ab3e,a79cfdd44270f487cd2c1432035096d55b150c24eb5a99a8adef7ecddb5ccca3
83,PR-AS79-8SDF,B0H82L74PL,KEEP,PB_STRAWBERRY_PROTEIN,30,7,6,1,,,,false,c360c06493c393e0b8f8dee67ed58f29a26e11af6ccea99dab90e0d5ffc4a4d8,14cc5f9fe8a402c6f4589d538b8b27375d74d8c87dab68b0bfc57e61390e678a
84,PT-AS5B-Z2XH,B0H84Z6QWY,KEEP,WHOLE_WHEAT_PB_STRAWBERRY|PB_GRAPE,24,7,6,1,,,KEEP_OWNER_RELAXED_MULTI_FLAVOR_CONTEXT,false,18c8583df1917d1f4bd24a6f9dd05e1a899c134058cf943f5def4136ca3192a5,e44f7d6132c0c896c1e03bf3bed36f0047ca773eefcbd3e55512f9331d211399
85,PU-AS3D-SA5Z,B0H83H71F8,KEEP,CHOCOLATE_HAZELNUT,120,7,6,1,,,KEEP_OWNER_RELAXED_MULTI_FLAVOR_CONTEXT,false,989ef760b900ea1e607b5672fee36639a498fa638a10e96445df264afa21ff89,0d060a46d46251cb2b619400a85dad6c339a038a31ac8d5b0ac27ede5d7ed15f
86,PW-ASDZ-CSR8,B0H839TPC5,KEEP,PB_APPLE_CINNAMON_PROTEIN,45,7,6,1,,,,false,586d44bf3d44b2419c3e6d9176b31c7d33a711dda77070ea2b6c7002e83e2cdf,03d72391cef3353c77c34f42047001e5652c406ed3814a11a47e56ce9473db44
87,PY-ASBM-WX6W,B0H82B7GV5,KEEP,WHOLE_WHEAT_PB_GRAPE,24,7,6,1,,,,false,dedd1749fe20ae181112ee7483710a69022088bb05e9ac3c9f337c170ab161fc,76d35d262d410975ca40e0b93bd813f2987688cfa26996c7e2b0646975db614d
88,QC-ASX2-RHPA,B0H83TQPJB,KEEP,WHOLE_WHEAT_PB_GRAPE,120,7,6,1,,,,false,d08118fc3ae25bc9186bbe4b8d0f78272b158958939f871011c9bd4144fd6740,a54988eb5049b0a1d4e86259dcdbc5eb8c92bb83b593596f3cf77f11a0363d82
89,QE-ASEQ-4YV5,B0H82CBLRM,KEEP,PB_STRAWBERRY,24,7,6,1,,,,false,123b00806f10fbed94796ca2eb5a2e5ff40631d03c151246e8dd9ed2e8b82b63,873c7f7f89dfb2d9daf5fb08181cff07c9ce99f9d420b1be8bab0007d59115fd
90,QP-ASAD-PTLX,B0H85DG2JQ,KEEP,WHOLE_WHEAT_PB_STRAWBERRY|PB_APPLE_CINNAMON_PROTEIN,24,7,6,1,,,KEEP_OWNER_RELAXED_MULTI_FLAVOR_CONTEXT,false,3a9775db128393c14e1b241958dd24dde145f3a27d732235f0dd2e97c6cd05b6,9fbca8d199512042b3c9eaa2a29fabd71c44e8e35ffef14d5c5105823db22462
91,QW-ASRZ-SYKC,B0H83MDDBL,KEEP,PB_PLAIN,120,7,6,1,,,KEEP_OWNER_RELAXED_MULTI_FLAVOR_CONTEXT,false,cf2778057df61094df40276254867bc911a7c5360ae7f3c8f5d0fd4e54751d5c,fbcad8550bb677d87c0cafae49a7e01decbf930ca18e58cfdc6cbb13f7b69970
92,QX-AS89-H8YC,B0H82RQ226,KEEP,PB_APPLE_CINNAMON_PROTEIN,24,7,6,1,,,,false,4b199afbd51dac540e72524f4ff4dd6fd761a54046d778956fbc6d9015ae3fba,69f9bc02ed8a5f891309106ed8040de52ba35ce77f31df57b073f026fa4bcb0b
93,QX-ASS6-4T4F,B0H83B6TYP,KEEP,CHOCOLATE_HAZELNUT,90,7,6,1,,,KEEP_OWNER_RELAXED_MULTI_FLAVOR_CONTEXT,false,7205929d3ff44b825ecf38a224db627efe6fcb0032127c78cae0e64efee086fa,0795185cb13a90894f1db2588c15d8dde5856b5f1abc0a7ab71f8baf4e2b217f
94,RB-ASVO-GYCY,B0H859N8VM,KEEP,PB_APPLE_CINNAMON_PROTEIN|PB_STRAWBERRY,24,7,6,1,,,,false,af98f49fa7b62a8d1b0b96668566aaf8e7b96496a3da7a799c8729c0e28457da,b712acfa2ae0a6ec6c1135c18b27439e457958ab9465ef0c68d43f6e0daca359
95,RH-ASWA-ER34,B0H85JR6WN,KEEP,PB_HONEY|CHOCOLATE_HAZELNUT,24,7,6,1,,,KEEP_OWNER_RELAXED_MULTI_FLAVOR_CONTEXT,false,12871d2f37bd9a725c28675b1841daec847a63eab9f844311d1ea1f295eb687f,d700304476698defb590a65fcbda05c15ccb507170da90bad4e324934a261bdc
96,RL-AS64-Q8QX,B0H82LZLM2,KEEP,PB_MIXED_BERRY_MORNING_PROTEIN,30,5,4,1,,,KEEP_OWNER_RELAXED_RETAILER_CONTEXT,false,fe1f63ecfc3b55738efd3cd894b32520ca3b5c56638ab1310eaa232b33041b5b,2abc301f81fac0105a401a68f31a532013c36380b69e66a28ef515b1861e448d
97,RM-ASCV-DVA5,B0H822CVVL,KEEP,PB_CHOCOLATE_FLAVORED_SPREAD,24,7,6,1,,,,false,6baa8de374c518d9aed582c1138299b83e8bd9632159e7044a1823f973c02efc,65480bf787504bce4eb28ce2e6bfbdb0128ff83c8bbaae06aeeecac8f81df13b
98,RN-ASLP-VH3X,B0H82JYZQH,KEEP,WHOLE_WHEAT_PB_GRAPE,30,7,6,1,,,,false,0749d9c97d89d9a38fe8ea9cf17cd81976fb280bff174f102c681d9c85d64c18,b0d08029db5f151045d504bf91058a0978f5c14fd3f8376ff305dd9a8ca37530
99,RQ-AS0L-9B45,B0H85MQLHG,KEEP,PB_HONEY|PB_APPLE_CINNAMON_PROTEIN,24,7,6,1,,,KEEP_OWNER_RELAXED_MULTI_FLAVOR_CONTEXT,false,e057112ad24ee186b02268879a48cac3f1ae6480247e7ffe268a0d410b5466fd,669121a517300e61e467a1f6e9d0e0cd11cd2670c52332afe79a65428c2f6dec
100,RQ-AS78-STLZ,B0H85GR968,KEEP,PB_PLAIN|PB_MIXED_BERRY_MORNING_PROTEIN,24,7,6,1,,,KEEP_OWNER_RELAXED_MULTI_FLAVOR_CONTEXT,false,b68bf27e4b9463a097378d5b8a6387e0fe89126c1f7d5fc4f78491d65b388c2c,5299892713ed6d5cd02b9a654c9939f99a101f52bb6daba15c1c7491729e21cf
101,RQ-ASM7-T9NN,B0H83HNB3B,KEEP,WHOLE_WHEAT_PB_GRAPE,90,7,6,1,,,,false,d83ec1fee29a8fde1f1847209fdf2d56ca94e8132568fce64a1d5aaecf4d862e,d71051601f70409e383beba565d054fcfc80eafbc1d62f27b80499bd196cd4a9
102,RR-ASG1-JVKV,B0H8361PYX,KEEP,WHOLE_WHEAT_PB_STRAWBERRY,45,7,6,1,,,KEEP_OWNER_RELAXED_MULTI_FLAVOR_CONTEXT,false,daa497c63b55bdd24c3a3245e6ae72e42ea5bf1468806cb452b1601e3ad4815a,604b9094ae78b1e3400e2bc9220545c718dbe7c6ad455986995816735aedb7b1
103,RS-AS47-M3K3,B0H87748WJ,KEEP,CHOCOLATE_HAZELNUT|PB_GRAPE,24,7,6,1,,,KEEP_OWNER_RELAXED_MULTI_FLAVOR_CONTEXT,false,2080ed9e95fb1734e6424c62727afe006430c177923be41e77d7ca100aa820b9,854e70637d217176dba17e20d7361c7b762704b39d20a15ff9fe644f376ddf9f
104,RU-ASC3-4TUS,B0H83SJFR7,KEEP,PB_STRAWBERRY_PROTEIN|PB_HONEY,24,7,6,1,,,,false,5d3608f9c9f08568527774af697f7ffcb5e7474da3135113e24b97a4d12c6c43,f015ff7b842c45a5c9c50643e960b40fa46030195594193118eb6aab7d1f7e03
105,RY-ASMO-6N4F,B0H8493HNR,KEEP,PB_RASPBERRY|PB_HONEY,24,7,6,1,,,,false,08fb68b16dffb53ed44fd1e02aef4a6dd13bbbf9e35d8319f120e097f644ca04,223b82abe9a87d2a66fbcf91116bf0a5f5d133adfb627aef6fe71430967ef7d9
106,RY-ASO3-24Q2,B0H84XMG42,KEEP,PB_HONEY|PB_MIXED_BERRY_MORNING_PROTEIN,24,7,6,1,,,KEEP_OWNER_RELAXED_MULTI_FLAVOR_CONTEXT,false,65e96e27f5789ee46770bfb1ce9b3074ee032403d461e3f6dbce357d1662b9ec,bde160fe935be5498fef1138dee010762be869fac1bc8d6e295cf84db6a00e90
107,RZ-AS26-WLRM,B0H85PJ516,KEEP,CHOCOLATE_HAZELNUT|PB_BLACKBERRY,24,7,6,1,,,KEEP_OWNER_RELAXED_MULTI_FLAVOR_CONTEXT,false,06e674d0ae65231d25e534aedd293338e15c2c3107bd14d203a27c05b8ebafce,e3f4ce9648d10a9c985ce5e8a11caac722286da9c0f7ab841c0c3f3cb3a243a5
108,SA-ASCK-J2B2,B0H82XP1MM,KEEP,PB_APPLE_CINNAMON_PROTEIN,45,7,6,1,,,,false,716fc6e3909722f301fe55ba4571ff6f2dbe110f12225d00fa5fa867366ae0b1,2269136af524a077ab67c3af2e3a9dae6c5a3e163681b40f35d49aa7e90718af
109,SA-ASDW-SNEW,B0H82SMZ2M,KEEP,PB_MIXED_BERRY,45,7,6,1,,,,false,1ce6f8b4feda67f90aba5a424e27f8ba9c2b73a3f92f6af186aeac9a59689c89,087d89944380488aa868b281b1acbccbacc466922a2b1dd1997e08c8bc58ee3e
110,SC-ASH8-4RQG,B0H856DWVS,KEEP,PB_APPLE_CINNAMON_PROTEIN|PB_BLUEBERRY_PROTEIN,24,7,6,1,,,,false,edd4806710278a888987f555b16e0c7bfc680c5d57fb201564dc237bb3db4ebe,52a92f3123d2b70304c5a7f5356d3c5606bb141973cf64eaf39ab78a6208dce1
111,SG-AS32-LZ9Y,B0H8564C6D,KEEP,PB_RASPBERRY|PB_CHOCOLATE_FLAVORED_SPREAD,24,7,6,1,,,,false,386bf5b26308f8c0584f2479195b9dd229457243b3a625eda68fb97bf2954bb0,1b1b0a60736e10dfa1d8b704158656be74f7191ec3574089b5f86b66e36b9bb6
112,SG-ASLB-M2DG,B0H84PFKYC,KEEP,PB_RASPBERRY|PB_GRAPE,24,7,6,1,,,,false,85c765926b816f180dd3a225bcc158612279eb9b08f1dcaf513bed6df101efeb,2e9af909bc6774c38251025d1ee02715457cdd88824b20b5abf76b2ebb23a3a6
113,SH-ASO0-PW37,B0H83ZH3TB,KEEP,PB_STRAWBERRY_PROTEIN|PB_GRAPE,24,7,6,1,,,,false,963dcec84b2ce40c10c748d9fa71146bfc930912a32e2e5f3936b131ae87940f,6192ec800a0eadb388a0d08234f52bcb0572226dcee5de46e4119c27a49fccbe
114,SS-AS9K-U9TV,B0H831889Q,KEEP,PB_CHOCOLATE_FLAVORED_SPREAD,45,7,6,1,,,,false,81150eaf6f9087f4c99124fb91bcd7d4788e3e9f219d833a60a7dce13c9feaaa,1207357210495cc9b69234a7c4259685de5075fdffbc84b73a452080cbe5708e
115,SU-ASS4-RV6R,B0H853HGHC,KEEP,PB_APPLE_CINNAMON_PROTEIN|WHOLE_WHEAT_PB_GRAPE,24,7,6,1,,,,false,1978299aacb4fcaca32be0c7a5af942b6e6255088fbfbe7e205b9768e3478f3d,6bbb0023a9e3423abbf96ae1f9a97bcf0a77812cf257340bc13099207068baaf
116,SV-AS87-D6SV,B0H83ZGN22,KEEP,PB_STRAWBERRY_PROTEIN|PB_STRAWBERRY,24,7,6,1,,,,false,a4253c5fb2eb9ce79591ae7aa299c73c79b78aacb3eaf2ab0f48f4c49cf3bd44,110f21add29daf386312742ed45126a89b0d3c9d07ef21fdc9161a8e7d98a324
117,SZ-ASPI-JFAT,B0H776M5B5,FIX,PB_BLACKBERRY,24,1,0,1,ADDITIONAL_IMAGE_COUNT_OUTSIDE_4_TO_6,,,false,42bfd13d7efe471c6b9a6e3205366d1ac01ec4df1438162f26880228135fab94,82b6e45e6f8369f04d1c1b9393e638aeaa64ec317766f08084ee70868f2a76b3
118,TH-AS6D-CCES,B0H845HSDZ,KEEP,PB_RASPBERRY|CHOCOLATE_HAZELNUT,24,7,6,1,,,,false,c135cc057eef3cbef57ed0728095ee93a41d94a6a52db0d78b83d2047c2ae99b,e40f9ebf99a226276c334818f9f51cf0cca2f7aa46bd7f34a100fa668cc8bdee
119,TL-ASHN-ZRKG,B0H85P9F3R,KEEP,CHOCOLATE_HAZELNUT|PB_MIXED_BERRY_MORNING_PROTEIN,24,7,6,1,,,KEEP_OWNER_RELAXED_MULTI_FLAVOR_CONTEXT,false,81fbebee9946490e0b8a174e63f827c2bf8a79255fb0d31677d678a17f0ce3f6,bbf75afb07bc345f9afb2003c8c36eda72711bd335383177cfdca593eabf9fa2
120,TP-AS91-8PAZ,B0H835T5HN,KEEP,PB_MIXED_BERRY,30,7,6,1,,,,false,8a251eaafda0c6b81cbce9b9e86e3698d23b77c741f80168a25f50d11ac0ca75,b978edfddc6e2d746f7ca062ef9425726dcd895d4907d8e68882e698c2767b31
121,TQ-ASBR-96TC,B0H82BCZ44,KEEP,PB_BLUEBERRY_PROTEIN,24,7,6,1,,,,false,3f74a381ed60975caad5980ce08557a86b09ba197a5b300b8d7bbef93a3c1c7a,e63b5f5c28406a80d74dc1b10377944d3ccaf888803b41ca74fa708cd7f31d46
122,TQ-ASC4-P2NP,B0H839G6RQ,KEEP,PB_BLACKBERRY,90,7,6,1,,,,false,67d8970b971f98926f7a8bf031af22909b4237c5f166464fc0a6cc7919b0ece0,5434f72a8be0ce9b873ec95b092caa87e30ce24bcae8f82ca46a96015a502862
123,TY-AST2-JE9P,B0H84WQRXB,KEEP,PB_RASPBERRY|PB_MIXED_BERRY_MORNING_PROTEIN,24,7,6,1,,,,false,6c9a73c7de1cd4a95787e1806e8b518b70f0cf89bae5491155f8d5d642edc3c8,0d4151658f7314f42a1e209cbe6f000077f6f9d3e9752aa649b55a13bf8aa6bd
124,UA-ASAO-RE7Q,B0H784LMG6,FIX,PB_STRAWBERRY,45,7,6,7,APPROVED_CARD_NOT_EXACT_SLOT_1,,,false,0c6d3a7e5b9a548f7f5ed7af89874f393100dd2e9a3beaf5b9f2a127e2732011,d872e9bf4db65e65bc25cb5e0855152250a8b69a2a339e9647366b1c21a758dc
125,UD-AS9J-QNY6,B0H834L7P6,KEEP,PB_HONEY,90,7,6,1,,,KEEP_OWNER_RELAXED_MULTI_FLAVOR_CONTEXT,false,539cb00af385dd9adc02d4efa9d642615e50fadf828c13b94ea81b41f98d8405,3a0d230cb0594390daa56b23c85af74192ea8c4b1460e0e674d593fa58f6c4c3
126,UE-ASA6-CLLY,B0H83ZHZ4S,KEEP,PB_RASPBERRY|PB_BLACKBERRY,24,7,6,1,,,,false,dfb30069f4c2c2dbc3d937fae05447e0f61aca817d2e91ceb938bb62ae3398f9,e34685dad7dd7841206c1c49a78fdec74b1d382fcf193db749370d3ed141a6a0
127,UF-ASA1-GN5P,B0H854DM3X,KEEP,PB_PLAIN|PB_STRAWBERRY,24,7,6,1,,,KEEP_OWNER_RELAXED_MULTI_FLAVOR_CONTEXT,false,68164feb1de7c1bc4a9717fd57925d0852a56af7468dcbf0b8e0b7fe8be5bd64,abc518f9bdc4ed88fb840281e1c2d2882b362f5b26fe453c0755974176b56465
128,UG-ASUO-L4D9,B0H83FP8WW,KEEP,PB_STRAWBERRY,90,7,6,1,,,,false,fadbb10259d7172c556fa1d59a50e233cb2e11daffe953c8a38d4ca89c9c5d7b,2e43d24ddc73bb46d37048db8f33c100bcad09d974431ee36bb3e9c7a7b0d5ff
129,UJ-ASQ1-9FNR,B0H82P651P,KEEP,PB_MIXED_BERRY_MORNING_PROTEIN,24,5,4,1,,,KEEP_OWNER_RELAXED_RETAILER_CONTEXT,false,d08fc33667db0759d4b09a0d5415a0910284ded4aa1800e1651ca431cec81bd8,a850a2575cfa5e535c037a52c8734649e47081bb95ba281256971265305b34dd
130,UY-AS5N-A2E4,B0H83R4M3R,KEEP,PB_STRAWBERRY_PROTEIN,120,7,6,1,,,,false,d4412ab40c576c13fb96e3f347cec13e8dd566736ed496bfb903159e24e08ec0,989bfedab0ec9ad0ddf544917bfacb993befb0aa2dcefd97ab5e562f14f485e0
131,VA-ASOK-QJCA,B0H85RZDX5,KEEP,PB_APPLE_CINNAMON_PROTEIN|PB_MIXED_BERRY_MORNING_PROTEIN,24,7,6,1,,,,false,58eff7613eaaffae99ba98371fd7fc102fabc85a0aab5e87dc3d10ef7ce4a80e,b8ddfa786e4d57190018d995b482781b758015df60afb660902998d83623b203
132,VC-ASQE-L5Z5,B0H82QYM85,KEEP,CHOCOLATE_HAZELNUT,45,7,6,1,,,KEEP_OWNER_RELAXED_MULTI_FLAVOR_CONTEXT,false,c8bd09a126bf928f854e4c925129763754c40a3792a2db9cbf1d997b7bd80282,ca428b5d542343af0f6019e8945bec8fd4aba39e5eb4b6cd6534203ce88d4e1c
133,VC-ASV1-378P,B0H786L5MW,FIX,PB_STRAWBERRY,90,7,6,7,APPROVED_CARD_NOT_EXACT_SLOT_1,,,false,872e87ba4067930432a977242e41d75c71cafd0b5df33b6187ddb3802ee16038,8f522a54ac5ee694f37eb470755a4eb92c6b5e94edb7519b147ebecbdce26c6a
134,VH-ASHZ-TJEE,B0H856VWD6,KEEP,WHOLE_WHEAT_PB_STRAWBERRY|PB_MIXED_BERRY_MORNING_PROTEIN,24,7,6,1,,,KEEP_OWNER_RELAXED_MULTI_FLAVOR_CONTEXT,false,0e44481bc139f0952ee51c6193b700a367946484f4f495bdf7ba9098767de126,8d47210771711313d96fb17b712dc146240176ae04e322ce83b5ebce2da15a27
135,VK-ASSB-3YFK,B0H85FY28F,KEEP,PB_HONEY|WHOLE_WHEAT_PB_GRAPE,24,7,6,1,,,KEEP_OWNER_RELAXED_MULTI_FLAVOR_CONTEXT,false,df905e30f59c6e11a2e8ac29a12153bdb50ef8a65f7bcb2230a5889e9f838538,e2e64e525766afd4bda9634657380d5b0dc86d88bbe37f890c8e10289d6903e3
136,VN-AS1A-D572,B0H82PKK18,KEEP,PB_STRAWBERRY,45,7,6,1,,,,false,d5b4e1a7f16a212e3d00a4b12e33dca2a6587b99bbdabdd7e8e40bd22b9f0b71,81b2a37e4c02ece0914d9f0b9ebb75cb63ac6d25dafd00a5faa36b6e5ea54490
137,VN-AS6Q-5AE9,B0H8538L32,KEEP,PB_PLAIN|CHOCOLATE_HAZELNUT,24,7,6,1,,,KEEP_OWNER_RELAXED_MULTI_FLAVOR_CONTEXT,false,ab563c032ea2356a55dd22b031a0fd6f112f9e93dfa5c30ad8818c4b0d9251fa,db29f9f428fa9ddef9322b002e69d50a7e30c8dfb4685f0fd8e2afd4d679b4c7
138,VT-ASTH-B6LM,B0H85CL8JD,KEEP,PB_PLAIN|PB_APPLE_CINNAMON_PROTEIN,24,7,6,1,,,KEEP_OWNER_RELAXED_MULTI_FLAVOR_CONTEXT,false,2f3973db53dd530e7e47a50ae3a38d8cc3fd99053041e5c834b999ad96d9456c,2b9f78f709479e68d1698a004ca022500e93d71b46fe48d33d2144a40c8e8332
139,WC-ASH5-EFN6,B0H833W54L,KEEP,PB_APPLE_CINNAMON_PROTEIN,30,7,6,1,,,,false,c8da77f14cc761dd0a1d722052d0b342be9b5bb75d9191c53ee99a849bdca425,d051d1be97417947177b554f922552c29f40417d0352f52d73354cb9738c2ad3
140,WK-AS2R-FJUW,B0H82XBNVN,KEEP,PB_PLAIN,90,7,6,1,,,KEEP_OWNER_RELAXED_MULTI_FLAVOR_CONTEXT,false,3b4e5e16149de30d06482eebf848c376e6a71d91c4fe5c7a3b49a6ba33a033a1,d9d3f3ebf5082ff39ee2200fbaa5dd0d002eb663e2d44f40d2319f67a3ab7bd9
141,WK-AS7E-M3CE,B0H843R64X,KEEP,PB_STRAWBERRY_PROTEIN|PB_MIXED_BERRY_MORNING_PROTEIN,24,7,6,1,,,,false,eed25cbfd54ede0550c31077e759f1ac6f4e332b61e403f76a9ec1d12de5bbba,a1e472d04b03b7b4f0ef67a36f38f196184cef7b053ec6ed924640c0efb73917
142,WK-ASPD-G9HL,B0H85CF81Y,KEEP,WHOLE_WHEAT_PB_STRAWBERRY|PB_PLAIN,24,7,6,1,,,KEEP_OWNER_RELAXED_MULTI_FLAVOR_CONTEXT,false,87e170a66fa717dd5eb27bd8f16ed2ee37a31fd48f84e2e80e8235e4ebaceeef,54d413d730e8de4f0fe07bdda93adedc3f84086e0185b4627e91592d507d1899
143,WN-AS33-UFEA,B0H83RCTVV,KEEP,PB_HONEY,120,7,6,1,,,KEEP_OWNER_RELAXED_MULTI_FLAVOR_CONTEXT,false,fd1dff0d37ac1dc9cf55422ec8b7ba6f2039f717ba6a22b012d46db0adb2fb6b,c0c8f9085f1985708484d36a2be2f64448d9718c21b9bc7e7429c76265c8897d
144,WR-ASR5-AVWE,B0H859VYXH,KEEP,PB_APPLE_CINNAMON_PROTEIN|CHOCOLATE_HAZELNUT,24,7,6,1,,,,false,b594b77d3139260746a278f20d05c547be53fbf5850763ec549a8e107faff6ab,177c61dfbcf15a5158c533a9a1823b149558caa6f0e29a4c15198e324f2a1f4f
145,WR-ASTH-TPXV,B0H85DRT93,KEEP,PB_APPLE_CINNAMON_PROTEIN|PB_MIXED_BERRY_MORNING_PROTEIN,24,7,6,1,,,,false,9c1d6d9887ad1da52454f4777e858fdc70c12974d34bdaf029d87bf166cfb2a4,a12c19ff19b2641baef376c2a5212d659bf85af714d5b0ca7e9db4830d957039
146,WZ-ASXK-ZFAS,B0H85DF1R7,KEEP,PB_HONEY|PB_BLUEBERRY_PROTEIN,24,7,6,1,,,KEEP_OWNER_RELAXED_MULTI_FLAVOR_CONTEXT,false,4cf9ff56197858b55335c525e2b348d3348e2d5c69a9366d62d3ff94052beb9b,0be539c05b76d72b20c6d9528a755573bd89a095e9257a6c31db42d51b75c117
147,XE-ASK1-BNRB,B0H81WMJBP,KEEP,PB_RASPBERRY,45,7,6,1,,,,false,62ee279195c8f2ad93b9ede3b0e453e40bbf224484ac0af6c1f912af5ee603d4,75ab481c31521ee2c02e8a3edb59d0d070c4552ced549885b5e86fe875d4535a
148,XJ-ASVD-CDMW,B0H82MSTD9,KEEP,PB_STRAWBERRY_PROTEIN,45,7,6,1,,,,false,2f8d34efaaccad28da0fb18ee1b1277866310ac705ce94fcb6b56ab81698ab1b,bba8ff300aa9072a0d781cb31a3e81d0774999cee05c62d4ea5b00f87e16c398
149,XV-ASEU-GDUX,B0H82YRTS3,KEEP,PB_MIXED_BERRY_MORNING_PROTEIN,45,5,4,1,,,KEEP_OWNER_RELAXED_RETAILER_CONTEXT,false,2f72ff9ca50b1910554cc1df7d0969e62f86d3052ca8fb1048fc65b0b1f6a00e,488930c81dd44a6c0095df179d1c830666b52423c1c08fee5fb8ae538c486b02
150,XW-ASSI-SZZT,B0H858GF4N,KEEP,PB_HONEY|PB_PLAIN,24,7,6,1,,,KEEP_OWNER_RELAXED_MULTI_FLAVOR_CONTEXT,false,3e0b465eca1343c2cd7630efa8cb77a8ecdf08747f5ee11edd3532e24c17ee0c,8dda55baaf9399f44b9b03455ca7bc5a4d489caced795c0bb402e4543df8d511
151,YA-ASX6-PZE7,B0H82YB4PD,KEEP,PB_BLACKBERRY,30,7,6,1,,,,false,76ef756d5c33489baf12184bd97116a1503e02d2b6c2f1faba9337819d8ff5b1,fd625d897ec9d602216404fde2c5eb7336a33d23b38b1a4d48f4572259f3578a
152,YF-ASZJ-8BBH,B0H822MPKC,KEEP,PB_HONEY,30,7,6,1,,,KEEP_OWNER_RELAXED_MULTI_FLAVOR_CONTEXT,false,51a78c26c96c3fcc67313f07a713124467c5452a8924a905fbe627ce8fd1a917,3419a84a8275653db1d65c512aed82f076236b792043afabded72b148cdc2a18
153,YG-ASH6-BCXX,B0H8511Y5G,KEEP,PB_PLAIN|PB_BLACKBERRY,24,7,6,1,,,KEEP_OWNER_RELAXED_MULTI_FLAVOR_CONTEXT,false,b156536720a1361f55340e8ab70c396b81c24857674dbbe5144dc42177ca1fc3,77480eae38dfdcd5dc38c85fcbd1d42cdfb0677d5b68803518f5321ab897732a
154,YH-ASQ8-45ED,B0H82QPCJL,KEEP,PB_PLAIN,45,7,6,1,,,KEEP_OWNER_RELAXED_MULTI_FLAVOR_CONTEXT,false,e8c91ab2608c038507325450eaf10af616e6fb1f7dfe2b5546b494cd8efaae34,d80d68e3aa7c6f2ed0a144525f445d4a3297b8317ca74884559181ece9b1ba98
155,YM-AS7P-ZX44,B0H83S1LDG,KEEP,PB_BLACKBERRY,120,7,6,1,,,,false,ee375b5eb8669f6fc89bbbc574c8721ae11ef99e93670d7c4f2ed5237c691fcd,5dc9c48f2032e49e5e2beb5d5139f0bef2e77adf1170be1719b199e6443b0fd8
156,YV-AST8-LMKN,B0H859JMGJ,KEEP,PB_HONEY|PB_CHOCOLATE_FLAVORED_SPREAD,24,7,6,1,,,KEEP_OWNER_RELAXED_MULTI_FLAVOR_CONTEXT,false,d2d1b194c705d812d8cb2f60a36be1a2306dc7f4891c2ff493ba16d9d264e9ea,c1092d07eb69144fddbd01a89519a3206878bb14a284900584a406a196a590bb
157,ZB-ASKL-9W8G,B0H82LKBYH,KEEP,PB_BLACKBERRY,45,7,6,1,,,,false,94327fcd61ea109c54dfbec29cb129da24eaefaa955a128ec8a9674dfa34260d,88fc32d916f4bc109741c0179895812398000e31ef522820caa5c48e57f94ea8
158,ZC-ASDC-3QMV,B0H83TSB5J,KEEP,PB_STRAWBERRY,120,7,6,1,,,,false,22729c27a8bf37ed2aa9337033750a7a6a5b563b77849b5381923aafaafcdbca,0defb094b4337fa1a477b4c5ff926f6f3f2e93f2d73a410d0fd4b6a1fff8fce3
159,ZE-AS5W-FKH3,B0H8531B8B,KEEP,PB_PLAIN|PB_MIXED_BERRY_MORNING_PROTEIN,24,7,6,1,,,KEEP_OWNER_RELAXED_MULTI_FLAVOR_CONTEXT,false,ce59dce445508016ce5dcd32b2397f6ee0add5e7e42465a7b8bc584dfe48fd7c,05fe3b0a7cfdcee28340097ec86cb21a342d613f916f5c4eb4b423244885e3c9
160,ZH-AS8W-G5MN,B0H82LMD9Z,KEEP,PB_GRAPE,30,7,6,1,,,KEEP_OWNER_RELAXED_MULTI_FLAVOR_CONTEXT,false,8c2ce67b75dd45bf9f7ddf778feae07f38e99ed7227d0c9cb855ef629a510afa,7b0dc02ba2083578ec91177f941ccf3ea9c180dfb288e338f6ad7546c8b47020
161,ZP-ASJD-X7ZD,B0H85N7X8W,KEEP,WHOLE_WHEAT_PB_STRAWBERRY|PB_MIXED_BERRY_MORNING_PROTEIN,24,7,6,1,,,KEEP_OWNER_RELAXED_MULTI_FLAVOR_CONTEXT,false,33b8b83c2c8b2eeb3224d0e80fa9fbd5bd80c9e7d135b2bff44e464cff517b8a,c66efea3a6d0563d3be43c61900cf357329ac7ea00864780dae6134be4069740
162,ZX-AS2C-GT8Q,B0H82L3LRT,KEEP,WHOLE_WHEAT_PB_STRAWBERRY,30,7,6,1,,,KEEP_OWNER_RELAXED_MULTI_FLAVOR_CONTEXT,false,aa0f26d8ba87a6f7723d5c8e0409ad71e3bb54c5ed69a44d1d486ad9dc2fc5a4,b8eb900781caa07e09f9dbd06b50ed1181b094e092f46e1bc6e8ac847c176df3
163,ZX-ASQU-TKU9,B0H84PVG1G,KEEP,WHOLE_WHEAT_PB_STRAWBERRY|PB_STRAWBERRY,24,7,6,1,,,KEEP_OWNER_RELAXED_MULTI_FLAVOR_CONTEXT,false,1fe71a1967a289a388d1788b85ddea81511f1562b4006183169d545a387fb05e,24811e2a8551e5cd92ac41969db7bfa85b6e6a5d74c200e75aefbb543b67d265
164,ZY-ASZ4-QM5U,B0H83T9QZV,KEEP,PB_APPLE_CINNAMON_PROTEIN,120,7,6,1,,,,false,415211a98bcf5968d688e41460c2a884c64474a31963afa2b81d4dde58bf5ba0,3a5ba652d389edb5c236fa0284f2286b35045ddf85a0f68c099cfcdbe2a33d95
