ordinal,sku,asin,tier_count,target_regular,target_minimum,target_maximum,amazon_regular_current,amazon_minimum_current,amazon_maximum_current,amazon_offer_state,amazon_offer_current,amazon_expected_current_semantics,offer_classification,regular_action,minimum_action,maximum_action,promo_assignment,promo_arm,promo_discount_percent,promo_live_sale_value,promo_target_effective,promo_live_start_at,promo_live_end_at,promo_target_start_at,promo_target_end_at,promo_action,channelmax_status,channelmax_model_id,channelmax_model_name,channelmax_price_current,channelmax_minimum_current,channelmax_maximum_current,planned_price_wave,execution_status,failure_codes,blocker_codes
1,AC-AS4J-B64F,B0H82ZZS2P,24,76.99,66.95,76.99,76.99,66.95,76.99,OFFER,76.99,76.99,MATCHES_REGULAR_AND_CURRENT_SEMANTICS,KEEP,KEEP,KEEP,SALEPRICE_13,B,13,,66.98,,,2026-07-20T00:00:00.000Z,2026-08-19T23:59:59.000Z,CREATE_SCHEDULE_ONLY_AFTER_V4_OWNER_APPROVAL,LIVE_DEFAULT_MODEL_OVERWRITE_RISK,,Default,76.99,64.64,78.48,NO_BASE_OR_GUARD_CHANGE,BLOCKED_UNTIL_CHANNELMAX_DEFAULT_CONTROL_PROVEN,,CHANNELMAX_DEFAULT_MODEL_OVERWRITE_RISK|PROMO_V4_NOT_OWNER_APPROVED|LIVE_SALEPRICE_SCHEDULE_MISSING
2,AD-AS4H-QXZD,B0H82J6V9T,24,76.99,66.95,76.99,76.99,66.95,76.99,OFFER,66.98,66.98,MATCHES_ACTIVE_SALE_NOT_REGULAR_DRIFT,KEEP,KEEP,KEEP,SALEPRICE_13,B,13,66.98,66.98,2026-07-14T00:00:00Z,2026-08-13T23:59:59Z,2026-07-20T00:00:00.000Z,2026-08-19T23:59:59.000Z,KEEP_LIVE_VALUE_WINDOW_CHANGE_ONLY_IF_V4_APPROVED,LIVE_DEFAULT_MODEL_OVERWRITE_RISK,,Default,66.98,64.64,78.48,NO_BASE_OR_GUARD_CHANGE,BLOCKED_UNTIL_CHANNELMAX_DEFAULT_CONTROL_PROVEN,,CHANNELMAX_DEFAULT_MODEL_OVERWRITE_RISK|PROMO_V4_NOT_OWNER_APPROVED|LIVE_SALEPRICE_WINDOW_DIFFERS_FROM_V4_PROPOSAL
3,AG-ASKV-W9EN,B0H85B64V2,24,76.99,66.95,76.99,76.99,66.95,76.99,OFFER,66.98,66.98,MATCHES_ACTIVE_SALE_NOT_REGULAR_DRIFT,KEEP,KEEP,KEEP,SALEPRICE_13,B,13,66.98,66.98,2026-07-14T00:00:00Z,2026-08-13T23:59:59Z,2026-07-20T00:00:00.000Z,2026-08-19T23:59:59.000Z,KEEP_LIVE_VALUE_WINDOW_CHANGE_ONLY_IF_V4_APPROVED,LIVE_DEFAULT_MODEL_OVERWRITE_RISK,,Default,66.98,64.38,78.18,NO_BASE_OR_GUARD_CHANGE,BLOCKED_UNTIL_CHANNELMAX_DEFAULT_CONTROL_PROVEN,,CHANNELMAX_DEFAULT_MODEL_OVERWRITE_RISK|PROMO_V4_NOT_OWNER_APPROVED|LIVE_SALEPRICE_WINDOW_DIFFERS_FROM_V4_PROPOSAL
4,AJ-ASRB-HKC3,B0H84G7DHC,24,76.99,66.95,76.99,71.14,67.81,78.53,NO_OFFER,,66.98,NO_OFFER,SET_TO_TARGET,SET_TO_TARGET,SET_TO_TARGET,SALEPRICE_13,B,13,66.98,66.98,2026-07-14T00:00:00Z,2026-08-13T23:59:59Z,2026-07-20T00:00:00.000Z,2026-08-19T23:59:59.000Z,KEEP_LIVE_VALUE_WINDOW_CHANGE_ONLY_IF_V4_APPROVED,LIVE_DEFAULT_MODEL_OVERWRITE_RISK,,Default,0,71.14,86.38,WAVE_2_GUARDRAILS_AND_OVERLAPPING_BASE,BLOCKED_UNTIL_CHANNELMAX_DEFAULT_CONTROL_PROVEN,AMAZON_REGULAR_ATTRIBUTE_MISMATCH|AMAZON_MIN_GUARD_MISMATCH|AMAZON_MAX_GUARD_MISMATCH,AMAZON_CONSUMER_OFFER_UNAVAILABLE|CHANNELMAX_DEFAULT_MODEL_OVERWRITE_RISK|PROMO_V4_NOT_OWNER_APPROVED|LIVE_SALEPRICE_WINDOW_DIFFERS_FROM_V4_PROPOSAL
5,AN-ASUW-49Y5,B0H8628LW3,24,76.99,66.95,76.99,76.99,66.95,76.99,OFFER,66.98,66.98,MATCHES_ACTIVE_SALE_NOT_REGULAR_DRIFT,KEEP,KEEP,KEEP,SALEPRICE_13,B,13,66.98,66.98,2026-07-14T00:00:00Z,2026-08-13T23:59:59Z,2026-07-20T00:00:00.000Z,2026-08-19T23:59:59.000Z,KEEP_LIVE_VALUE_WINDOW_CHANGE_ONLY_IF_V4_APPROVED,LIVE_DEFAULT_MODEL_OVERWRITE_RISK,,Default,66.98,64.38,78.18,NO_BASE_OR_GUARD_CHANGE,BLOCKED_UNTIL_CHANNELMAX_DEFAULT_CONTROL_PROVEN,,CHANNELMAX_DEFAULT_MODEL_OVERWRITE_RISK|PROMO_V4_NOT_OWNER_APPROVED|LIVE_SALEPRICE_WINDOW_DIFFERS_FROM_V4_PROPOSAL
6,AU-AS97-USX8,B0H843Q9B5,24,76.99,66.95,76.99,76.99,62.05,76.99,OFFER,76.99,76.99,MATCHES_REGULAR_AND_CURRENT_SEMANTICS,KEEP,SET_TO_TARGET,KEEP,COUPON_13,A,13,,66.98,,,,,VERIFY_OR_CREATE_ONLY_AFTER_V4_OWNER_APPROVAL,LIVE_DEFAULT_MODEL_OVERWRITE_RISK,,Default,76.99,65.13,79.09,WAVE_2_GUARDRAILS_AND_OVERLAPPING_BASE,BLOCKED_UNTIL_CHANNELMAX_DEFAULT_CONTROL_PROVEN,AMAZON_MIN_GUARD_MISMATCH,CHANNELMAX_DEFAULT_MODEL_OVERWRITE_RISK|PROMO_V4_NOT_OWNER_APPROVED|LIVE_COUPON_APPLICATION_EVIDENCE_MISSING
7,AV-AS7X-8EXK,B0H82JTY19,45,130.99,114.27,130.99,130.99,114.27,130.99,OFFER,130.99,130.99,MATCHES_REGULAR_AND_CURRENT_SEMANTICS,KEEP,KEEP,KEEP,COUPON_12,A,12,,115.27,,,,,VERIFY_OR_CREATE_ONLY_AFTER_V4_OWNER_APPROVAL,LIVE_DEFAULT_MODEL_OVERWRITE_RISK,,Default,130.99,113.66,138.02,NO_BASE_OR_GUARD_CHANGE,BLOCKED_UNTIL_CHANNELMAX_DEFAULT_CONTROL_PROVEN,,CHANNELMAX_DEFAULT_MODEL_OVERWRITE_RISK|PROMO_V4_NOT_OWNER_APPROVED|LIVE_COUPON_APPLICATION_EVIDENCE_MISSING
8,AY-AS5F-JEY9,B0H83MWTM7,120,297.99,258.57,297.99,281.91,258.57,297.99,OFFER,259.25,259.25,MATCHES_ACTIVE_SALE_NOT_REGULAR_DRIFT,SET_TO_TARGET,KEEP,KEEP,SALEPRICE_13,B,13,259.25,259.25,2026-07-14T00:00:00Z,2026-08-13T23:59:59Z,2026-07-20T00:00:00.000Z,2026-08-19T23:59:59.000Z,KEEP_LIVE_VALUE_WINDOW_CHANGE_ONLY_IF_V4_APPROVED,LIVE_DEFAULT_MODEL_OVERWRITE_RISK,,Default,259.25,281.91,342.31,WAVE_3_REGULAR_BASE,BLOCKED_UNTIL_CHANNELMAX_DEFAULT_CONTROL_PROVEN,AMAZON_REGULAR_ATTRIBUTE_MISMATCH,CHANNELMAX_DEFAULT_MODEL_OVERWRITE_RISK|PROMO_V4_NOT_OWNER_APPROVED|LIVE_SALEPRICE_WINDOW_DIFFERS_FROM_V4_PROPOSAL
9,AZ-ASMY-VEQ2,B0H788M8WM,30,85.99,74.75,85.99,112.27,74.75,85.99,NO_OFFER,,85.99,NO_OFFER,SET_TO_TARGET,KEEP,KEEP,COUPON_13,A,13,,74.81,,,,,VERIFY_OR_CREATE_ONLY_AFTER_V4_OWNER_APPROVAL,LIVE_DEFAULT_MODEL_OVERWRITE_RISK,,Default,0,88.94,112.27,WAVE_3_REGULAR_BASE,BLOCKED_UNTIL_CHANNELMAX_DEFAULT_CONTROL_PROVEN,AMAZON_REGULAR_ATTRIBUTE_MISMATCH,AMAZON_CONSUMER_OFFER_UNAVAILABLE|CHANNELMAX_DEFAULT_MODEL_OVERWRITE_RISK|PROMO_V4_NOT_OWNER_APPROVED|LIVE_COUPON_APPLICATION_EVIDENCE_MISSING
10,BD-AS8P-XAW5,B0H85MXFH8,24,76.99,66.95,76.99,70.88,66.95,76.99,OFFER,66.98,66.98,MATCHES_ACTIVE_SALE_NOT_REGULAR_DRIFT,SET_TO_TARGET,KEEP,KEEP,SALEPRICE_13,B,13,66.98,66.98,2026-07-14T00:00:00Z,2026-08-13T23:59:59Z,2026-07-20T00:00:00.000Z,2026-08-19T23:59:59.000Z,KEEP_LIVE_VALUE_WINDOW_CHANGE_ONLY_IF_V4_APPROVED,LIVE_DEFAULT_MODEL_OVERWRITE_RISK,,Default,66.98,70.88,86.08,CANARY_2_AMAZON_BASE_UNDER_ACTIVE_SALE,BLOCKED_UNTIL_CHANNELMAX_DEFAULT_CONTROL_PROVEN,AMAZON_REGULAR_ATTRIBUTE_MISMATCH,CHANNELMAX_DEFAULT_MODEL_OVERWRITE_RISK|PROMO_V4_NOT_OWNER_APPROVED|LIVE_SALEPRICE_WINDOW_DIFFERS_FROM_V4_PROPOSAL
11,BD-ASGH-LREJ,B0H86Z59DW,24,76.99,66.95,76.99,76.99,66.95,76.99,OFFER,76.99,76.99,MATCHES_REGULAR_AND_CURRENT_SEMANTICS,KEEP,KEEP,KEEP,COUPON_13,A,13,,66.98,,,,,VERIFY_OR_CREATE_ONLY_AFTER_V4_OWNER_APPROVAL,LIVE_DEFAULT_MODEL_OVERWRITE_RISK,,Default,76.99,64.38,78.18,NO_BASE_OR_GUARD_CHANGE,BLOCKED_UNTIL_CHANNELMAX_DEFAULT_CONTROL_PROVEN,,CHANNELMAX_DEFAULT_MODEL_OVERWRITE_RISK|PROMO_V4_NOT_OWNER_APPROVED|LIVE_COUPON_APPLICATION_EVIDENCE_MISSING
12,BH-AS7H-D4FV,B0H853MCYZ,24,76.99,66.95,76.99,76.99,66.95,76.99,OFFER,66.98,66.98,MATCHES_ACTIVE_SALE_NOT_REGULAR_DRIFT,KEEP,KEEP,KEEP,SALEPRICE_13,B,13,66.98,66.98,2026-07-14T00:00:00Z,2026-08-13T23:59:59Z,2026-07-20T00:00:00.000Z,2026-08-19T23:59:59.000Z,KEEP_LIVE_VALUE_WINDOW_CHANGE_ONLY_IF_V4_APPROVED,LIVE_DEFAULT_MODEL_OVERWRITE_RISK,,Default,66.98,64.38,78.18,NO_BASE_OR_GUARD_CHANGE,BLOCKED_UNTIL_CHANNELMAX_DEFAULT_CONTROL_PROVEN,,CHANNELMAX_DEFAULT_MODEL_OVERWRITE_RISK|PROMO_V4_NOT_OWNER_APPROVED|LIVE_SALEPRICE_WINDOW_DIFFERS_FROM_V4_PROPOSAL
13,BH-ASTN-S4XJ,B0H83ZRNCS,24,76.99,66.95,76.99,72.14,66.95,76.99,OFFER,72.14,76.99,MISMATCH_CURRENT_SEMANTICS,SET_TO_TARGET,KEEP,KEEP,COUPON_13,A,13,,66.98,,,,,VERIFY_OR_CREATE_ONLY_AFTER_V4_OWNER_APPROVAL,LIVE_DEFAULT_MODEL_OVERWRITE_RISK,,Default,72.14,70.88,86.08,WAVE_1_EFFECTIVE_CUSTOMER_PRICE,BLOCKED_UNTIL_CHANNELMAX_DEFAULT_CONTROL_PROVEN,AMAZON_REGULAR_ATTRIBUTE_MISMATCH|AMAZON_EFFECTIVE_CONSUMER_MISMATCH_CURRENT_SEMANTICS,CHANNELMAX_DEFAULT_MODEL_OVERWRITE_RISK|PROMO_V4_NOT_OWNER_APPROVED|LIVE_COUPON_APPLICATION_EVIDENCE_MISSING
14,BH-ASVY-CR8H,B0H83S368B,120,297.99,258.57,297.99,297.99,258.57,297.99,OFFER,297.99,297.99,MATCHES_REGULAR_AND_CURRENT_SEMANTICS,KEEP,KEEP,KEEP,COUPON_13,A,13,,259.25,,,,,VERIFY_OR_CREATE_ONLY_AFTER_V4_OWNER_APPROVAL,LIVE_DEFAULT_MODEL_OVERWRITE_RISK,,Default,297.99,284.4,345.34,NO_BASE_OR_GUARD_CHANGE,BLOCKED_UNTIL_CHANNELMAX_DEFAULT_CONTROL_PROVEN,,CHANNELMAX_DEFAULT_MODEL_OVERWRITE_RISK|PROMO_V4_NOT_OWNER_APPROVED|LIVE_COUPON_APPLICATION_EVIDENCE_MISSING
15,BK-AS5Z-8UY5,B0H85JF1V1,24,76.99,66.95,76.99,76.99,66.95,76.99,OFFER,76.99,76.99,MATCHES_REGULAR_AND_CURRENT_SEMANTICS,KEEP,KEEP,KEEP,COUPON_13,A,13,,66.98,,,,,VERIFY_OR_CREATE_ONLY_AFTER_V4_OWNER_APPROVAL,LIVE_DEFAULT_MODEL_OVERWRITE_RISK,,Default,76.99,64.14,77.88,NO_BASE_OR_GUARD_CHANGE,BLOCKED_UNTIL_CHANNELMAX_DEFAULT_CONTROL_PROVEN,,CHANNELMAX_DEFAULT_MODEL_OVERWRITE_RISK|PROMO_V4_NOT_OWNER_APPROVED|LIVE_COUPON_APPLICATION_EVIDENCE_MISSING
16,BM-AS5J-3MQY,B0H83LSCQQ,90,252.99,219.57,252.99,271.91,219.57,252.99,NO_OFFER,,252.99,NO_OFFER,SET_TO_TARGET,KEEP,KEEP,COUPON_13,A,13,,220.1,,,,,VERIFY_OR_CREATE_ONLY_AFTER_V4_OWNER_APPROVAL,LIVE_DEFAULT_MODEL_OVERWRITE_RISK,,Default,0,271.91,330.16,WAVE_3_REGULAR_BASE,BLOCKED_UNTIL_CHANNELMAX_DEFAULT_CONTROL_PROVEN,AMAZON_REGULAR_ATTRIBUTE_MISMATCH,AMAZON_CONSUMER_OFFER_UNAVAILABLE|CHANNELMAX_DEFAULT_MODEL_OVERWRITE_RISK|PROMO_V4_NOT_OWNER_APPROVED|LIVE_COUPON_APPLICATION_EVIDENCE_MISSING
17,BQ-ASUE-NT37,B0H842HL49,24,76.99,66.95,76.99,70.88,66.95,76.99,OFFER,66.98,66.98,MATCHES_ACTIVE_SALE_NOT_REGULAR_DRIFT,SET_TO_TARGET,KEEP,KEEP,SALEPRICE_13,B,13,66.98,66.98,2026-07-14T00:00:00Z,2026-08-13T23:59:59Z,2026-07-20T00:00:00.000Z,2026-08-19T23:59:59.000Z,KEEP_LIVE_VALUE_WINDOW_CHANGE_ONLY_IF_V4_APPROVED,LIVE_DEFAULT_MODEL_OVERWRITE_RISK,,Default,66.98,70.88,86.08,WAVE_3_REGULAR_BASE,BLOCKED_UNTIL_CHANNELMAX_DEFAULT_CONTROL_PROVEN,AMAZON_REGULAR_ATTRIBUTE_MISMATCH,CHANNELMAX_DEFAULT_MODEL_OVERWRITE_RISK|PROMO_V4_NOT_OWNER_APPROVED|LIVE_SALEPRICE_WINDOW_DIFFERS_FROM_V4_PROPOSAL
18,BX-AS5P-6WQV,B0H83NM5PX,120,297.99,258.57,297.99,366.91,258.57,297.99,NO_OFFER,,297.99,NO_OFFER,SET_TO_TARGET,KEEP,KEEP,COUPON_13,A,13,,259.25,,,,,VERIFY_OR_CREATE_ONLY_AFTER_V4_OWNER_APPROVAL,LIVE_DEFAULT_MODEL_OVERWRITE_RISK,,Default,0,366.91,445.53,WAVE_3_REGULAR_BASE,BLOCKED_UNTIL_CHANNELMAX_DEFAULT_CONTROL_PROVEN,AMAZON_REGULAR_ATTRIBUTE_MISMATCH,AMAZON_CONSUMER_OFFER_UNAVAILABLE|CHANNELMAX_DEFAULT_MODEL_OVERWRITE_RISK|PROMO_V4_NOT_OWNER_APPROVED|LIVE_COUPON_APPLICATION_EVIDENCE_MISSING
19,BY-ASY2-8UJJ,B0H83789KC,30,85.99,74.75,85.99,85.99,74.75,85.99,OFFER,85.99,85.99,MATCHES_REGULAR_AND_CURRENT_SEMANTICS,KEEP,KEEP,KEEP,COUPON_13,A,13,,74.81,,,,,VERIFY_OR_CREATE_ONLY_AFTER_V4_OWNER_APPROVAL,LIVE_DEFAULT_MODEL_OVERWRITE_RISK,,Default,85.99,76.26,92.6,NO_BASE_OR_GUARD_CHANGE,BLOCKED_UNTIL_CHANNELMAX_DEFAULT_CONTROL_PROVEN,,CHANNELMAX_DEFAULT_MODEL_OVERWRITE_RISK|PROMO_V4_NOT_OWNER_APPROVED|LIVE_COUPON_APPLICATION_EVIDENCE_MISSING
20,CE-ASGK-ZRHM,B0H84651LM,24,76.99,66.95,76.99,79.39,66.95,76.99,NO_OFFER,,66.98,NO_OFFER,SET_TO_TARGET,KEEP,KEEP,SALEPRICE_13,B,13,66.98,66.98,2026-07-14T00:00:00Z,2026-08-13T23:59:59Z,2026-07-20T00:00:00.000Z,2026-08-19T23:59:59.000Z,KEEP_LIVE_VALUE_WINDOW_CHANGE_ONLY_IF_V4_APPROVED,LIVE_DEFAULT_MODEL_OVERWRITE_RISK,,Default,0,79.39,96.39,WAVE_3_REGULAR_BASE,BLOCKED_UNTIL_CHANNELMAX_DEFAULT_CONTROL_PROVEN,AMAZON_REGULAR_ATTRIBUTE_MISMATCH,AMAZON_CONSUMER_OFFER_UNAVAILABLE|CHANNELMAX_DEFAULT_MODEL_OVERWRITE_RISK|PROMO_V4_NOT_OWNER_APPROVED|LIVE_SALEPRICE_WINDOW_DIFFERS_FROM_V4_PROPOSAL
21,CK-ASUM-WT9W,B0H86PRTWS,24,76.99,66.95,76.99,76.99,66.95,76.99,OFFER,76.99,76.99,MATCHES_REGULAR_AND_CURRENT_SEMANTICS,KEEP,KEEP,KEEP,COUPON_13,A,13,,66.98,,,,,VERIFY_OR_CREATE_ONLY_AFTER_V4_OWNER_APPROVAL,LIVE_DEFAULT_MODEL_OVERWRITE_RISK,,Default,76.99,72.88,88.51,NO_BASE_OR_GUARD_CHANGE,BLOCKED_UNTIL_CHANNELMAX_DEFAULT_CONTROL_PROVEN,,CHANNELMAX_DEFAULT_MODEL_OVERWRITE_RISK|PROMO_V4_NOT_OWNER_APPROVED|LIVE_COUPON_APPLICATION_EVIDENCE_MISSING
22,CN-ASG6-892G,B0H8422DQ1,120,297.99,258.57,297.99,284.4,258.57,297.99,OFFER,259.25,259.25,MATCHES_ACTIVE_SALE_NOT_REGULAR_DRIFT,SET_TO_TARGET,KEEP,KEEP,SALEPRICE_13,B,13,259.25,259.25,2026-07-14T00:00:00Z,2026-08-13T23:59:59Z,2026-07-20T00:00:00.000Z,2026-08-19T23:59:59.000Z,KEEP_LIVE_VALUE_WINDOW_CHANGE_ONLY_IF_V4_APPROVED,LIVE_DEFAULT_MODEL_OVERWRITE_RISK,,Default,259.25,284.4,345.34,WAVE_3_REGULAR_BASE,BLOCKED_UNTIL_CHANNELMAX_DEFAULT_CONTROL_PROVEN,AMAZON_REGULAR_ATTRIBUTE_MISMATCH,CHANNELMAX_DEFAULT_MODEL_OVERWRITE_RISK|PROMO_V4_NOT_OWNER_APPROVED|LIVE_SALEPRICE_WINDOW_DIFFERS_FROM_V4_PROPOSAL
23,DA-ASF0-D7RG,B0H83VBTLT,90,252.99,219.57,252.99,221.27,219.57,252.99,OFFER,220.1,220.1,MATCHES_ACTIVE_SALE_NOT_REGULAR_DRIFT,SET_TO_TARGET,KEEP,KEEP,SALEPRICE_13,B,13,220.1,220.1,2026-07-14T00:00:00Z,2026-08-13T23:59:59Z,2026-07-20T00:00:00.000Z,2026-08-19T23:59:59.000Z,KEEP_LIVE_VALUE_WINDOW_CHANGE_ONLY_IF_V4_APPROVED,LIVE_DEFAULT_MODEL_OVERWRITE_RISK,,Default,220.1,221.27,268.69,WAVE_3_REGULAR_BASE,BLOCKED_UNTIL_CHANNELMAX_DEFAULT_CONTROL_PROVEN,AMAZON_REGULAR_ATTRIBUTE_MISMATCH,CHANNELMAX_DEFAULT_MODEL_OVERWRITE_RISK|PROMO_V4_NOT_OWNER_APPROVED|LIVE_SALEPRICE_WINDOW_DIFFERS_FROM_V4_PROPOSAL
24,DF-ASQT-BLUQ,B0H83FKSN6,45,130.99,114.27,130.99,114.59,114.27,130.99,OFFER,114.27,114.27,MATCHES_ACTIVE_SALE_NOT_REGULAR_DRIFT,SET_TO_TARGET,KEEP,KEEP,SALEPRICE_12,B,12,114.27,115.27,2026-07-14T00:00:00Z,2026-08-13T23:59:59Z,2026-07-20T00:00:00.000Z,2026-08-19T23:59:59.000Z,REVISE_VALUE_AND_WINDOW_ONLY_AFTER_V4_OWNER_APPROVAL,LIVE_DEFAULT_MODEL_OVERWRITE_RISK,,Default,114.27,114.59,139.15,WAVE_3_REGULAR_BASE,BLOCKED_UNTIL_CHANNELMAX_DEFAULT_CONTROL_PROVEN,AMAZON_REGULAR_ATTRIBUTE_MISMATCH,CHANNELMAX_DEFAULT_MODEL_OVERWRITE_RISK|PROMO_V4_NOT_OWNER_APPROVED|LIVE_SALEPRICE_VALUE_DIFFERS_FROM_V4_PROPOSAL|LIVE_SALEPRICE_WINDOW_DIFFERS_FROM_V4_PROPOSAL
25,DP-ASQ6-ZPZU,B0H83Y8JH7,24,76.99,66.95,76.99,76.99,68.29,79.08,OFFER,76.99,76.99,MATCHES_REGULAR_AND_CURRENT_SEMANTICS,KEEP,SET_TO_TARGET,SET_TO_TARGET,COUPON_13,A,13,,66.98,,,,,VERIFY_OR_CREATE_ONLY_AFTER_V4_OWNER_APPROVAL,LIVE_DEFAULT_MODEL_OVERWRITE_RISK,,Default,76.99,71.64,86.99,WAVE_2_GUARDRAILS_AND_OVERLAPPING_BASE,BLOCKED_UNTIL_CHANNELMAX_DEFAULT_CONTROL_PROVEN,AMAZON_MIN_GUARD_MISMATCH|AMAZON_MAX_GUARD_MISMATCH,CHANNELMAX_DEFAULT_MODEL_OVERWRITE_RISK|PROMO_V4_NOT_OWNER_APPROVED|LIVE_COUPON_APPLICATION_EVIDENCE_MISSING
26,DY-AS8W-6MJG,B0H82MKPRJ,45,130.99,114.27,130.99,145.54,114.27,130.99,NO_OFFER,,130.99,NO_OFFER,SET_TO_TARGET,KEEP,KEEP,COUPON_12,A,12,,115.27,,,,,VERIFY_OR_CREATE_ONLY_AFTER_V4_OWNER_APPROVAL,LIVE_DEFAULT_MODEL_OVERWRITE_RISK,,Default,0,145.54,176.73,WAVE_3_REGULAR_BASE,BLOCKED_UNTIL_CHANNELMAX_DEFAULT_CONTROL_PROVEN,AMAZON_REGULAR_ATTRIBUTE_MISMATCH,AMAZON_CONSUMER_OFFER_UNAVAILABLE|CHANNELMAX_DEFAULT_MODEL_OVERWRITE_RISK|PROMO_V4_NOT_OWNER_APPROVED|LIVE_COUPON_APPLICATION_EVIDENCE_MISSING
27,EF-AS4A-JCLU,B0H83XB855,24,76.99,66.95,76.99,71.14,67.81,78.53,NO_OFFER,,66.98,NO_OFFER,SET_TO_TARGET,SET_TO_TARGET,SET_TO_TARGET,SALEPRICE_13,B,13,66.98,66.98,2026-07-14T00:00:00Z,2026-08-13T23:59:59Z,2026-07-20T00:00:00.000Z,2026-08-19T23:59:59.000Z,KEEP_LIVE_VALUE_WINDOW_CHANGE_ONLY_IF_V4_APPROVED,LIVE_DEFAULT_MODEL_OVERWRITE_RISK,,Default,0,71.14,86.38,WAVE_2_GUARDRAILS_AND_OVERLAPPING_BASE,BLOCKED_UNTIL_CHANNELMAX_DEFAULT_CONTROL_PROVEN,AMAZON_REGULAR_ATTRIBUTE_MISMATCH|AMAZON_MIN_GUARD_MISMATCH|AMAZON_MAX_GUARD_MISMATCH,AMAZON_CONSUMER_OFFER_UNAVAILABLE|CHANNELMAX_DEFAULT_MODEL_OVERWRITE_RISK|PROMO_V4_NOT_OWNER_APPROVED|LIVE_SALEPRICE_WINDOW_DIFFERS_FROM_V4_PROPOSAL
28,EJ-ASCD-8K87,B0H82PXWKS,90,252.99,219.57,252.99,223.14,219.57,252.99,OFFER,220.1,220.1,MATCHES_ACTIVE_SALE_NOT_REGULAR_DRIFT,SET_TO_TARGET,KEEP,KEEP,SALEPRICE_13,B,13,220.1,220.1,2026-07-14T00:00:00Z,2026-08-13T23:59:59Z,2026-07-20T00:00:00.000Z,2026-08-19T23:59:59.000Z,KEEP_LIVE_VALUE_WINDOW_CHANGE_ONLY_IF_V4_APPROVED,LIVE_DEFAULT_MODEL_OVERWRITE_RISK,,Default,220.1,223.14,270.96,WAVE_3_REGULAR_BASE,BLOCKED_UNTIL_CHANNELMAX_DEFAULT_CONTROL_PROVEN,AMAZON_REGULAR_ATTRIBUTE_MISMATCH,CHANNELMAX_DEFAULT_MODEL_OVERWRITE_RISK|PROMO_V4_NOT_OWNER_APPROVED|LIVE_SALEPRICE_WINDOW_DIFFERS_FROM_V4_PROPOSAL
29,ER-ASRK-TPYQ,B0H84JH1WN,24,76.99,66.95,76.99,76.99,66.95,76.99,OFFER,76.99,76.99,MATCHES_REGULAR_AND_CURRENT_SEMANTICS,KEEP,KEEP,KEEP,COUPON_13,A,13,,66.98,,,,,VERIFY_OR_CREATE_ONLY_AFTER_V4_OWNER_APPROVAL,LIVE_DEFAULT_MODEL_OVERWRITE_RISK,,Default,76.99,72.88,88.51,NO_BASE_OR_GUARD_CHANGE,BLOCKED_UNTIL_CHANNELMAX_DEFAULT_CONTROL_PROVEN,,CHANNELMAX_DEFAULT_MODEL_OVERWRITE_RISK|PROMO_V4_NOT_OWNER_APPROVED|LIVE_COUPON_APPLICATION_EVIDENCE_MISSING
30,ES-AS8A-3W3M,B0H83D8TFQ,30,85.99,74.75,85.99,85.99,74.75,85.99,OFFER,85.99,85.99,MATCHES_REGULAR_AND_CURRENT_SEMANTICS,KEEP,KEEP,KEEP,COUPON_13,A,13,,74.81,,,,,VERIFY_OR_CREATE_ONLY_AFTER_V4_OWNER_APPROVAL,LIVE_DEFAULT_MODEL_OVERWRITE_RISK,,Default,85.99,76.88,93.36,NO_BASE_OR_GUARD_CHANGE,BLOCKED_UNTIL_CHANNELMAX_DEFAULT_CONTROL_PROVEN,,CHANNELMAX_DEFAULT_MODEL_OVERWRITE_RISK|PROMO_V4_NOT_OWNER_APPROVED|LIVE_COUPON_APPLICATION_EVIDENCE_MISSING
31,EW-ASJ9-E79N,B0H82MT74H,30,85.99,74.75,85.99,76.88,74.75,85.99,OFFER,74.81,74.81,MATCHES_ACTIVE_SALE_NOT_REGULAR_DRIFT,SET_TO_TARGET,KEEP,KEEP,SALEPRICE_13,B,13,74.81,74.81,2026-07-14T00:00:00Z,2026-08-13T23:59:59Z,2026-07-20T00:00:00.000Z,2026-08-19T23:59:59.000Z,KEEP_LIVE_VALUE_WINDOW_CHANGE_ONLY_IF_V4_APPROVED,LIVE_DEFAULT_MODEL_OVERWRITE_RISK,,Default,74.81,76.88,93.36,WAVE_3_REGULAR_BASE,BLOCKED_UNTIL_CHANNELMAX_DEFAULT_CONTROL_PROVEN,AMAZON_REGULAR_ATTRIBUTE_MISMATCH,CHANNELMAX_DEFAULT_MODEL_OVERWRITE_RISK|PROMO_V4_NOT_OWNER_APPROVED|LIVE_SALEPRICE_WINDOW_DIFFERS_FROM_V4_PROPOSAL
32,EW-ASWP-PMZX,B0H891WSZ9,30,85.99,74.75,85.99,76.26,74.75,85.99,OFFER,74.81,74.81,MATCHES_ACTIVE_SALE_NOT_REGULAR_DRIFT,SET_TO_TARGET,KEEP,KEEP,SALEPRICE_13,B,13,74.81,74.81,2026-07-14T00:00:00Z,2026-08-13T23:59:59Z,2026-07-20T00:00:00.000Z,2026-08-19T23:59:59.000Z,KEEP_LIVE_VALUE_WINDOW_CHANGE_ONLY_IF_V4_APPROVED,LIVE_DEFAULT_MODEL_OVERWRITE_RISK,,Default,74.81,76.26,92.6,WAVE_3_REGULAR_BASE,BLOCKED_UNTIL_CHANNELMAX_DEFAULT_CONTROL_PROVEN,AMAZON_REGULAR_ATTRIBUTE_MISMATCH,CHANNELMAX_DEFAULT_MODEL_OVERWRITE_RISK|PROMO_V4_NOT_OWNER_APPROVED|LIVE_SALEPRICE_WINDOW_DIFFERS_FROM_V4_PROPOSAL
33,EX-ASC0-5CRL,B0H83JJW1F,120,297.99,258.57,297.99,349.41,258.57,297.99,NO_OFFER,,259.25,NO_OFFER,SET_TO_TARGET,KEEP,KEEP,SALEPRICE_13,B,13,259.25,259.25,2026-07-14T00:00:00Z,2026-08-13T23:59:59Z,2026-07-20T00:00:00.000Z,2026-08-19T23:59:59.000Z,KEEP_LIVE_VALUE_WINDOW_CHANGE_ONLY_IF_V4_APPROVED,LIVE_DEFAULT_MODEL_OVERWRITE_RISK,,Default,0,349.41,424.28,WAVE_3_REGULAR_BASE,BLOCKED_UNTIL_CHANNELMAX_DEFAULT_CONTROL_PROVEN,AMAZON_REGULAR_ATTRIBUTE_MISMATCH,AMAZON_CONSUMER_OFFER_UNAVAILABLE|CHANNELMAX_DEFAULT_MODEL_OVERWRITE_RISK|PROMO_V4_NOT_OWNER_APPROVED|LIVE_SALEPRICE_WINDOW_DIFFERS_FROM_V4_PROPOSAL
34,EZ-ASLA-Y7MZ,B0H83GBJLW,90,252.99,219.57,252.99,252.99,219.57,252.99,OFFER,252.99,252.99,MATCHES_REGULAR_AND_CURRENT_SEMANTICS,KEEP,KEEP,KEEP,COUPON_13,A,13,,220.1,,,,,VERIFY_OR_CREATE_ONLY_AFTER_V4_OWNER_APPROVAL,LIVE_DEFAULT_MODEL_OVERWRITE_RISK,,Default,252.99,221.27,268.69,NO_BASE_OR_GUARD_CHANGE,BLOCKED_UNTIL_CHANNELMAX_DEFAULT_CONTROL_PROVEN,,CHANNELMAX_DEFAULT_MODEL_OVERWRITE_RISK|PROMO_V4_NOT_OWNER_APPROVED|LIVE_COUPON_APPLICATION_EVIDENCE_MISSING
35,FK-AS6B-6G25,B0H8259J9G,24,76.99,66.95,76.99,76.99,66.95,76.99,OFFER,76.99,76.99,MATCHES_REGULAR_AND_CURRENT_SEMANTICS,KEEP,KEEP,KEEP,COUPON_13,A,13,,66.98,,,,,VERIFY_OR_CREATE_ONLY_AFTER_V4_OWNER_APPROVAL,LIVE_DEFAULT_MODEL_OVERWRITE_RISK,,Default,76.99,64.14,77.88,NO_BASE_OR_GUARD_CHANGE,BLOCKED_UNTIL_CHANNELMAX_DEFAULT_CONTROL_PROVEN,,CHANNELMAX_DEFAULT_MODEL_OVERWRITE_RISK|PROMO_V4_NOT_OWNER_APPROVED|LIVE_COUPON_APPLICATION_EVIDENCE_MISSING
36,FM-AS51-S4MT,B0H853VHRF,24,76.99,66.95,76.99,76.99,66.95,76.99,OFFER,66.98,66.98,MATCHES_ACTIVE_SALE_NOT_REGULAR_DRIFT,KEEP,KEEP,KEEP,SALEPRICE_13,B,13,66.98,66.98,2026-07-14T00:00:00Z,2026-08-13T23:59:59Z,2026-07-20T00:00:00.000Z,2026-08-19T23:59:59.000Z,KEEP_LIVE_VALUE_WINDOW_CHANGE_ONLY_IF_V4_APPROVED,LIVE_DEFAULT_MODEL_OVERWRITE_RISK,,Default,66.98,64.38,78.18,NO_BASE_OR_GUARD_CHANGE,BLOCKED_UNTIL_CHANNELMAX_DEFAULT_CONTROL_PROVEN,,CHANNELMAX_DEFAULT_MODEL_OVERWRITE_RISK|PROMO_V4_NOT_OWNER_APPROVED|LIVE_SALEPRICE_WINDOW_DIFFERS_FROM_V4_PROPOSAL
37,FN-ASVM-UWAG,B0H85J88LJ,24,76.99,66.95,76.99,76.99,66.95,76.99,OFFER,66.98,66.98,MATCHES_ACTIVE_SALE_NOT_REGULAR_DRIFT,KEEP,KEEP,KEEP,SALEPRICE_13,B,13,66.98,66.98,2026-07-14T00:00:00Z,2026-08-13T23:59:59Z,2026-07-20T00:00:00.000Z,2026-08-19T23:59:59.000Z,KEEP_LIVE_VALUE_WINDOW_CHANGE_ONLY_IF_V4_APPROVED,LIVE_DEFAULT_MODEL_OVERWRITE_RISK,,Default,66.98,64.89,78.79,NO_BASE_OR_GUARD_CHANGE,BLOCKED_UNTIL_CHANNELMAX_DEFAULT_CONTROL_PROVEN,,CHANNELMAX_DEFAULT_MODEL_OVERWRITE_RISK|PROMO_V4_NOT_OWNER_APPROVED|LIVE_SALEPRICE_WINDOW_DIFFERS_FROM_V4_PROPOSAL
38,FR-AS6X-5KJY,B0H827V9DJ,24,76.99,66.95,76.99,76.99,66.95,76.99,OFFER,76.99,76.99,MATCHES_REGULAR_AND_CURRENT_SEMANTICS,KEEP,KEEP,KEEP,COUPON_13,A,13,,66.98,,,,,VERIFY_OR_CREATE_ONLY_AFTER_V4_OWNER_APPROVAL,LIVE_DEFAULT_MODEL_OVERWRITE_RISK,,Default,76.99,64.64,78.48,NO_BASE_OR_GUARD_CHANGE,BLOCKED_UNTIL_CHANNELMAX_DEFAULT_CONTROL_PROVEN,,CHANNELMAX_DEFAULT_MODEL_OVERWRITE_RISK|PROMO_V4_NOT_OWNER_APPROVED|LIVE_COUPON_APPLICATION_EVIDENCE_MISSING
39,FV-AS47-EJZW,B0H82SZSYJ,45,130.99,114.27,130.99,130.99,114.27,130.99,OFFER,114.27,114.27,MATCHES_ACTIVE_SALE_NOT_REGULAR_DRIFT,KEEP,KEEP,KEEP,SALEPRICE_12,B,12,114.27,115.27,2026-07-14T00:00:00Z,2026-08-13T23:59:59Z,2026-07-20T00:00:00.000Z,2026-08-19T23:59:59.000Z,REVISE_VALUE_AND_WINDOW_ONLY_AFTER_V4_OWNER_APPROVAL,LIVE_DEFAULT_MODEL_OVERWRITE_RISK,,Default,114.27,113.66,138.02,NO_BASE_OR_GUARD_CHANGE,BLOCKED_UNTIL_CHANNELMAX_DEFAULT_CONTROL_PROVEN,,CHANNELMAX_DEFAULT_MODEL_OVERWRITE_RISK|PROMO_V4_NOT_OWNER_APPROVED|LIVE_SALEPRICE_VALUE_DIFFERS_FROM_V4_PROPOSAL|LIVE_SALEPRICE_WINDOW_DIFFERS_FROM_V4_PROPOSAL
40,FX-AS2W-KHZT,B0H827J2XZ,24,76.99,66.95,76.99,76.99,74.05,85.7,NO_OFFER,,66.98,NO_OFFER,KEEP,SET_TO_TARGET,SET_TO_TARGET,SALEPRICE_13,B,13,66.98,66.98,2026-07-14T00:00:00Z,2026-08-13T23:59:59Z,2026-07-20T00:00:00.000Z,2026-08-19T23:59:59.000Z,KEEP_LIVE_VALUE_WINDOW_CHANGE_ONLY_IF_V4_APPROVED,LIVE_DEFAULT_MODEL_OVERWRITE_RISK,,Default,0,77.64,94.27,WAVE_2_GUARDRAILS_AND_OVERLAPPING_BASE,BLOCKED_UNTIL_CHANNELMAX_DEFAULT_CONTROL_PROVEN,AMAZON_MIN_GUARD_MISMATCH|AMAZON_MAX_GUARD_MISMATCH,AMAZON_CONSUMER_OFFER_UNAVAILABLE|CHANNELMAX_DEFAULT_MODEL_OVERWRITE_RISK|PROMO_V4_NOT_OWNER_APPROVED|LIVE_SALEPRICE_WINDOW_DIFFERS_FROM_V4_PROPOSAL
41,GG-ASNC-C9WA,B0H8219Z7T,30,85.99,74.75,85.99,76.88,74.75,85.99,OFFER,74.81,74.81,MATCHES_ACTIVE_SALE_NOT_REGULAR_DRIFT,SET_TO_TARGET,KEEP,KEEP,SALEPRICE_13,B,13,74.81,74.81,2026-07-14T00:00:00Z,2026-08-13T23:59:59Z,2026-07-20T00:00:00.000Z,2026-08-19T23:59:59.000Z,KEEP_LIVE_VALUE_WINDOW_CHANGE_ONLY_IF_V4_APPROVED,LIVE_DEFAULT_MODEL_OVERWRITE_RISK,,Default,74.81,76.88,93.36,WAVE_3_REGULAR_BASE,BLOCKED_UNTIL_CHANNELMAX_DEFAULT_CONTROL_PROVEN,AMAZON_REGULAR_ATTRIBUTE_MISMATCH,CHANNELMAX_DEFAULT_MODEL_OVERWRITE_RISK|PROMO_V4_NOT_OWNER_APPROVED|LIVE_SALEPRICE_WINDOW_DIFFERS_FROM_V4_PROPOSAL
42,GR-AS0R-YPCF,B0H82GJ292,30,85.99,74.75,85.99,78.13,74.75,85.99,OFFER,74.81,74.81,MATCHES_ACTIVE_SALE_NOT_REGULAR_DRIFT,SET_TO_TARGET,KEEP,KEEP,SALEPRICE_13,B,13,74.81,74.81,2026-07-14T00:00:00Z,2026-08-13T23:59:59Z,2026-07-20T00:00:00.000Z,2026-08-19T23:59:59.000Z,KEEP_LIVE_VALUE_WINDOW_CHANGE_ONLY_IF_V4_APPROVED,LIVE_DEFAULT_MODEL_OVERWRITE_RISK,,Default,74.81,78.13,94.88,WAVE_3_REGULAR_BASE,BLOCKED_UNTIL_CHANNELMAX_DEFAULT_CONTROL_PROVEN,AMAZON_REGULAR_ATTRIBUTE_MISMATCH,CHANNELMAX_DEFAULT_MODEL_OVERWRITE_RISK|PROMO_V4_NOT_OWNER_APPROVED|LIVE_SALEPRICE_WINDOW_DIFFERS_FROM_V4_PROPOSAL
43,GR-AS1P-DBB2,B0H82S7TFG,24,76.99,66.95,76.99,76.99,66.95,76.99,OFFER,66.98,66.98,MATCHES_ACTIVE_SALE_NOT_REGULAR_DRIFT,KEEP,KEEP,KEEP,SALEPRICE_13,B,13,66.98,66.98,2026-07-14T00:00:00Z,2026-08-13T23:59:59Z,2026-07-20T00:00:00.000Z,2026-08-19T23:59:59.000Z,KEEP_LIVE_VALUE_WINDOW_CHANGE_ONLY_IF_V4_APPROVED,LIVE_DEFAULT_MODEL_OVERWRITE_RISK,,Default,66.98,64.14,77.88,NO_BASE_OR_GUARD_CHANGE,BLOCKED_UNTIL_CHANNELMAX_DEFAULT_CONTROL_PROVEN,,CHANNELMAX_DEFAULT_MODEL_OVERWRITE_RISK|PROMO_V4_NOT_OWNER_APPROVED|LIVE_SALEPRICE_WINDOW_DIFFERS_FROM_V4_PROPOSAL
44,GU-ASQ1-S7M6,B0H828GQLP,30,85.99,74.75,85.99,85.99,74.75,85.99,OFFER,85.99,85.99,MATCHES_REGULAR_AND_CURRENT_SEMANTICS,KEEP,KEEP,KEEP,COUPON_13,A,13,,74.81,,,,,VERIFY_OR_CREATE_ONLY_AFTER_V4_OWNER_APPROVAL,LIVE_DEFAULT_MODEL_OVERWRITE_RISK,,Default,85.99,76.88,93.36,NO_BASE_OR_GUARD_CHANGE,BLOCKED_UNTIL_CHANNELMAX_DEFAULT_CONTROL_PROVEN,,CHANNELMAX_DEFAULT_MODEL_OVERWRITE_RISK|PROMO_V4_NOT_OWNER_APPROVED|LIVE_COUPON_APPLICATION_EVIDENCE_MISSING
45,GX-ASTJ-WHV3,B0H83XV9WX,24,76.99,66.95,76.99,76.99,74.05,85.7,NO_OFFER,,66.98,NO_OFFER,KEEP,SET_TO_TARGET,SET_TO_TARGET,SALEPRICE_13,B,13,66.98,66.98,2026-07-14T00:00:00Z,2026-08-13T23:59:59Z,2026-07-20T00:00:00.000Z,2026-08-19T23:59:59.000Z,KEEP_LIVE_VALUE_WINDOW_CHANGE_ONLY_IF_V4_APPROVED,LIVE_DEFAULT_MODEL_OVERWRITE_RISK,,Default,0,77.64,94.27,WAVE_2_GUARDRAILS_AND_OVERLAPPING_BASE,BLOCKED_UNTIL_CHANNELMAX_DEFAULT_CONTROL_PROVEN,AMAZON_MIN_GUARD_MISMATCH|AMAZON_MAX_GUARD_MISMATCH,AMAZON_CONSUMER_OFFER_UNAVAILABLE|CHANNELMAX_DEFAULT_MODEL_OVERWRITE_RISK|PROMO_V4_NOT_OWNER_APPROVED|LIVE_SALEPRICE_WINDOW_DIFFERS_FROM_V4_PROPOSAL
46,HA-ASCR-ME3A,B0H85V287S,24,76.99,66.95,76.99,86.38,66.95,76.99,NO_OFFER,,76.99,NO_OFFER,SET_TO_TARGET,KEEP,KEEP,COUPON_13,A,13,,66.98,,,,,VERIFY_OR_CREATE_ONLY_AFTER_V4_OWNER_APPROVAL,LIVE_DEFAULT_MODEL_OVERWRITE_RISK,,Default,0,71.14,86.38,WAVE_3_REGULAR_BASE,BLOCKED_UNTIL_CHANNELMAX_DEFAULT_CONTROL_PROVEN,AMAZON_REGULAR_ATTRIBUTE_MISMATCH,AMAZON_CONSUMER_OFFER_UNAVAILABLE|CHANNELMAX_DEFAULT_MODEL_OVERWRITE_RISK|PROMO_V4_NOT_OWNER_APPROVED|LIVE_COUPON_APPLICATION_EVIDENCE_MISSING
47,HD-ASEQ-MFAY,B0H83QW85C,90,252.99,219.57,252.99,271.91,219.57,252.99,NO_OFFER,,220.1,NO_OFFER,SET_TO_TARGET,KEEP,KEEP,SALEPRICE_13,B,13,220.1,220.1,2026-07-14T00:00:00Z,2026-08-13T23:59:59Z,2026-07-20T00:00:00.000Z,2026-08-19T23:59:59.000Z,KEEP_LIVE_VALUE_WINDOW_CHANGE_ONLY_IF_V4_APPROVED,LIVE_DEFAULT_MODEL_OVERWRITE_RISK,,Default,0,271.91,330.16,WAVE_3_REGULAR_BASE,BLOCKED_UNTIL_CHANNELMAX_DEFAULT_CONTROL_PROVEN,AMAZON_REGULAR_ATTRIBUTE_MISMATCH,AMAZON_CONSUMER_OFFER_UNAVAILABLE|CHANNELMAX_DEFAULT_MODEL_OVERWRITE_RISK|PROMO_V4_NOT_OWNER_APPROVED|LIVE_SALEPRICE_WINDOW_DIFFERS_FROM_V4_PROPOSAL
48,HR-AS7Q-7ZDF,B0H856RRRK,24,76.99,66.95,76.99,76.99,66.95,76.99,OFFER,76.99,76.99,MATCHES_REGULAR_AND_CURRENT_SEMANTICS,KEEP,KEEP,KEEP,COUPON_13,A,13,,66.98,,,,,VERIFY_OR_CREATE_ONLY_AFTER_V4_OWNER_APPROVAL,LIVE_DEFAULT_MODEL_OVERWRITE_RISK,,Default,76.99,65.13,79.09,NO_BASE_OR_GUARD_CHANGE,BLOCKED_UNTIL_CHANNELMAX_DEFAULT_CONTROL_PROVEN,,CHANNELMAX_DEFAULT_MODEL_OVERWRITE_RISK|PROMO_V4_NOT_OWNER_APPROVED|LIVE_COUPON_APPLICATION_EVIDENCE_MISSING
49,HU-ASMI-DN3X,B0H82YMT6K,30,85.99,74.75,85.99,97.51,74.75,85.99,NO_OFFER,,74.81,NO_OFFER,SET_TO_TARGET,KEEP,KEEP,SALEPRICE_13,B,13,74.81,74.81,2026-07-14T00:00:00Z,2026-08-13T23:59:59Z,2026-07-20T00:00:00.000Z,2026-08-19T23:59:59.000Z,KEEP_LIVE_VALUE_WINDOW_CHANGE_ONLY_IF_V4_APPROVED,LIVE_DEFAULT_MODEL_OVERWRITE_RISK,,Default,0,97.51,118.4,WAVE_3_REGULAR_BASE,BLOCKED_UNTIL_CHANNELMAX_DEFAULT_CONTROL_PROVEN,AMAZON_REGULAR_ATTRIBUTE_MISMATCH,AMAZON_CONSUMER_OFFER_UNAVAILABLE|CHANNELMAX_DEFAULT_MODEL_OVERWRITE_RISK|PROMO_V4_NOT_OWNER_APPROVED|LIVE_SALEPRICE_WINDOW_DIFFERS_FROM_V4_PROPOSAL
50,HX-ASO8-XCL2,B0H832SD15,45,130.99,114.27,130.99,130.99,114.27,130.99,OFFER,130.99,130.99,MATCHES_REGULAR_AND_CURRENT_SEMANTICS,KEEP,KEEP,KEEP,COUPON_12,A,12,,115.27,,,,,VERIFY_OR_CREATE_ONLY_AFTER_V4_OWNER_APPROVAL,LIVE_DEFAULT_MODEL_OVERWRITE_RISK,,Default,130.99,113.66,138.02,NO_BASE_OR_GUARD_CHANGE,BLOCKED_UNTIL_CHANNELMAX_DEFAULT_CONTROL_PROVEN,,CHANNELMAX_DEFAULT_MODEL_OVERWRITE_RISK|PROMO_V4_NOT_OWNER_APPROVED|LIVE_COUPON_APPLICATION_EVIDENCE_MISSING
51,HZ-ASPS-4L22,B0H857K38C,24,76.99,66.95,76.99,76.99,66.95,76.99,OFFER,76.99,76.99,MATCHES_REGULAR_AND_CURRENT_SEMANTICS,KEEP,KEEP,KEEP,COUPON_13,A,13,,66.98,,,,,VERIFY_OR_CREATE_ONLY_AFTER_V4_OWNER_APPROVAL,LIVE_DEFAULT_MODEL_OVERWRITE_RISK,,Default,76.99,72.64,88.2,NO_BASE_OR_GUARD_CHANGE,BLOCKED_UNTIL_CHANNELMAX_DEFAULT_CONTROL_PROVEN,,CHANNELMAX_DEFAULT_MODEL_OVERWRITE_RISK|PROMO_V4_NOT_OWNER_APPROVED|LIVE_COUPON_APPLICATION_EVIDENCE_MISSING
52,JC-ASM4-XXW7,B0H84ZL156,24,76.99,66.95,76.99,86.08,66.95,76.99,NO_OFFER,,76.99,NO_OFFER,SET_TO_TARGET,KEEP,KEEP,COUPON_13,A,13,,66.98,,,,,VERIFY_OR_CREATE_ONLY_AFTER_V4_OWNER_APPROVAL,LIVE_DEFAULT_MODEL_OVERWRITE_RISK,,Default,0,70.88,86.08,WAVE_3_REGULAR_BASE,BLOCKED_UNTIL_CHANNELMAX_DEFAULT_CONTROL_PROVEN,AMAZON_REGULAR_ATTRIBUTE_MISMATCH,AMAZON_CONSUMER_OFFER_UNAVAILABLE|CHANNELMAX_DEFAULT_MODEL_OVERWRITE_RISK|PROMO_V4_NOT_OWNER_APPROVED|LIVE_COUPON_APPLICATION_EVIDENCE_MISSING
53,JH-ASV9-Z46X,B0H8369PMK,24,76.99,66.95,76.99,77.64,66.95,76.99,NO_OFFER,,76.99,NO_OFFER,SET_TO_TARGET,KEEP,KEEP,COUPON_13,A,13,,66.98,,,,,VERIFY_OR_CREATE_ONLY_AFTER_V4_OWNER_APPROVAL,LIVE_DEFAULT_MODEL_OVERWRITE_RISK,,Default,0,77.64,94.27,WAVE_3_REGULAR_BASE,BLOCKED_UNTIL_CHANNELMAX_DEFAULT_CONTROL_PROVEN,AMAZON_REGULAR_ATTRIBUTE_MISMATCH,AMAZON_CONSUMER_OFFER_UNAVAILABLE|CHANNELMAX_DEFAULT_MODEL_OVERWRITE_RISK|PROMO_V4_NOT_OWNER_APPROVED|LIVE_COUPON_APPLICATION_EVIDENCE_MISSING
54,JL-ASUC-JUZE,B0H831MXGD,45,130.99,114.27,130.99,114.59,114.27,130.99,OFFER,114.27,114.27,MATCHES_ACTIVE_SALE_NOT_REGULAR_DRIFT,SET_TO_TARGET,KEEP,KEEP,SALEPRICE_12,B,12,114.27,115.27,2026-07-14T00:00:00Z,2026-08-13T23:59:59Z,2026-07-20T00:00:00.000Z,2026-08-19T23:59:59.000Z,REVISE_VALUE_AND_WINDOW_ONLY_AFTER_V4_OWNER_APPROVAL,LIVE_DEFAULT_MODEL_OVERWRITE_RISK,,Default,114.27,114.59,139.15,WAVE_3_REGULAR_BASE,BLOCKED_UNTIL_CHANNELMAX_DEFAULT_CONTROL_PROVEN,AMAZON_REGULAR_ATTRIBUTE_MISMATCH,CHANNELMAX_DEFAULT_MODEL_OVERWRITE_RISK|PROMO_V4_NOT_OWNER_APPROVED|LIVE_SALEPRICE_VALUE_DIFFERS_FROM_V4_PROPOSAL|LIVE_SALEPRICE_WINDOW_DIFFERS_FROM_V4_PROPOSAL
55,JS-AS5F-QB8T,B0H822TJ7C,30,85.99,74.75,85.99,93.13,74.75,85.99,NO_OFFER,,74.81,NO_OFFER,SET_TO_TARGET,KEEP,KEEP,SALEPRICE_13,B,13,74.81,74.81,2026-07-14T00:00:00Z,2026-08-13T23:59:59Z,2026-07-20T00:00:00.000Z,2026-08-19T23:59:59.000Z,KEEP_LIVE_VALUE_WINDOW_CHANGE_ONLY_IF_V4_APPROVED,LIVE_DEFAULT_MODEL_OVERWRITE_RISK,,Default,0,93.13,113.09,WAVE_3_REGULAR_BASE,BLOCKED_UNTIL_CHANNELMAX_DEFAULT_CONTROL_PROVEN,AMAZON_REGULAR_ATTRIBUTE_MISMATCH,AMAZON_CONSUMER_OFFER_UNAVAILABLE|CHANNELMAX_DEFAULT_MODEL_OVERWRITE_RISK|PROMO_V4_NOT_OWNER_APPROVED|LIVE_SALEPRICE_WINDOW_DIFFERS_FROM_V4_PROPOSAL
56,JT-ASKD-KS8T,B0H83Z6S3Q,120,297.99,258.57,297.99,297.99,258.57,297.99,OFFER,297.99,297.99,MATCHES_REGULAR_AND_CURRENT_SEMANTICS,KEEP,KEEP,KEEP,COUPON_13,A,13,,259.25,,,,,VERIFY_OR_CREATE_ONLY_AFTER_V4_OWNER_APPROVAL,LIVE_DEFAULT_MODEL_OVERWRITE_RISK,,Default,297.99,281.91,342.31,NO_BASE_OR_GUARD_CHANGE,BLOCKED_UNTIL_CHANNELMAX_DEFAULT_CONTROL_PROVEN,,CHANNELMAX_DEFAULT_MODEL_OVERWRITE_RISK|PROMO_V4_NOT_OWNER_APPROVED|LIVE_COUPON_APPLICATION_EVIDENCE_MISSING
57,JU-ASM0-KV4Z,B0H8462L4S,24,76.99,66.95,76.99,76.99,66.95,76.99,OFFER,76.99,76.99,MATCHES_REGULAR_AND_CURRENT_SEMANTICS,KEEP,KEEP,KEEP,COUPON_13,A,13,,66.98,,,,,VERIFY_OR_CREATE_ONLY_AFTER_V4_OWNER_APPROVAL,LIVE_DEFAULT_MODEL_OVERWRITE_RISK,,Default,76.99,64.38,78.18,NO_BASE_OR_GUARD_CHANGE,BLOCKED_UNTIL_CHANNELMAX_DEFAULT_CONTROL_PROVEN,,CHANNELMAX_DEFAULT_MODEL_OVERWRITE_RISK|PROMO_V4_NOT_OWNER_APPROVED|LIVE_COUPON_APPLICATION_EVIDENCE_MISSING
58,JU-ASYC-SSJD,B0H854C7SZ,24,76.99,66.95,76.99,76.99,66.95,76.99,OFFER,76.99,76.99,MATCHES_REGULAR_AND_CURRENT_SEMANTICS,KEEP,KEEP,KEEP,COUPON_13,A,13,,66.98,,,,,VERIFY_OR_CREATE_ONLY_AFTER_V4_OWNER_APPROVAL,LIVE_DEFAULT_MODEL_OVERWRITE_RISK,,Default,76.99,64.14,77.88,NO_BASE_OR_GUARD_CHANGE,BLOCKED_UNTIL_CHANNELMAX_DEFAULT_CONTROL_PROVEN,,CHANNELMAX_DEFAULT_MODEL_OVERWRITE_RISK|PROMO_V4_NOT_OWNER_APPROVED|LIVE_COUPON_APPLICATION_EVIDENCE_MISSING
59,JY-ASPW-LB4K,B0H84621N6,24,76.99,66.95,76.99,71.14,67.81,78.53,NO_OFFER,,66.98,NO_OFFER,SET_TO_TARGET,SET_TO_TARGET,SET_TO_TARGET,SALEPRICE_13,B,13,66.98,66.98,2026-07-14T00:00:00Z,2026-08-13T23:59:59Z,2026-07-20T00:00:00.000Z,2026-08-19T23:59:59.000Z,KEEP_LIVE_VALUE_WINDOW_CHANGE_ONLY_IF_V4_APPROVED,LIVE_DEFAULT_MODEL_OVERWRITE_RISK,,Default,0,71.14,86.38,WAVE_2_GUARDRAILS_AND_OVERLAPPING_BASE,BLOCKED_UNTIL_CHANNELMAX_DEFAULT_CONTROL_PROVEN,AMAZON_REGULAR_ATTRIBUTE_MISMATCH|AMAZON_MIN_GUARD_MISMATCH|AMAZON_MAX_GUARD_MISMATCH,AMAZON_CONSUMER_OFFER_UNAVAILABLE|CHANNELMAX_DEFAULT_MODEL_OVERWRITE_RISK|PROMO_V4_NOT_OWNER_APPROVED|LIVE_SALEPRICE_WINDOW_DIFFERS_FROM_V4_PROPOSAL
60,KD-AS12-8HZ3,B0H845JBM6,24,76.99,66.95,76.99,52.29,44.29,76.99,OFFER,52.29,76.99,MISMATCH_CURRENT_SEMANTICS,SET_TO_TARGET,SET_TO_TARGET,KEEP,COUPON_13,A,13,,66.98,,,,,VERIFY_OR_CREATE_ONLY_AFTER_V4_OWNER_APPROVAL,LIVE_DEFAULT_MODEL_OVERWRITE_RISK,,Default,52.29,46.64,56.63,WAVE_1_EFFECTIVE_CUSTOMER_PRICE,BLOCKED_UNTIL_CHANNELMAX_DEFAULT_CONTROL_PROVEN,AMAZON_REGULAR_ATTRIBUTE_MISMATCH|AMAZON_MIN_GUARD_MISMATCH|AMAZON_EFFECTIVE_CONSUMER_MISMATCH_CURRENT_SEMANTICS,CHANNELMAX_DEFAULT_MODEL_OVERWRITE_RISK|PROMO_V4_NOT_OWNER_APPROVED|LIVE_COUPON_APPLICATION_EVIDENCE_MISSING
61,KN-ASYZ-ST4M,B0H83XBXHX,24,76.99,66.95,76.99,77.52,66.95,76.99,NO_OFFER,,76.99,NO_OFFER,SET_TO_TARGET,KEEP,KEEP,COUPON_13,A,13,,66.98,,,,,VERIFY_OR_CREATE_ONLY_AFTER_V4_OWNER_APPROVAL,LIVE_DEFAULT_MODEL_OVERWRITE_RISK,,Default,0,71.14,86.38,WAVE_3_REGULAR_BASE,BLOCKED_UNTIL_CHANNELMAX_DEFAULT_CONTROL_PROVEN,AMAZON_REGULAR_ATTRIBUTE_MISMATCH,AMAZON_CONSUMER_OFFER_UNAVAILABLE|CHANNELMAX_DEFAULT_MODEL_OVERWRITE_RISK|PROMO_V4_NOT_OWNER_APPROVED|LIVE_COUPON_APPLICATION_EVIDENCE_MISSING
62,KP-ASYC-RN84,B0H83FYZR3,90,252.99,219.57,252.99,285.02,219.57,252.99,NO_OFFER,,220.1,NO_OFFER,SET_TO_TARGET,KEEP,KEEP,SALEPRICE_13,B,13,220.1,220.1,2026-07-14T00:00:00Z,2026-08-13T23:59:59Z,2026-07-20T00:00:00.000Z,2026-08-19T23:59:59.000Z,KEEP_LIVE_VALUE_WINDOW_CHANGE_ONLY_IF_V4_APPROVED,LIVE_DEFAULT_MODEL_OVERWRITE_RISK,,Default,0,285.02,346.1,WAVE_3_REGULAR_BASE,BLOCKED_UNTIL_CHANNELMAX_DEFAULT_CONTROL_PROVEN,AMAZON_REGULAR_ATTRIBUTE_MISMATCH,AMAZON_CONSUMER_OFFER_UNAVAILABLE|CHANNELMAX_DEFAULT_MODEL_OVERWRITE_RISK|PROMO_V4_NOT_OWNER_APPROVED|LIVE_SALEPRICE_WINDOW_DIFFERS_FROM_V4_PROPOSAL
63,LH-ASP7-KZR4,B0H82XNFRW,90,252.99,219.57,252.99,252.99,219.57,252.99,OFFER,252.99,252.99,MATCHES_REGULAR_AND_CURRENT_SEMANTICS,KEEP,KEEP,KEEP,COUPON_13,A,13,,220.1,,,,,VERIFY_OR_CREATE_ONLY_AFTER_V4_OWNER_APPROVAL,LIVE_DEFAULT_MODEL_OVERWRITE_RISK,,Default,252.99,221.27,268.69,NO_BASE_OR_GUARD_CHANGE,BLOCKED_UNTIL_CHANNELMAX_DEFAULT_CONTROL_PROVEN,,CHANNELMAX_DEFAULT_MODEL_OVERWRITE_RISK|PROMO_V4_NOT_OWNER_APPROVED|LIVE_COUPON_APPLICATION_EVIDENCE_MISSING
64,LJ-ASYO-FWJK,B0H853SHVC,24,76.99,66.95,76.99,76.99,66.95,76.99,OFFER,76.99,76.99,MATCHES_REGULAR_AND_CURRENT_SEMANTICS,KEEP,KEEP,KEEP,COUPON_13,A,13,,66.98,,,,,VERIFY_OR_CREATE_ONLY_AFTER_V4_OWNER_APPROVAL,LIVE_DEFAULT_MODEL_OVERWRITE_RISK,,Default,76.99,64.38,78.18,NO_BASE_OR_GUARD_CHANGE,BLOCKED_UNTIL_CHANNELMAX_DEFAULT_CONTROL_PROVEN,,CHANNELMAX_DEFAULT_MODEL_OVERWRITE_RISK|PROMO_V4_NOT_OWNER_APPROVED|LIVE_COUPON_APPLICATION_EVIDENCE_MISSING
65,LK-AS7X-K43B,B0H84CGGXL,24,76.99,66.95,76.99,76.99,66.95,76.99,OFFER,76.99,76.99,MATCHES_REGULAR_AND_CURRENT_SEMANTICS,KEEP,KEEP,KEEP,COUPON_13,A,13,,66.98,,,,,VERIFY_OR_CREATE_ONLY_AFTER_V4_OWNER_APPROVAL,LIVE_DEFAULT_MODEL_OVERWRITE_RISK,,Default,76.99,64.38,78.18,NO_BASE_OR_GUARD_CHANGE,BLOCKED_UNTIL_CHANNELMAX_DEFAULT_CONTROL_PROVEN,,CHANNELMAX_DEFAULT_MODEL_OVERWRITE_RISK|PROMO_V4_NOT_OWNER_APPROVED|LIVE_COUPON_APPLICATION_EVIDENCE_MISSING
66,LP-AS9J-HSVB,B0H82B7KK1,24,76.99,66.95,76.99,76.99,66.95,76.99,OFFER,76.99,76.99,MATCHES_REGULAR_AND_CURRENT_SEMANTICS,KEEP,KEEP,KEEP,COUPON_13,A,13,,66.98,,,,,VERIFY_OR_CREATE_ONLY_AFTER_V4_OWNER_APPROVAL,LIVE_DEFAULT_MODEL_OVERWRITE_RISK,,Default,76.99,64.64,78.48,NO_BASE_OR_GUARD_CHANGE,BLOCKED_UNTIL_CHANNELMAX_DEFAULT_CONTROL_PROVEN,,CHANNELMAX_DEFAULT_MODEL_OVERWRITE_RISK|PROMO_V4_NOT_OWNER_APPROVED|LIVE_COUPON_APPLICATION_EVIDENCE_MISSING
67,LU-ASK0-LSDF,B0H84YZDB7,24,76.99,66.95,76.99,76.99,66.95,76.99,OFFER,66.98,66.98,MATCHES_ACTIVE_SALE_NOT_REGULAR_DRIFT,KEEP,KEEP,KEEP,SALEPRICE_13,B,13,66.98,66.98,2026-07-14T00:00:00Z,2026-08-13T23:59:59Z,2026-07-20T00:00:00.000Z,2026-08-19T23:59:59.000Z,KEEP_LIVE_VALUE_WINDOW_CHANGE_ONLY_IF_V4_APPROVED,LIVE_DEFAULT_MODEL_OVERWRITE_RISK,,Default,66.98,64.89,78.79,NO_BASE_OR_GUARD_CHANGE,BLOCKED_UNTIL_CHANNELMAX_DEFAULT_CONTROL_PROVEN,,CHANNELMAX_DEFAULT_MODEL_OVERWRITE_RISK|PROMO_V4_NOT_OWNER_APPROVED|LIVE_SALEPRICE_WINDOW_DIFFERS_FROM_V4_PROPOSAL
68,ME-AS1I-SEX2,B0H83RVHNF,90,252.99,219.57,252.99,252.99,219.57,252.99,OFFER,252.99,252.99,MATCHES_REGULAR_AND_CURRENT_SEMANTICS,KEEP,KEEP,KEEP,COUPON_13,A,13,,220.1,,,,,VERIFY_OR_CREATE_ONLY_AFTER_V4_OWNER_APPROVAL,LIVE_DEFAULT_MODEL_OVERWRITE_RISK,,Default,252.99,223.14,270.96,NO_BASE_OR_GUARD_CHANGE,BLOCKED_UNTIL_CHANNELMAX_DEFAULT_CONTROL_PROVEN,,CHANNELMAX_DEFAULT_MODEL_OVERWRITE_RISK|PROMO_V4_NOT_OWNER_APPROVED|LIVE_COUPON_APPLICATION_EVIDENCE_MISSING
69,MF-AS0J-YRT4,B0H82NHQCL,24,76.99,66.95,76.99,76.99,66.95,76.99,OFFER,76.99,76.99,MATCHES_REGULAR_AND_CURRENT_SEMANTICS,KEEP,KEEP,KEEP,COUPON_13,A,13,,66.98,,,,,VERIFY_OR_CREATE_ONLY_AFTER_V4_OWNER_APPROVAL,LIVE_DEFAULT_MODEL_OVERWRITE_RISK,,Default,76.99,64.14,77.88,NO_BASE_OR_GUARD_CHANGE,BLOCKED_UNTIL_CHANNELMAX_DEFAULT_CONTROL_PROVEN,,CHANNELMAX_DEFAULT_MODEL_OVERWRITE_RISK|PROMO_V4_NOT_OWNER_APPROVED|LIVE_COUPON_APPLICATION_EVIDENCE_MISSING
70,MP-ASYO-QNU2,B0H84Z9KWL,24,76.99,66.95,76.99,76.99,66.95,76.99,OFFER,66.98,66.98,MATCHES_ACTIVE_SALE_NOT_REGULAR_DRIFT,KEEP,KEEP,KEEP,SALEPRICE_13,B,13,66.98,66.98,2026-07-14T00:00:00Z,2026-08-13T23:59:59Z,2026-07-20T00:00:00.000Z,2026-08-19T23:59:59.000Z,KEEP_LIVE_VALUE_WINDOW_CHANGE_ONLY_IF_V4_APPROVED,LIVE_DEFAULT_MODEL_OVERWRITE_RISK,,Default,66.98,64.38,78.18,NO_BASE_OR_GUARD_CHANGE,BLOCKED_UNTIL_CHANNELMAX_DEFAULT_CONTROL_PROVEN,,CHANNELMAX_DEFAULT_MODEL_OVERWRITE_RISK|PROMO_V4_NOT_OWNER_APPROVED|LIVE_SALEPRICE_WINDOW_DIFFERS_FROM_V4_PROPOSAL
71,MP-ASZ9-TKE7,B0H837HLKC,30,85.99,74.75,85.99,93.13,74.75,85.99,NO_OFFER,,74.81,NO_OFFER,SET_TO_TARGET,KEEP,KEEP,SALEPRICE_13,B,13,74.81,74.81,2026-07-14T00:00:00Z,2026-08-13T23:59:59Z,2026-07-20T00:00:00.000Z,2026-08-19T23:59:59.000Z,KEEP_LIVE_VALUE_WINDOW_CHANGE_ONLY_IF_V4_APPROVED,LIVE_DEFAULT_MODEL_OVERWRITE_RISK,,Default,0,93.13,113.09,WAVE_3_REGULAR_BASE,BLOCKED_UNTIL_CHANNELMAX_DEFAULT_CONTROL_PROVEN,AMAZON_REGULAR_ATTRIBUTE_MISMATCH,AMAZON_CONSUMER_OFFER_UNAVAILABLE|CHANNELMAX_DEFAULT_MODEL_OVERWRITE_RISK|PROMO_V4_NOT_OWNER_APPROVED|LIVE_SALEPRICE_WINDOW_DIFFERS_FROM_V4_PROPOSAL
72,NC-ASPL-EXE8,B0H83QRV43,24,76.99,66.95,76.99,70.88,67.57,78.25,NO_OFFER,,66.98,NO_OFFER,SET_TO_TARGET,SET_TO_TARGET,SET_TO_TARGET,SALEPRICE_13,B,13,66.98,66.98,2026-07-14T00:00:00Z,2026-08-13T23:59:59Z,2026-07-20T00:00:00.000Z,2026-08-19T23:59:59.000Z,KEEP_LIVE_VALUE_WINDOW_CHANGE_ONLY_IF_V4_APPROVED,LIVE_DEFAULT_MODEL_OVERWRITE_RISK,,Default,0,70.88,86.08,WAVE_2_GUARDRAILS_AND_OVERLAPPING_BASE,BLOCKED_UNTIL_CHANNELMAX_DEFAULT_CONTROL_PROVEN,AMAZON_REGULAR_ATTRIBUTE_MISMATCH|AMAZON_MIN_GUARD_MISMATCH|AMAZON_MAX_GUARD_MISMATCH,AMAZON_CONSUMER_OFFER_UNAVAILABLE|CHANNELMAX_DEFAULT_MODEL_OVERWRITE_RISK|PROMO_V4_NOT_OWNER_APPROVED|LIVE_SALEPRICE_WINDOW_DIFFERS_FROM_V4_PROPOSAL
73,NJ-ASAC-PTK2,B0H82X48CD,24,76.99,66.95,76.99,76.99,66.95,76.99,OFFER,76.99,76.99,MATCHES_REGULAR_AND_CURRENT_SEMANTICS,KEEP,KEEP,KEEP,COUPON_13,A,13,,66.98,,,,,VERIFY_OR_CREATE_ONLY_AFTER_V4_OWNER_APPROVAL,LIVE_DEFAULT_MODEL_OVERWRITE_RISK,,Default,76.99,64.14,77.88,NO_BASE_OR_GUARD_CHANGE,BLOCKED_UNTIL_CHANNELMAX_DEFAULT_CONTROL_PROVEN,,CHANNELMAX_DEFAULT_MODEL_OVERWRITE_RISK|PROMO_V4_NOT_OWNER_APPROVED|LIVE_COUPON_APPLICATION_EVIDENCE_MISSING
74,NM-ASEW-S2SK,B0H86TVN3C,24,76.99,66.95,76.99,77.64,66.95,96.99,OFFER,66.98,66.98,MATCHES_ACTIVE_SALE_NOT_REGULAR_DRIFT,SET_TO_TARGET,KEEP,SET_TO_TARGET,SALEPRICE_13,B,13,66.98,66.98,2026-07-14T00:00:00Z,2026-08-13T23:59:59Z,2026-07-20T00:00:00.000Z,2026-08-19T23:59:59.000Z,KEEP_LIVE_VALUE_WINDOW_CHANGE_ONLY_IF_V4_APPROVED,LIVE_DEFAULT_MODEL_OVERWRITE_RISK,,Default,66.98,77.64,94.27,WAVE_2_GUARDRAILS_AND_OVERLAPPING_BASE,BLOCKED_UNTIL_CHANNELMAX_DEFAULT_CONTROL_PROVEN,AMAZON_REGULAR_ATTRIBUTE_MISMATCH|AMAZON_MAX_GUARD_MISMATCH,CHANNELMAX_DEFAULT_MODEL_OVERWRITE_RISK|PROMO_V4_NOT_OWNER_APPROVED|LIVE_SALEPRICE_WINDOW_DIFFERS_FROM_V4_PROPOSAL
75,NS-ASSD-B3JJ,B0H82L945T,24,76.99,66.95,76.99,76.99,66.95,76.99,OFFER,66.98,66.98,MATCHES_ACTIVE_SALE_NOT_REGULAR_DRIFT,KEEP,KEEP,KEEP,SALEPRICE_13,B,13,66.98,66.98,2026-07-14T00:00:00Z,2026-08-13T23:59:59Z,2026-07-20T00:00:00.000Z,2026-08-19T23:59:59.000Z,KEEP_LIVE_VALUE_WINDOW_CHANGE_ONLY_IF_V4_APPROVED,LIVE_DEFAULT_MODEL_OVERWRITE_RISK,,Default,66.98,65.13,79.09,NO_BASE_OR_GUARD_CHANGE,BLOCKED_UNTIL_CHANNELMAX_DEFAULT_CONTROL_PROVEN,,CHANNELMAX_DEFAULT_MODEL_OVERWRITE_RISK|PROMO_V4_NOT_OWNER_APPROVED|LIVE_SALEPRICE_WINDOW_DIFFERS_FROM_V4_PROPOSAL
76,NT-ASIL-V5LK,B0H84547PM,24,76.99,66.95,76.99,77.52,67.81,78.53,OFFER,77.52,76.99,MISMATCH_CURRENT_SEMANTICS,SET_TO_TARGET,SET_TO_TARGET,SET_TO_TARGET,COUPON_13,A,13,,66.98,,,,,VERIFY_OR_CREATE_ONLY_AFTER_V4_OWNER_APPROVAL,LIVE_DEFAULT_MODEL_OVERWRITE_RISK,,Default,77.52,71.14,86.38,WAVE_1_EFFECTIVE_CUSTOMER_PRICE,BLOCKED_UNTIL_CHANNELMAX_DEFAULT_CONTROL_PROVEN,AMAZON_REGULAR_ATTRIBUTE_MISMATCH|AMAZON_MIN_GUARD_MISMATCH|AMAZON_MAX_GUARD_MISMATCH|AMAZON_EFFECTIVE_CONSUMER_MISMATCH_CURRENT_SEMANTICS,CHANNELMAX_DEFAULT_MODEL_OVERWRITE_RISK|PROMO_V4_NOT_OWNER_APPROVED|LIVE_COUPON_APPLICATION_EVIDENCE_MISSING
77,NV-AS86-HD44,B0H85KQJKS,24,76.99,66.95,76.99,76.99,66.95,76.99,OFFER,76.99,76.99,MATCHES_REGULAR_AND_CURRENT_SEMANTICS,KEEP,KEEP,KEEP,COUPON_13,A,13,,66.98,,,,,VERIFY_OR_CREATE_ONLY_AFTER_V4_OWNER_APPROVAL,LIVE_DEFAULT_MODEL_OVERWRITE_RISK,,Default,76.99,64.38,78.18,NO_BASE_OR_GUARD_CHANGE,BLOCKED_UNTIL_CHANNELMAX_DEFAULT_CONTROL_PROVEN,,CHANNELMAX_DEFAULT_MODEL_OVERWRITE_RISK|PROMO_V4_NOT_OWNER_APPROVED|LIVE_COUPON_APPLICATION_EVIDENCE_MISSING
78,PB-ASAF-G2T6,B0H82K7Y7S,24,76.99,66.95,76.99,76.99,66.95,76.99,OFFER,76.99,76.99,MATCHES_REGULAR_AND_CURRENT_SEMANTICS,KEEP,KEEP,KEEP,COUPON_13,A,13,,66.98,,,,,VERIFY_OR_CREATE_ONLY_AFTER_V4_OWNER_APPROVAL,LIVE_DEFAULT_MODEL_OVERWRITE_RISK,,Default,76.99,65.64,79.69,NO_BASE_OR_GUARD_CHANGE,BLOCKED_UNTIL_CHANNELMAX_DEFAULT_CONTROL_PROVEN,,CHANNELMAX_DEFAULT_MODEL_OVERWRITE_RISK|PROMO_V4_NOT_OWNER_APPROVED|LIVE_COUPON_APPLICATION_EVIDENCE_MISSING
79,PJ-ASAX-6LTG,B0H82T12L7,90,252.99,219.57,252.99,271.91,219.57,252.99,NO_OFFER,,252.99,NO_OFFER,SET_TO_TARGET,KEEP,KEEP,COUPON_13,A,13,,220.1,,,,,VERIFY_OR_CREATE_ONLY_AFTER_V4_OWNER_APPROVAL,LIVE_DEFAULT_MODEL_OVERWRITE_RISK,,Default,0,271.91,330.16,WAVE_3_REGULAR_BASE,BLOCKED_UNTIL_CHANNELMAX_DEFAULT_CONTROL_PROVEN,AMAZON_REGULAR_ATTRIBUTE_MISMATCH,AMAZON_CONSUMER_OFFER_UNAVAILABLE|CHANNELMAX_DEFAULT_MODEL_OVERWRITE_RISK|PROMO_V4_NOT_OWNER_APPROVED|LIVE_COUPON_APPLICATION_EVIDENCE_MISSING
80,PJ-ASDX-E8LW,B0H85MGP35,24,76.99,66.95,76.99,48.73,66.95,76.99,NO_OFFER,,66.98,NO_OFFER,SET_TO_TARGET,KEEP,KEEP,SALEPRICE_13,B,13,66.98,66.98,2026-07-14T00:00:00Z,2026-08-13T23:59:59Z,2026-07-20T00:00:00.000Z,2026-08-19T23:59:59.000Z,KEEP_LIVE_VALUE_WINDOW_CHANGE_ONLY_IF_V4_APPROVED,LIVE_DEFAULT_MODEL_OVERWRITE_RISK,,Default,0,40.13,48.73,WAVE_3_REGULAR_BASE,BLOCKED_UNTIL_CHANNELMAX_DEFAULT_CONTROL_PROVEN,AMAZON_REGULAR_ATTRIBUTE_MISMATCH,AMAZON_CONSUMER_OFFER_UNAVAILABLE|CHANNELMAX_DEFAULT_MODEL_OVERWRITE_RISK|PROMO_V4_NOT_OWNER_APPROVED|LIVE_SALEPRICE_WINDOW_DIFFERS_FROM_V4_PROPOSAL
81,PL-ASR9-U94A,B0H83RR2XQ,45,130.99,114.27,130.99,138.98,114.27,130.99,NO_OFFER,,130.99,NO_OFFER,SET_TO_TARGET,KEEP,KEEP,COUPON_12,A,12,,115.27,,,,,VERIFY_OR_CREATE_ONLY_AFTER_V4_OWNER_APPROVAL,LIVE_DEFAULT_MODEL_OVERWRITE_RISK,,Default,0,138.98,168.75,WAVE_3_REGULAR_BASE,BLOCKED_UNTIL_CHANNELMAX_DEFAULT_CONTROL_PROVEN,AMAZON_REGULAR_ATTRIBUTE_MISMATCH,AMAZON_CONSUMER_OFFER_UNAVAILABLE|CHANNELMAX_DEFAULT_MODEL_OVERWRITE_RISK|PROMO_V4_NOT_OWNER_APPROVED|LIVE_COUPON_APPLICATION_EVIDENCE_MISSING
82,PP-AS23-SPLQ,B0H84CDNQG,24,76.99,66.95,76.99,76.99,66.95,76.99,OFFER,66.98,66.98,MATCHES_ACTIVE_SALE_NOT_REGULAR_DRIFT,KEEP,KEEP,KEEP,SALEPRICE_13,B,13,66.98,66.98,2026-07-14T00:00:00Z,2026-08-13T23:59:59Z,2026-07-20T00:00:00.000Z,2026-08-19T23:59:59.000Z,KEEP_LIVE_VALUE_WINDOW_CHANGE_ONLY_IF_V4_APPROVED,LIVE_DEFAULT_MODEL_OVERWRITE_RISK,,Default,66.98,64.38,78.18,NO_BASE_OR_GUARD_CHANGE,BLOCKED_UNTIL_CHANNELMAX_DEFAULT_CONTROL_PROVEN,,CHANNELMAX_DEFAULT_MODEL_OVERWRITE_RISK|PROMO_V4_NOT_OWNER_APPROVED|LIVE_SALEPRICE_WINDOW_DIFFERS_FROM_V4_PROPOSAL
83,PR-AS79-8SDF,B0H82L74PL,30,85.99,74.75,85.99,93.13,74.75,85.99,NO_OFFER,,85.99,NO_OFFER,SET_TO_TARGET,KEEP,KEEP,COUPON_13,A,13,,74.81,,,,,VERIFY_OR_CREATE_ONLY_AFTER_V4_OWNER_APPROVAL,LIVE_DEFAULT_MODEL_OVERWRITE_RISK,,Default,0,93.13,113.09,WAVE_3_REGULAR_BASE,BLOCKED_UNTIL_CHANNELMAX_DEFAULT_CONTROL_PROVEN,AMAZON_REGULAR_ATTRIBUTE_MISMATCH,AMAZON_CONSUMER_OFFER_UNAVAILABLE|CHANNELMAX_DEFAULT_MODEL_OVERWRITE_RISK|PROMO_V4_NOT_OWNER_APPROVED|LIVE_COUPON_APPLICATION_EVIDENCE_MISSING
84,PT-AS5B-Z2XH,B0H84Z6QWY,24,76.99,66.95,76.99,76.99,66.95,76.99,OFFER,76.99,76.99,MATCHES_REGULAR_AND_CURRENT_SEMANTICS,KEEP,KEEP,KEEP,COUPON_13,A,13,,66.98,,,,,VERIFY_OR_CREATE_ONLY_AFTER_V4_OWNER_APPROVAL,LIVE_DEFAULT_MODEL_OVERWRITE_RISK,,Default,76.99,64.14,77.88,NO_BASE_OR_GUARD_CHANGE,BLOCKED_UNTIL_CHANNELMAX_DEFAULT_CONTROL_PROVEN,,CHANNELMAX_DEFAULT_MODEL_OVERWRITE_RISK|PROMO_V4_NOT_OWNER_APPROVED|LIVE_COUPON_APPLICATION_EVIDENCE_MISSING
85,PU-AS3D-SA5Z,B0H83H71F8,120,297.99,258.57,297.99,297.99,258.57,297.99,OFFER,297.99,297.99,MATCHES_REGULAR_AND_CURRENT_SEMANTICS,KEEP,KEEP,KEEP,COUPON_13,A,13,,259.25,,,,,VERIFY_OR_CREATE_ONLY_AFTER_V4_OWNER_APPROVAL,LIVE_DEFAULT_MODEL_OVERWRITE_RISK,,Default,297.99,284.4,345.34,NO_BASE_OR_GUARD_CHANGE,BLOCKED_UNTIL_CHANNELMAX_DEFAULT_CONTROL_PROVEN,,CHANNELMAX_DEFAULT_MODEL_OVERWRITE_RISK|PROMO_V4_NOT_OWNER_APPROVED|LIVE_COUPON_APPLICATION_EVIDENCE_MISSING
86,PW-ASDZ-CSR8,B0H839TPC5,45,130.99,114.27,130.99,138.98,114.27,130.99,NO_OFFER,,130.99,NO_OFFER,SET_TO_TARGET,KEEP,KEEP,COUPON_12,A,12,,115.27,,,,,VERIFY_OR_CREATE_ONLY_AFTER_V4_OWNER_APPROVAL,LIVE_DEFAULT_MODEL_OVERWRITE_RISK,,Default,0,138.98,168.75,WAVE_3_REGULAR_BASE,BLOCKED_UNTIL_CHANNELMAX_DEFAULT_CONTROL_PROVEN,AMAZON_REGULAR_ATTRIBUTE_MISMATCH,AMAZON_CONSUMER_OFFER_UNAVAILABLE|CHANNELMAX_DEFAULT_MODEL_OVERWRITE_RISK|PROMO_V4_NOT_OWNER_APPROVED|LIVE_COUPON_APPLICATION_EVIDENCE_MISSING
87,PY-ASBM-WX6W,B0H82B7GV5,24,76.99,66.95,76.99,76.99,66.95,76.99,OFFER,66.98,66.98,MATCHES_ACTIVE_SALE_NOT_REGULAR_DRIFT,KEEP,KEEP,KEEP,SALEPRICE_13,B,13,66.98,66.98,2026-07-14T00:00:00Z,2026-08-13T23:59:59Z,2026-07-20T00:00:00.000Z,2026-08-19T23:59:59.000Z,KEEP_LIVE_VALUE_WINDOW_CHANGE_ONLY_IF_V4_APPROVED,LIVE_DEFAULT_MODEL_OVERWRITE_RISK,,Default,66.98,64.14,77.88,NO_BASE_OR_GUARD_CHANGE,BLOCKED_UNTIL_CHANNELMAX_DEFAULT_CONTROL_PROVEN,,CHANNELMAX_DEFAULT_MODEL_OVERWRITE_RISK|PROMO_V4_NOT_OWNER_APPROVED|LIVE_SALEPRICE_WINDOW_DIFFERS_FROM_V4_PROPOSAL
88,QC-ASX2-RHPA,B0H83TQPJB,120,297.99,258.57,297.99,297.99,258.57,297.99,OFFER,297.99,297.99,MATCHES_REGULAR_AND_CURRENT_SEMANTICS,KEEP,KEEP,KEEP,COUPON_13,A,13,,259.25,,,,,VERIFY_OR_CREATE_ONLY_AFTER_V4_OWNER_APPROVAL,LIVE_DEFAULT_MODEL_OVERWRITE_RISK,,Default,297.99,281.91,342.31,NO_BASE_OR_GUARD_CHANGE,BLOCKED_UNTIL_CHANNELMAX_DEFAULT_CONTROL_PROVEN,,CHANNELMAX_DEFAULT_MODEL_OVERWRITE_RISK|PROMO_V4_NOT_OWNER_APPROVED|LIVE_COUPON_APPLICATION_EVIDENCE_MISSING
89,QE-ASEQ-4YV5,B0H82CBLRM,24,76.99,66.95,76.99,76.99,66.95,76.99,OFFER,76.99,76.99,MATCHES_REGULAR_AND_CURRENT_SEMANTICS,KEEP,KEEP,KEEP,COUPON_13,A,13,,66.98,,,,,VERIFY_OR_CREATE_ONLY_AFTER_V4_OWNER_APPROVAL,LIVE_DEFAULT_MODEL_OVERWRITE_RISK,,Default,76.99,64.14,77.88,NO_BASE_OR_GUARD_CHANGE,BLOCKED_UNTIL_CHANNELMAX_DEFAULT_CONTROL_PROVEN,,CHANNELMAX_DEFAULT_MODEL_OVERWRITE_RISK|PROMO_V4_NOT_OWNER_APPROVED|LIVE_COUPON_APPLICATION_EVIDENCE_MISSING
90,QP-ASAD-PTLX,B0H85DG2JQ,24,76.99,66.95,76.99,70.88,66.95,76.99,OFFER,66.98,66.98,MATCHES_ACTIVE_SALE_NOT_REGULAR_DRIFT,SET_TO_TARGET,KEEP,KEEP,SALEPRICE_13,B,13,66.98,66.98,2026-07-14T00:00:00Z,2026-08-13T23:59:59Z,2026-07-20T00:00:00.000Z,2026-08-19T23:59:59.000Z,KEEP_LIVE_VALUE_WINDOW_CHANGE_ONLY_IF_V4_APPROVED,LIVE_DEFAULT_MODEL_OVERWRITE_RISK,,Default,66.98,70.88,86.08,WAVE_3_REGULAR_BASE,BLOCKED_UNTIL_CHANNELMAX_DEFAULT_CONTROL_PROVEN,AMAZON_REGULAR_ATTRIBUTE_MISMATCH,CHANNELMAX_DEFAULT_MODEL_OVERWRITE_RISK|PROMO_V4_NOT_OWNER_APPROVED|LIVE_SALEPRICE_WINDOW_DIFFERS_FROM_V4_PROPOSAL
91,QW-ASRZ-SYKC,B0H83MDDBL,120,297.99,258.57,297.99,297.99,288.39,319.47,OFFER,297.99,297.99,MATCHES_REGULAR_AND_CURRENT_SEMANTICS,KEEP,SET_TO_TARGET,SET_TO_TARGET,COUPON_13,A,13,,259.25,,,,,VERIFY_OR_CREATE_ONLY_AFTER_V4_OWNER_APPROVAL,LIVE_DEFAULT_MODEL_OVERWRITE_RISK,,Default,297.99,289.4,351.42,WAVE_2_GUARDRAILS_AND_OVERLAPPING_BASE,BLOCKED_UNTIL_CHANNELMAX_DEFAULT_CONTROL_PROVEN,AMAZON_MIN_GUARD_MISMATCH|AMAZON_MAX_GUARD_MISMATCH,CHANNELMAX_DEFAULT_MODEL_OVERWRITE_RISK|PROMO_V4_NOT_OWNER_APPROVED|LIVE_COUPON_APPLICATION_EVIDENCE_MISSING
92,QX-AS89-H8YC,B0H82RQ226,24,76.99,66.95,76.99,77.64,66.95,76.99,NO_OFFER,,76.99,NO_OFFER,SET_TO_TARGET,KEEP,KEEP,COUPON_13,A,13,,66.98,,,,,VERIFY_OR_CREATE_ONLY_AFTER_V4_OWNER_APPROVAL,LIVE_DEFAULT_MODEL_OVERWRITE_RISK,,Default,0,77.64,94.27,HOLD_PENDING_SETTLEMENT,HOLD_PENDING_SETTLEMENT,AMAZON_REGULAR_ATTRIBUTE_MISMATCH,AMAZON_CONSUMER_OFFER_UNAVAILABLE|CHANNELMAX_DEFAULT_MODEL_OVERWRITE_RISK|PROMO_V4_NOT_OWNER_APPROVED|LIVE_COUPON_APPLICATION_EVIDENCE_MISSING
93,QX-ASS6-4T4F,B0H83B6TYP,90,252.99,219.57,252.99,223.14,219.57,252.99,OFFER,220.1,220.1,MATCHES_ACTIVE_SALE_NOT_REGULAR_DRIFT,SET_TO_TARGET,KEEP,KEEP,SALEPRICE_13,B,13,220.1,220.1,2026-07-14T00:00:00Z,2026-08-13T23:59:59Z,2026-07-20T00:00:00.000Z,2026-08-19T23:59:59.000Z,KEEP_LIVE_VALUE_WINDOW_CHANGE_ONLY_IF_V4_APPROVED,LIVE_DEFAULT_MODEL_OVERWRITE_RISK,,Default,220.1,223.14,270.96,WAVE_3_REGULAR_BASE,BLOCKED_UNTIL_CHANNELMAX_DEFAULT_CONTROL_PROVEN,AMAZON_REGULAR_ATTRIBUTE_MISMATCH,CHANNELMAX_DEFAULT_MODEL_OVERWRITE_RISK|PROMO_V4_NOT_OWNER_APPROVED|LIVE_SALEPRICE_WINDOW_DIFFERS_FROM_V4_PROPOSAL
94,RB-ASVO-GYCY,B0H859N8VM,24,76.99,66.95,76.99,70.88,66.95,76.99,OFFER,66.98,66.98,MATCHES_ACTIVE_SALE_NOT_REGULAR_DRIFT,SET_TO_TARGET,KEEP,KEEP,SALEPRICE_13,B,13,66.98,66.98,2026-07-14T00:00:00Z,2026-08-13T23:59:59Z,2026-07-20T00:00:00.000Z,2026-08-19T23:59:59.000Z,KEEP_LIVE_VALUE_WINDOW_CHANGE_ONLY_IF_V4_APPROVED,LIVE_DEFAULT_MODEL_OVERWRITE_RISK,,Default,66.98,70.88,86.08,WAVE_3_REGULAR_BASE,BLOCKED_UNTIL_CHANNELMAX_DEFAULT_CONTROL_PROVEN,AMAZON_REGULAR_ATTRIBUTE_MISMATCH,CHANNELMAX_DEFAULT_MODEL_OVERWRITE_RISK|PROMO_V4_NOT_OWNER_APPROVED|LIVE_SALEPRICE_WINDOW_DIFFERS_FROM_V4_PROPOSAL
95,RH-ASWA-ER34,B0H85JR6WN,24,76.99,66.95,76.99,76.99,66.95,76.99,OFFER,66.98,66.98,MATCHES_ACTIVE_SALE_NOT_REGULAR_DRIFT,KEEP,KEEP,KEEP,SALEPRICE_13,B,13,66.98,66.98,2026-07-14T00:00:00Z,2026-08-13T23:59:59Z,2026-07-20T00:00:00.000Z,2026-08-19T23:59:59.000Z,KEEP_LIVE_VALUE_WINDOW_CHANGE_ONLY_IF_V4_APPROVED,LIVE_DEFAULT_MODEL_OVERWRITE_RISK,,Default,66.98,64.64,78.48,NO_BASE_OR_GUARD_CHANGE,BLOCKED_UNTIL_CHANNELMAX_DEFAULT_CONTROL_PROVEN,,CHANNELMAX_DEFAULT_MODEL_OVERWRITE_RISK|PROMO_V4_NOT_OWNER_APPROVED|LIVE_SALEPRICE_WINDOW_DIFFERS_FROM_V4_PROPOSAL
96,RL-AS64-Q8QX,B0H82LZLM2,30,85.99,74.75,85.99,93.13,74.75,85.99,NO_OFFER,,85.99,NO_OFFER,SET_TO_TARGET,KEEP,KEEP,COUPON_13,A,13,,74.81,,,,,VERIFY_OR_CREATE_ONLY_AFTER_V4_OWNER_APPROVAL,LIVE_DEFAULT_MODEL_OVERWRITE_RISK,,Default,0,93.13,113.09,WAVE_3_REGULAR_BASE,BLOCKED_UNTIL_CHANNELMAX_DEFAULT_CONTROL_PROVEN,AMAZON_REGULAR_ATTRIBUTE_MISMATCH,AMAZON_CONSUMER_OFFER_UNAVAILABLE|CHANNELMAX_DEFAULT_MODEL_OVERWRITE_RISK|PROMO_V4_NOT_OWNER_APPROVED|LIVE_COUPON_APPLICATION_EVIDENCE_MISSING
97,RM-ASCV-DVA5,B0H822CVVL,24,76.99,66.95,76.99,76.99,66.95,76.99,OFFER,66.98,66.98,MATCHES_ACTIVE_SALE_NOT_REGULAR_DRIFT,KEEP,KEEP,KEEP,SALEPRICE_13,B,13,66.98,66.98,2026-07-14T00:00:00Z,2026-08-13T23:59:59Z,2026-07-20T00:00:00.000Z,2026-08-19T23:59:59.000Z,KEEP_LIVE_VALUE_WINDOW_CHANGE_ONLY_IF_V4_APPROVED,LIVE_DEFAULT_MODEL_OVERWRITE_RISK,,Default,66.98,64.64,78.48,NO_BASE_OR_GUARD_CHANGE,BLOCKED_UNTIL_CHANNELMAX_DEFAULT_CONTROL_PROVEN,,CHANNELMAX_DEFAULT_MODEL_OVERWRITE_RISK|PROMO_V4_NOT_OWNER_APPROVED|LIVE_SALEPRICE_WINDOW_DIFFERS_FROM_V4_PROPOSAL
98,RN-ASLP-VH3X,B0H82JYZQH,30,85.99,74.75,85.99,85.99,74.75,85.99,OFFER,85.99,85.99,MATCHES_REGULAR_AND_CURRENT_SEMANTICS,KEEP,KEEP,KEEP,COUPON_13,A,13,,74.81,,,,,VERIFY_OR_CREATE_ONLY_AFTER_V4_OWNER_APPROVAL,LIVE_DEFAULT_MODEL_OVERWRITE_RISK,,Default,85.99,76.26,92.6,NO_BASE_OR_GUARD_CHANGE,BLOCKED_UNTIL_CHANNELMAX_DEFAULT_CONTROL_PROVEN,,CHANNELMAX_DEFAULT_MODEL_OVERWRITE_RISK|PROMO_V4_NOT_OWNER_APPROVED|LIVE_COUPON_APPLICATION_EVIDENCE_MISSING
99,RQ-AS0L-9B45,B0H85MQLHG,24,76.99,66.95,76.99,72.14,66.95,76.99,OFFER,72.14,76.99,MISMATCH_CURRENT_SEMANTICS,SET_TO_TARGET,KEEP,KEEP,COUPON_13,A,13,,66.98,,,,,VERIFY_OR_CREATE_ONLY_AFTER_V4_OWNER_APPROVAL,LIVE_DEFAULT_MODEL_OVERWRITE_RISK,,Default,72.14,71.14,86.38,WAVE_1_EFFECTIVE_CUSTOMER_PRICE,BLOCKED_UNTIL_CHANNELMAX_DEFAULT_CONTROL_PROVEN,AMAZON_REGULAR_ATTRIBUTE_MISMATCH|AMAZON_EFFECTIVE_CONSUMER_MISMATCH_CURRENT_SEMANTICS,CHANNELMAX_DEFAULT_MODEL_OVERWRITE_RISK|PROMO_V4_NOT_OWNER_APPROVED|LIVE_COUPON_APPLICATION_EVIDENCE_MISSING
100,RQ-AS78-STLZ,B0H85GR968,24,76.99,66.95,76.99,76.99,66.95,76.99,OFFER,76.99,76.99,MATCHES_REGULAR_AND_CURRENT_SEMANTICS,KEEP,KEEP,KEEP,COUPON_13,A,13,,66.98,,,,,VERIFY_OR_CREATE_ONLY_AFTER_V4_OWNER_APPROVAL,LIVE_DEFAULT_MODEL_OVERWRITE_RISK,,Default,76.99,71.64,86.99,NO_BASE_OR_GUARD_CHANGE,BLOCKED_UNTIL_CHANNELMAX_DEFAULT_CONTROL_PROVEN,,CHANNELMAX_DEFAULT_MODEL_OVERWRITE_RISK|PROMO_V4_NOT_OWNER_APPROVED|LIVE_COUPON_APPLICATION_EVIDENCE_MISSING
101,RQ-ASM7-T9NN,B0H83HNB3B,90,252.99,219.57,252.99,221.27,219.57,252.99,OFFER,220.1,220.1,MATCHES_ACTIVE_SALE_NOT_REGULAR_DRIFT,SET_TO_TARGET,KEEP,KEEP,SALEPRICE_13,B,13,220.1,220.1,2026-07-14T00:00:00Z,2026-08-13T23:59:59Z,2026-07-20T00:00:00.000Z,2026-08-19T23:59:59.000Z,KEEP_LIVE_VALUE_WINDOW_CHANGE_ONLY_IF_V4_APPROVED,LIVE_DEFAULT_MODEL_OVERWRITE_RISK,,Default,220.1,221.27,268.69,WAVE_3_REGULAR_BASE,BLOCKED_UNTIL_CHANNELMAX_DEFAULT_CONTROL_PROVEN,AMAZON_REGULAR_ATTRIBUTE_MISMATCH,CHANNELMAX_DEFAULT_MODEL_OVERWRITE_RISK|PROMO_V4_NOT_OWNER_APPROVED|LIVE_SALEPRICE_WINDOW_DIFFERS_FROM_V4_PROPOSAL
102,RR-ASG1-JVKV,B0H8361PYX,45,130.99,114.27,130.99,130.99,114.27,130.99,OFFER,114.27,114.27,MATCHES_ACTIVE_SALE_NOT_REGULAR_DRIFT,KEEP,KEEP,KEEP,SALEPRICE_12,B,12,114.27,115.27,2026-07-14T00:00:00Z,2026-08-13T23:59:59Z,2026-07-20T00:00:00.000Z,2026-08-19T23:59:59.000Z,REVISE_VALUE_AND_WINDOW_ONLY_AFTER_V4_OWNER_APPROVAL,LIVE_DEFAULT_MODEL_OVERWRITE_RISK,,Default,114.27,113.66,138.02,NO_BASE_OR_GUARD_CHANGE,BLOCKED_UNTIL_CHANNELMAX_DEFAULT_CONTROL_PROVEN,,CHANNELMAX_DEFAULT_MODEL_OVERWRITE_RISK|PROMO_V4_NOT_OWNER_APPROVED|LIVE_SALEPRICE_VALUE_DIFFERS_FROM_V4_PROPOSAL|LIVE_SALEPRICE_WINDOW_DIFFERS_FROM_V4_PROPOSAL
103,RS-AS47-M3K3,B0H87748WJ,24,76.99,66.95,76.99,76.99,66.95,76.99,OFFER,66.98,66.98,MATCHES_ACTIVE_SALE_NOT_REGULAR_DRIFT,KEEP,KEEP,KEEP,SALEPRICE_13,B,13,66.98,66.98,2026-07-14T00:00:00Z,2026-08-13T23:59:59Z,2026-07-20T00:00:00.000Z,2026-08-19T23:59:59.000Z,KEEP_LIVE_VALUE_WINDOW_CHANGE_ONLY_IF_V4_APPROVED,LIVE_DEFAULT_MODEL_OVERWRITE_RISK,,Default,66.98,64.38,78.18,NO_BASE_OR_GUARD_CHANGE,BLOCKED_UNTIL_CHANNELMAX_DEFAULT_CONTROL_PROVEN,,CHANNELMAX_DEFAULT_MODEL_OVERWRITE_RISK|PROMO_V4_NOT_OWNER_APPROVED|LIVE_SALEPRICE_WINDOW_DIFFERS_FROM_V4_PROPOSAL
104,RU-ASC3-4TUS,B0H83SJFR7,24,76.99,66.95,76.99,77.52,66.95,76.99,NO_OFFER,,76.99,NO_OFFER,SET_TO_TARGET,KEEP,KEEP,COUPON_13,A,13,,66.98,,,,,VERIFY_OR_CREATE_ONLY_AFTER_V4_OWNER_APPROVAL,LIVE_DEFAULT_MODEL_OVERWRITE_RISK,,Default,0,71.14,86.38,WAVE_3_REGULAR_BASE,BLOCKED_UNTIL_CHANNELMAX_DEFAULT_CONTROL_PROVEN,AMAZON_REGULAR_ATTRIBUTE_MISMATCH,AMAZON_CONSUMER_OFFER_UNAVAILABLE|CHANNELMAX_DEFAULT_MODEL_OVERWRITE_RISK|PROMO_V4_NOT_OWNER_APPROVED|LIVE_COUPON_APPLICATION_EVIDENCE_MISSING
105,RY-ASMO-6N4F,B0H8493HNR,24,76.99,66.95,76.99,76.99,66.95,76.99,OFFER,76.99,76.99,MATCHES_REGULAR_AND_CURRENT_SEMANTICS,KEEP,KEEP,KEEP,COUPON_13,A,13,,66.98,,,,,VERIFY_OR_CREATE_ONLY_AFTER_V4_OWNER_APPROVAL,LIVE_DEFAULT_MODEL_OVERWRITE_RISK,,Default,76.99,64.64,78.48,NO_BASE_OR_GUARD_CHANGE,BLOCKED_UNTIL_CHANNELMAX_DEFAULT_CONTROL_PROVEN,,CHANNELMAX_DEFAULT_MODEL_OVERWRITE_RISK|PROMO_V4_NOT_OWNER_APPROVED|LIVE_COUPON_APPLICATION_EVIDENCE_MISSING
106,RY-ASO3-24Q2,B0H84XMG42,24,76.99,66.95,76.99,77.52,66.95,76.99,NO_OFFER,,76.99,NO_OFFER,SET_TO_TARGET,KEEP,KEEP,COUPON_13,A,13,,66.98,,,,,VERIFY_OR_CREATE_ONLY_AFTER_V4_OWNER_APPROVAL,LIVE_DEFAULT_MODEL_OVERWRITE_RISK,,Default,0,71.14,86.38,WAVE_3_REGULAR_BASE,BLOCKED_UNTIL_CHANNELMAX_DEFAULT_CONTROL_PROVEN,AMAZON_REGULAR_ATTRIBUTE_MISMATCH,AMAZON_CONSUMER_OFFER_UNAVAILABLE|CHANNELMAX_DEFAULT_MODEL_OVERWRITE_RISK|PROMO_V4_NOT_OWNER_APPROVED|LIVE_COUPON_APPLICATION_EVIDENCE_MISSING
107,RZ-AS26-WLRM,B0H85PJ516,24,76.99,66.95,76.99,76.99,66.95,76.99,OFFER,76.99,76.99,MATCHES_REGULAR_AND_CURRENT_SEMANTICS,KEEP,KEEP,KEEP,COUPON_13,A,13,,66.98,,,,,VERIFY_OR_CREATE_ONLY_AFTER_V4_OWNER_APPROVAL,LIVE_DEFAULT_MODEL_OVERWRITE_RISK,,Default,76.99,64.38,78.18,NO_BASE_OR_GUARD_CHANGE,BLOCKED_UNTIL_CHANNELMAX_DEFAULT_CONTROL_PROVEN,,CHANNELMAX_DEFAULT_MODEL_OVERWRITE_RISK|PROMO_V4_NOT_OWNER_APPROVED|LIVE_COUPON_APPLICATION_EVIDENCE_MISSING
108,SA-ASCK-J2B2,B0H82XP1MM,45,130.99,114.27,130.99,138.98,114.27,130.99,NO_OFFER,,130.99,NO_OFFER,SET_TO_TARGET,KEEP,KEEP,COUPON_12,A,12,,115.27,,,,,VERIFY_OR_CREATE_ONLY_AFTER_V4_OWNER_APPROVAL,LIVE_DEFAULT_MODEL_OVERWRITE_RISK,,Default,0,138.98,168.75,WAVE_3_REGULAR_BASE,BLOCKED_UNTIL_CHANNELMAX_DEFAULT_CONTROL_PROVEN,AMAZON_REGULAR_ATTRIBUTE_MISMATCH,AMAZON_CONSUMER_OFFER_UNAVAILABLE|CHANNELMAX_DEFAULT_MODEL_OVERWRITE_RISK|PROMO_V4_NOT_OWNER_APPROVED|LIVE_COUPON_APPLICATION_EVIDENCE_MISSING
109,SA-ASDW-SNEW,B0H82SMZ2M,45,130.99,114.27,130.99,130.99,114.27,130.99,OFFER,130.99,130.99,MATCHES_REGULAR_AND_CURRENT_SEMANTICS,KEEP,KEEP,KEEP,COUPON_12,A,12,,115.27,,,,,VERIFY_OR_CREATE_ONLY_AFTER_V4_OWNER_APPROVAL,LIVE_DEFAULT_MODEL_OVERWRITE_RISK,,Default,130.99,115.54,140.29,NO_BASE_OR_GUARD_CHANGE,BLOCKED_UNTIL_CHANNELMAX_DEFAULT_CONTROL_PROVEN,,CHANNELMAX_DEFAULT_MODEL_OVERWRITE_RISK|PROMO_V4_NOT_OWNER_APPROVED|LIVE_COUPON_APPLICATION_EVIDENCE_MISSING
110,SC-ASH8-4RQG,B0H856DWVS,24,76.99,66.95,76.99,79.39,66.95,90,OFFER,66.98,66.98,MATCHES_ACTIVE_SALE_NOT_REGULAR_DRIFT,SET_TO_TARGET,KEEP,SET_TO_TARGET,SALEPRICE_13,B,13,66.98,66.98,2026-07-14T00:00:00Z,2026-08-13T23:59:59Z,2026-07-20T00:00:00.000Z,2026-08-19T23:59:59.000Z,KEEP_LIVE_VALUE_WINDOW_CHANGE_ONLY_IF_V4_APPROVED,LIVE_DEFAULT_MODEL_OVERWRITE_RISK,,Default,66.98,79.39,96.39,WAVE_2_GUARDRAILS_AND_OVERLAPPING_BASE,BLOCKED_UNTIL_CHANNELMAX_DEFAULT_CONTROL_PROVEN,AMAZON_REGULAR_ATTRIBUTE_MISMATCH|AMAZON_MAX_GUARD_MISMATCH,CHANNELMAX_DEFAULT_MODEL_OVERWRITE_RISK|PROMO_V4_NOT_OWNER_APPROVED|LIVE_SALEPRICE_WINDOW_DIFFERS_FROM_V4_PROPOSAL
111,SG-AS32-LZ9Y,B0H8564C6D,24,76.99,66.95,76.99,76.99,66.95,76.99,OFFER,76.99,76.99,MATCHES_REGULAR_AND_CURRENT_SEMANTICS,KEEP,KEEP,KEEP,COUPON_13,A,13,,66.98,,,,,VERIFY_OR_CREATE_ONLY_AFTER_V4_OWNER_APPROVAL,LIVE_DEFAULT_MODEL_OVERWRITE_RISK,,Default,76.99,64.64,78.48,NO_BASE_OR_GUARD_CHANGE,BLOCKED_UNTIL_CHANNELMAX_DEFAULT_CONTROL_PROVEN,,CHANNELMAX_DEFAULT_MODEL_OVERWRITE_RISK|PROMO_V4_NOT_OWNER_APPROVED|LIVE_COUPON_APPLICATION_EVIDENCE_MISSING
112,SG-ASLB-M2DG,B0H84PFKYC,24,76.99,66.95,76.99,76.99,66.95,76.99,OFFER,66.98,66.98,MATCHES_ACTIVE_SALE_NOT_REGULAR_DRIFT,KEEP,KEEP,KEEP,SALEPRICE_13,B,13,66.98,66.98,2026-07-14T00:00:00Z,2026-08-13T23:59:59Z,2026-07-20T00:00:00.000Z,2026-08-19T23:59:59.000Z,KEEP_LIVE_VALUE_WINDOW_CHANGE_ONLY_IF_V4_APPROVED,LIVE_DEFAULT_MODEL_OVERWRITE_RISK,,Default,66.98,64.38,78.18,NO_BASE_OR_GUARD_CHANGE,BLOCKED_UNTIL_CHANNELMAX_DEFAULT_CONTROL_PROVEN,,CHANNELMAX_DEFAULT_MODEL_OVERWRITE_RISK|PROMO_V4_NOT_OWNER_APPROVED|LIVE_SALEPRICE_WINDOW_DIFFERS_FROM_V4_PROPOSAL
113,SH-ASO0-PW37,B0H83ZH3TB,24,76.99,66.95,76.99,77.52,66.95,76.99,NO_OFFER,,76.99,NO_OFFER,SET_TO_TARGET,KEEP,KEEP,COUPON_13,A,13,,66.98,,,,,VERIFY_OR_CREATE_ONLY_AFTER_V4_OWNER_APPROVAL,LIVE_DEFAULT_MODEL_OVERWRITE_RISK,,Default,0,70.88,86.08,WAVE_3_REGULAR_BASE,BLOCKED_UNTIL_CHANNELMAX_DEFAULT_CONTROL_PROVEN,AMAZON_REGULAR_ATTRIBUTE_MISMATCH,AMAZON_CONSUMER_OFFER_UNAVAILABLE|CHANNELMAX_DEFAULT_MODEL_OVERWRITE_RISK|PROMO_V4_NOT_OWNER_APPROVED|LIVE_COUPON_APPLICATION_EVIDENCE_MISSING
114,SS-AS9K-U9TV,B0H831889Q,45,130.99,114.27,130.99,130.99,114.27,130.99,OFFER,130.99,130.99,MATCHES_REGULAR_AND_CURRENT_SEMANTICS,KEEP,KEEP,KEEP,COUPON_12,A,12,,115.27,,,,,VERIFY_OR_CREATE_ONLY_AFTER_V4_OWNER_APPROVAL,LIVE_DEFAULT_MODEL_OVERWRITE_RISK,,Default,130.99,114.59,139.15,NO_BASE_OR_GUARD_CHANGE,BLOCKED_UNTIL_CHANNELMAX_DEFAULT_CONTROL_PROVEN,,CHANNELMAX_DEFAULT_MODEL_OVERWRITE_RISK|PROMO_V4_NOT_OWNER_APPROVED|LIVE_COUPON_APPLICATION_EVIDENCE_MISSING
115,SU-ASS4-RV6R,B0H853HGHC,24,76.99,66.95,76.99,86.08,66.95,76.99,NO_OFFER,,76.99,NO_OFFER,SET_TO_TARGET,KEEP,KEEP,COUPON_13,A,13,,66.98,,,,,VERIFY_OR_CREATE_ONLY_AFTER_V4_OWNER_APPROVAL,LIVE_DEFAULT_MODEL_OVERWRITE_RISK,,Default,0,70.88,86.08,WAVE_3_REGULAR_BASE,BLOCKED_UNTIL_CHANNELMAX_DEFAULT_CONTROL_PROVEN,AMAZON_REGULAR_ATTRIBUTE_MISMATCH,AMAZON_CONSUMER_OFFER_UNAVAILABLE|CHANNELMAX_DEFAULT_MODEL_OVERWRITE_RISK|PROMO_V4_NOT_OWNER_APPROVED|LIVE_COUPON_APPLICATION_EVIDENCE_MISSING
116,SV-AS87-D6SV,B0H83ZGN22,24,76.99,66.95,76.99,70.88,66.95,76.99,OFFER,66.98,66.98,MATCHES_ACTIVE_SALE_NOT_REGULAR_DRIFT,SET_TO_TARGET,KEEP,KEEP,SALEPRICE_13,B,13,66.98,66.98,2026-07-14T00:00:00Z,2026-08-13T23:59:59Z,2026-07-20T00:00:00.000Z,2026-08-19T23:59:59.000Z,KEEP_LIVE_VALUE_WINDOW_CHANGE_ONLY_IF_V4_APPROVED,LIVE_DEFAULT_MODEL_OVERWRITE_RISK,,Default,66.98,70.88,86.08,WAVE_3_REGULAR_BASE,BLOCKED_UNTIL_CHANNELMAX_DEFAULT_CONTROL_PROVEN,AMAZON_REGULAR_ATTRIBUTE_MISMATCH,CHANNELMAX_DEFAULT_MODEL_OVERWRITE_RISK|PROMO_V4_NOT_OWNER_APPROVED|LIVE_SALEPRICE_WINDOW_DIFFERS_FROM_V4_PROPOSAL
117,SZ-ASPI-JFAT,B0H776M5B5,24,76.99,66.95,76.99,119.68,66.95,76.99,NO_OFFER,,76.99,NO_OFFER,HOLD,HOLD,HOLD,COUPON_13,A,13,,66.98,,,,,VERIFY_OR_CREATE_ONLY_AFTER_V4_OWNER_APPROVAL,LIVE_IDENTITY_MISMATCH,,Default,0,119.68,145.33,HOLD_IDENTITY,HOLD_IDENTITY,AMAZON_REGULAR_ATTRIBUTE_MISMATCH|CHANNELMAX_IDENTITY_MISMATCH,AMAZON_CONSUMER_OFFER_UNAVAILABLE|PROMO_V4_NOT_OWNER_APPROVED|LIVE_COUPON_APPLICATION_EVIDENCE_MISSING
118,TH-AS6D-CCES,B0H845HSDZ,24,76.99,66.95,76.99,76.99,66.95,76.99,OFFER,66.98,66.98,MATCHES_ACTIVE_SALE_NOT_REGULAR_DRIFT,KEEP,KEEP,KEEP,SALEPRICE_13,B,13,66.98,66.98,2026-07-14T00:00:00Z,2026-08-13T23:59:59Z,2026-07-20T00:00:00.000Z,2026-08-19T23:59:59.000Z,KEEP_LIVE_VALUE_WINDOW_CHANGE_ONLY_IF_V4_APPROVED,LIVE_DEFAULT_MODEL_OVERWRITE_RISK,,Default,66.98,64.64,78.48,NO_BASE_OR_GUARD_CHANGE,BLOCKED_UNTIL_CHANNELMAX_DEFAULT_CONTROL_PROVEN,,CHANNELMAX_DEFAULT_MODEL_OVERWRITE_RISK|PROMO_V4_NOT_OWNER_APPROVED|LIVE_SALEPRICE_WINDOW_DIFFERS_FROM_V4_PROPOSAL
119,TL-ASHN-ZRKG,B0H85P9F3R,24,76.99,66.95,76.99,71.14,66.95,76.99,OFFER,66.98,66.98,MATCHES_ACTIVE_SALE_NOT_REGULAR_DRIFT,SET_TO_TARGET,KEEP,KEEP,SALEPRICE_13,B,13,66.98,66.98,2026-07-14T00:00:00Z,2026-08-13T23:59:59Z,2026-07-20T00:00:00.000Z,2026-08-19T23:59:59.000Z,KEEP_LIVE_VALUE_WINDOW_CHANGE_ONLY_IF_V4_APPROVED,LIVE_DEFAULT_MODEL_OVERWRITE_RISK,,Default,66.98,71.14,86.38,WAVE_3_REGULAR_BASE,BLOCKED_UNTIL_CHANNELMAX_DEFAULT_CONTROL_PROVEN,AMAZON_REGULAR_ATTRIBUTE_MISMATCH,CHANNELMAX_DEFAULT_MODEL_OVERWRITE_RISK|PROMO_V4_NOT_OWNER_APPROVED|LIVE_SALEPRICE_WINDOW_DIFFERS_FROM_V4_PROPOSAL
120,TP-AS91-8PAZ,B0H835T5HN,30,85.99,74.75,85.99,77.51,74.75,85.99,OFFER,74.81,74.81,MATCHES_ACTIVE_SALE_NOT_REGULAR_DRIFT,SET_TO_TARGET,KEEP,KEEP,SALEPRICE_13,B,13,74.81,74.81,2026-07-14T00:00:00Z,2026-08-13T23:59:59Z,2026-07-20T00:00:00.000Z,2026-08-19T23:59:59.000Z,KEEP_LIVE_VALUE_WINDOW_CHANGE_ONLY_IF_V4_APPROVED,LIVE_DEFAULT_MODEL_OVERWRITE_RISK,,Default,74.81,77.51,94.12,WAVE_3_REGULAR_BASE,BLOCKED_UNTIL_CHANNELMAX_DEFAULT_CONTROL_PROVEN,AMAZON_REGULAR_ATTRIBUTE_MISMATCH,CHANNELMAX_DEFAULT_MODEL_OVERWRITE_RISK|PROMO_V4_NOT_OWNER_APPROVED|LIVE_SALEPRICE_WINDOW_DIFFERS_FROM_V4_PROPOSAL
121,TQ-ASBR-96TC,B0H82BCZ44,24,76.99,66.95,76.99,81.14,66.95,76.99,NO_OFFER,,66.98,NO_OFFER,SET_TO_TARGET,KEEP,KEEP,SALEPRICE_13,B,13,66.98,66.98,2026-07-14T00:00:00Z,2026-08-13T23:59:59Z,2026-07-20T00:00:00.000Z,2026-08-19T23:59:59.000Z,KEEP_LIVE_VALUE_WINDOW_CHANGE_ONLY_IF_V4_APPROVED,LIVE_DEFAULT_MODEL_OVERWRITE_RISK,,Default,0,81.14,98.53,WAVE_3_REGULAR_BASE,BLOCKED_UNTIL_CHANNELMAX_DEFAULT_CONTROL_PROVEN,AMAZON_REGULAR_ATTRIBUTE_MISMATCH,AMAZON_CONSUMER_OFFER_UNAVAILABLE|CHANNELMAX_DEFAULT_MODEL_OVERWRITE_RISK|PROMO_V4_NOT_OWNER_APPROVED|LIVE_SALEPRICE_WINDOW_DIFFERS_FROM_V4_PROPOSAL
122,TQ-ASC4-P2NP,B0H839G6RQ,90,252.99,219.57,252.99,252.99,219.57,252.99,OFFER,252.99,252.99,MATCHES_REGULAR_AND_CURRENT_SEMANTICS,KEEP,KEEP,KEEP,COUPON_13,A,13,,220.1,,,,,VERIFY_OR_CREATE_ONLY_AFTER_V4_OWNER_APPROVAL,LIVE_DEFAULT_MODEL_OVERWRITE_RISK,,Default,252.99,221.27,268.69,NO_BASE_OR_GUARD_CHANGE,BLOCKED_UNTIL_CHANNELMAX_DEFAULT_CONTROL_PROVEN,,CHANNELMAX_DEFAULT_MODEL_OVERWRITE_RISK|PROMO_V4_NOT_OWNER_APPROVED|LIVE_COUPON_APPLICATION_EVIDENCE_MISSING
123,TY-AST2-JE9P,B0H84WQRXB,24,76.99,66.95,76.99,48.73,66.95,76.99,NO_OFFER,,66.98,NO_OFFER,HOLD,HOLD,HOLD,SALEPRICE_13,B,13,66.98,,2026-07-14T00:00:00Z,2026-08-13T23:59:59Z,,,HOLD_IDENTITY_REVIEW_EXISTING_LIVE_SALE,LIVE_DEFAULT_MODEL_OVERWRITE_RISK,,Default,0,40.13,48.73,HOLD_IDENTITY,HOLD_IDENTITY,,CATALOG_IDENTITY_CONFLICT_8541|AMAZON_CONSUMER_OFFER_UNAVAILABLE|CHANNELMAX_DEFAULT_MODEL_OVERWRITE_RISK
124,UA-ASAO-RE7Q,B0H784LMG6,45,130.99,114.27,130.99,144.24,114.27,130.99,NO_OFFER,,130.99,NO_OFFER,SET_TO_TARGET,KEEP,KEEP,COUPON_12,A,12,,115.27,,,,,VERIFY_OR_CREATE_ONLY_AFTER_V4_OWNER_APPROVAL,LIVE_DEFAULT_MODEL_OVERWRITE_RISK,,Default,0,144.24,182.06,WAVE_3_REGULAR_BASE,BLOCKED_UNTIL_CHANNELMAX_DEFAULT_CONTROL_PROVEN,AMAZON_REGULAR_ATTRIBUTE_MISMATCH,AMAZON_CONSUMER_OFFER_UNAVAILABLE|CHANNELMAX_DEFAULT_MODEL_OVERWRITE_RISK|PROMO_V4_NOT_OWNER_APPROVED|LIVE_COUPON_APPLICATION_EVIDENCE_MISSING
125,UD-AS9J-QNY6,B0H834L7P6,90,252.99,219.57,252.99,223.14,219.57,252.99,OFFER,220.1,220.1,MATCHES_ACTIVE_SALE_NOT_REGULAR_DRIFT,SET_TO_TARGET,KEEP,KEEP,SALEPRICE_13,B,13,220.1,220.1,2026-07-14T00:00:00Z,2026-08-13T23:59:59Z,2026-07-20T00:00:00.000Z,2026-08-19T23:59:59.000Z,KEEP_LIVE_VALUE_WINDOW_CHANGE_ONLY_IF_V4_APPROVED,LIVE_DEFAULT_MODEL_OVERWRITE_RISK,,Default,220.1,223.14,270.96,WAVE_3_REGULAR_BASE,BLOCKED_UNTIL_CHANNELMAX_DEFAULT_CONTROL_PROVEN,AMAZON_REGULAR_ATTRIBUTE_MISMATCH,CHANNELMAX_DEFAULT_MODEL_OVERWRITE_RISK|PROMO_V4_NOT_OWNER_APPROVED|LIVE_SALEPRICE_WINDOW_DIFFERS_FROM_V4_PROPOSAL
126,UE-ASA6-CLLY,B0H83ZHZ4S,24,76.99,66.95,76.99,76.99,66.95,76.99,OFFER,66.98,66.98,MATCHES_ACTIVE_SALE_NOT_REGULAR_DRIFT,KEEP,KEEP,KEEP,SALEPRICE_13,B,13,66.98,66.98,2026-07-14T00:00:00Z,2026-08-13T23:59:59Z,2026-07-20T00:00:00.000Z,2026-08-19T23:59:59.000Z,KEEP_LIVE_VALUE_WINDOW_CHANGE_ONLY_IF_V4_APPROVED,LIVE_DEFAULT_MODEL_OVERWRITE_RISK,,Default,66.98,64.38,78.18,NO_BASE_OR_GUARD_CHANGE,BLOCKED_UNTIL_CHANNELMAX_DEFAULT_CONTROL_PROVEN,,CHANNELMAX_DEFAULT_MODEL_OVERWRITE_RISK|PROMO_V4_NOT_OWNER_APPROVED|LIVE_SALEPRICE_WINDOW_DIFFERS_FROM_V4_PROPOSAL
127,UF-ASA1-GN5P,B0H854DM3X,24,76.99,66.95,76.99,76.99,66.95,76.99,OFFER,66.98,66.98,MATCHES_ACTIVE_SALE_NOT_REGULAR_DRIFT,KEEP,KEEP,KEEP,SALEPRICE_13,B,13,66.98,66.98,2026-07-14T00:00:00Z,2026-08-13T23:59:59Z,2026-07-20T00:00:00.000Z,2026-08-19T23:59:59.000Z,KEEP_LIVE_VALUE_WINDOW_CHANGE_ONLY_IF_V4_APPROVED,LIVE_DEFAULT_MODEL_OVERWRITE_RISK,,Default,66.98,64.89,78.79,NO_BASE_OR_GUARD_CHANGE,BLOCKED_UNTIL_CHANNELMAX_DEFAULT_CONTROL_PROVEN,,CHANNELMAX_DEFAULT_MODEL_OVERWRITE_RISK|PROMO_V4_NOT_OWNER_APPROVED|LIVE_SALEPRICE_WINDOW_DIFFERS_FROM_V4_PROPOSAL
128,UG-ASUO-L4D9,B0H83FP8WW,90,252.99,219.57,252.99,252.99,219.57,252.99,OFFER,252.99,252.99,MATCHES_REGULAR_AND_CURRENT_SEMANTICS,KEEP,KEEP,KEEP,COUPON_13,A,13,,220.1,,,,,VERIFY_OR_CREATE_ONLY_AFTER_V4_OWNER_APPROVAL,LIVE_DEFAULT_MODEL_OVERWRITE_RISK,,Default,252.99,221.27,268.69,NO_BASE_OR_GUARD_CHANGE,BLOCKED_UNTIL_CHANNELMAX_DEFAULT_CONTROL_PROVEN,,CHANNELMAX_DEFAULT_MODEL_OVERWRITE_RISK|PROMO_V4_NOT_OWNER_APPROVED|LIVE_COUPON_APPLICATION_EVIDENCE_MISSING
129,UJ-ASQ1-9FNR,B0H82P651P,24,76.99,66.95,76.99,77.64,66.95,76.99,NO_OFFER,,66.98,NO_OFFER,SET_TO_TARGET,KEEP,KEEP,SALEPRICE_13,B,13,66.98,66.98,2026-07-14T00:00:00Z,2026-08-13T23:59:59Z,2026-07-20T00:00:00.000Z,2026-08-19T23:59:59.000Z,KEEP_LIVE_VALUE_WINDOW_CHANGE_ONLY_IF_V4_APPROVED,LIVE_DEFAULT_MODEL_OVERWRITE_RISK,,Default,0,77.64,94.27,WAVE_3_REGULAR_BASE,BLOCKED_UNTIL_CHANNELMAX_DEFAULT_CONTROL_PROVEN,AMAZON_REGULAR_ATTRIBUTE_MISMATCH,AMAZON_CONSUMER_OFFER_UNAVAILABLE|CHANNELMAX_DEFAULT_MODEL_OVERWRITE_RISK|PROMO_V4_NOT_OWNER_APPROVED|LIVE_SALEPRICE_WINDOW_DIFFERS_FROM_V4_PROPOSAL
130,UY-AS5N-A2E4,B0H83R4M3R,120,297.99,258.57,297.99,349.41,258.57,297.99,NO_OFFER,,259.25,NO_OFFER,SET_TO_TARGET,KEEP,KEEP,SALEPRICE_13,B,13,259.25,259.25,2026-07-14T00:00:00Z,2026-08-13T23:59:59Z,2026-07-20T00:00:00.000Z,2026-08-19T23:59:59.000Z,KEEP_LIVE_VALUE_WINDOW_CHANGE_ONLY_IF_V4_APPROVED,LIVE_DEFAULT_MODEL_OVERWRITE_RISK,,Default,0,349.41,424.28,WAVE_3_REGULAR_BASE,BLOCKED_UNTIL_CHANNELMAX_DEFAULT_CONTROL_PROVEN,AMAZON_REGULAR_ATTRIBUTE_MISMATCH,AMAZON_CONSUMER_OFFER_UNAVAILABLE|CHANNELMAX_DEFAULT_MODEL_OVERWRITE_RISK|PROMO_V4_NOT_OWNER_APPROVED|LIVE_SALEPRICE_WINDOW_DIFFERS_FROM_V4_PROPOSAL
131,VA-ASOK-QJCA,B0H85RZDX5,24,76.99,66.95,76.99,56.63,55,76.99,OFFER,66.98,66.98,MATCHES_ACTIVE_SALE_NOT_REGULAR_DRIFT,SET_TO_TARGET,SET_TO_TARGET,KEEP,SALEPRICE_13,B,13,66.98,66.98,2026-07-14T00:00:00Z,2026-08-13T23:59:59Z,2026-07-20T00:00:00.000Z,2026-08-19T23:59:59.000Z,KEEP_LIVE_VALUE_WINDOW_CHANGE_ONLY_IF_V4_APPROVED,LIVE_DEFAULT_MODEL_OVERWRITE_RISK,,Default,66.98,46.64,56.63,WAVE_2_GUARDRAILS_AND_OVERLAPPING_BASE,BLOCKED_UNTIL_CHANNELMAX_DEFAULT_CONTROL_PROVEN,AMAZON_REGULAR_ATTRIBUTE_MISMATCH|AMAZON_MIN_GUARD_MISMATCH,CHANNELMAX_DEFAULT_MODEL_OVERWRITE_RISK|PROMO_V4_NOT_OWNER_APPROVED|LIVE_SALEPRICE_WINDOW_DIFFERS_FROM_V4_PROPOSAL
132,VC-ASQE-L5Z5,B0H82QYM85,45,130.99,114.27,130.99,114.59,114.27,130.99,OFFER,114.27,114.27,MATCHES_ACTIVE_SALE_NOT_REGULAR_DRIFT,SET_TO_TARGET,KEEP,KEEP,SALEPRICE_12,B,12,114.27,115.27,2026-07-14T00:00:00Z,2026-08-13T23:59:59Z,2026-07-20T00:00:00.000Z,2026-08-19T23:59:59.000Z,REVISE_VALUE_AND_WINDOW_ONLY_AFTER_V4_OWNER_APPROVAL,LIVE_DEFAULT_MODEL_OVERWRITE_RISK,,Default,114.27,114.59,139.15,WAVE_3_REGULAR_BASE,BLOCKED_UNTIL_CHANNELMAX_DEFAULT_CONTROL_PROVEN,AMAZON_REGULAR_ATTRIBUTE_MISMATCH,CHANNELMAX_DEFAULT_MODEL_OVERWRITE_RISK|PROMO_V4_NOT_OWNER_APPROVED|LIVE_SALEPRICE_VALUE_DIFFERS_FROM_V4_PROPOSAL|LIVE_SALEPRICE_WINDOW_DIFFERS_FROM_V4_PROPOSAL
133,VC-ASV1-378P,B0H786L5MW,90,252.99,219.57,252.99,289.28,219.57,252.99,NO_OFFER,,252.99,NO_OFFER,SET_TO_TARGET,KEEP,KEEP,COUPON_13,A,13,,220.1,,,,,VERIFY_OR_CREATE_ONLY_AFTER_V4_OWNER_APPROVAL,LIVE_MANUAL_MODEL_BOUNDS_MISMATCH,59021,Manual min/max,0,251.32,289.28,CANARY_1_CHANNELMAX_SAME_MODEL,CANARY_CANDIDATE_OWNER_WRITE_GATE_REQUIRED,AMAZON_REGULAR_ATTRIBUTE_MISMATCH|CHANNELMAX_MANUAL_MODEL_BOUNDS_MISMATCH,AMAZON_CONSUMER_OFFER_UNAVAILABLE|PROMO_V4_NOT_OWNER_APPROVED|LIVE_COUPON_APPLICATION_EVIDENCE_MISSING
134,VH-ASHZ-TJEE,B0H856VWD6,24,76.99,66.95,76.99,48.43,66.95,76.99,NO_OFFER,,66.98,NO_OFFER,SET_TO_TARGET,KEEP,KEEP,SALEPRICE_13,B,13,66.98,66.98,2026-07-14T00:00:00Z,2026-08-13T23:59:59Z,2026-07-20T00:00:00.000Z,2026-08-19T23:59:59.000Z,KEEP_LIVE_VALUE_WINDOW_CHANGE_ONLY_IF_V4_APPROVED,LIVE_DEFAULT_MODEL_OVERWRITE_RISK,,Default,0,39.88,48.43,WAVE_3_REGULAR_BASE,BLOCKED_UNTIL_CHANNELMAX_DEFAULT_CONTROL_PROVEN,AMAZON_REGULAR_ATTRIBUTE_MISMATCH,AMAZON_CONSUMER_OFFER_UNAVAILABLE|CHANNELMAX_DEFAULT_MODEL_OVERWRITE_RISK|PROMO_V4_NOT_OWNER_APPROVED|LIVE_SALEPRICE_WINDOW_DIFFERS_FROM_V4_PROPOSAL
135,VK-ASSB-3YFK,B0H85FY28F,24,76.99,66.95,76.99,76.99,66.95,76.99,OFFER,66.98,66.98,MATCHES_ACTIVE_SALE_NOT_REGULAR_DRIFT,KEEP,KEEP,KEEP,SALEPRICE_13,B,13,66.98,66.98,2026-07-14T00:00:00Z,2026-08-13T23:59:59Z,2026-07-20T00:00:00.000Z,2026-08-19T23:59:59.000Z,KEEP_LIVE_VALUE_WINDOW_CHANGE_ONLY_IF_V4_APPROVED,LIVE_DEFAULT_MODEL_OVERWRITE_RISK,,Default,66.98,64.38,78.18,NO_BASE_OR_GUARD_CHANGE,BLOCKED_UNTIL_CHANNELMAX_DEFAULT_CONTROL_PROVEN,,CHANNELMAX_DEFAULT_MODEL_OVERWRITE_RISK|PROMO_V4_NOT_OWNER_APPROVED|LIVE_SALEPRICE_WINDOW_DIFFERS_FROM_V4_PROPOSAL
136,VN-AS1A-D572,B0H82PKK18,45,130.99,114.27,130.99,129.59,116.57,156,OFFER,129.59,130.99,MISMATCH_CURRENT_SEMANTICS,HOLD,HOLD,HOLD,,,,,,,,,,HOLD_IDENTITY_NO_PROMO,LIVE_MANUAL_MODEL_BOUNDS_MISMATCH,59021,Manual min/max,129.59,120,162,HOLD_IDENTITY,HOLD_IDENTITY,,CATALOG_IDENTITY_CONFLICT_8541
137,VN-AS6Q-5AE9,B0H8538L32,24,76.99,66.95,76.99,76.99,66.95,76.99,OFFER,66.98,66.98,MATCHES_ACTIVE_SALE_NOT_REGULAR_DRIFT,KEEP,KEEP,KEEP,SALEPRICE_13,B,13,66.98,66.98,2026-07-14T00:00:00Z,2026-08-13T23:59:59Z,2026-07-20T00:00:00.000Z,2026-08-19T23:59:59.000Z,KEEP_LIVE_VALUE_WINDOW_CHANGE_ONLY_IF_V4_APPROVED,LIVE_DEFAULT_MODEL_OVERWRITE_RISK,,Default,66.98,65.13,79.09,NO_BASE_OR_GUARD_CHANGE,BLOCKED_UNTIL_CHANNELMAX_DEFAULT_CONTROL_PROVEN,,CHANNELMAX_DEFAULT_MODEL_OVERWRITE_RISK|PROMO_V4_NOT_OWNER_APPROVED|LIVE_SALEPRICE_WINDOW_DIFFERS_FROM_V4_PROPOSAL
138,VT-ASTH-B6LM,B0H85CL8JD,24,76.99,66.95,76.99,71.64,66.95,76.99,OFFER,66.98,66.98,MATCHES_ACTIVE_SALE_NOT_REGULAR_DRIFT,SET_TO_TARGET,KEEP,KEEP,SALEPRICE_13,B,13,66.98,66.98,2026-07-14T00:00:00Z,2026-08-13T23:59:59Z,2026-07-20T00:00:00.000Z,2026-08-19T23:59:59.000Z,KEEP_LIVE_VALUE_WINDOW_CHANGE_ONLY_IF_V4_APPROVED,LIVE_DEFAULT_MODEL_OVERWRITE_RISK,,Default,66.98,71.64,86.99,WAVE_3_REGULAR_BASE,BLOCKED_UNTIL_CHANNELMAX_DEFAULT_CONTROL_PROVEN,AMAZON_REGULAR_ATTRIBUTE_MISMATCH,CHANNELMAX_DEFAULT_MODEL_OVERWRITE_RISK|PROMO_V4_NOT_OWNER_APPROVED|LIVE_SALEPRICE_WINDOW_DIFFERS_FROM_V4_PROPOSAL
139,WC-ASH5-EFN6,B0H833W54L,30,85.99,74.75,85.99,93.13,74.75,85.99,NO_OFFER,,85.99,NO_OFFER,SET_TO_TARGET,KEEP,KEEP,COUPON_13,A,13,,74.81,,,,,VERIFY_OR_CREATE_ONLY_AFTER_V4_OWNER_APPROVAL,LIVE_DEFAULT_MODEL_OVERWRITE_RISK,,Default,0,93.13,113.09,WAVE_3_REGULAR_BASE,BLOCKED_UNTIL_CHANNELMAX_DEFAULT_CONTROL_PROVEN,AMAZON_REGULAR_ATTRIBUTE_MISMATCH,AMAZON_CONSUMER_OFFER_UNAVAILABLE|CHANNELMAX_DEFAULT_MODEL_OVERWRITE_RISK|PROMO_V4_NOT_OWNER_APPROVED|LIVE_COUPON_APPLICATION_EVIDENCE_MISSING
140,WK-AS2R-FJUW,B0H82XBNVN,90,252.99,219.57,252.99,226.89,219.57,252.99,OFFER,220.1,220.1,MATCHES_ACTIVE_SALE_NOT_REGULAR_DRIFT,SET_TO_TARGET,KEEP,KEEP,SALEPRICE_13,B,13,220.1,220.1,2026-07-14T00:00:00Z,2026-08-13T23:59:59Z,2026-07-20T00:00:00.000Z,2026-08-19T23:59:59.000Z,KEEP_LIVE_VALUE_WINDOW_CHANGE_ONLY_IF_V4_APPROVED,LIVE_DEFAULT_MODEL_OVERWRITE_RISK,,Default,220.1,226.89,275.52,WAVE_3_REGULAR_BASE,BLOCKED_UNTIL_CHANNELMAX_DEFAULT_CONTROL_PROVEN,AMAZON_REGULAR_ATTRIBUTE_MISMATCH,CHANNELMAX_DEFAULT_MODEL_OVERWRITE_RISK|PROMO_V4_NOT_OWNER_APPROVED|LIVE_SALEPRICE_WINDOW_DIFFERS_FROM_V4_PROPOSAL
141,WK-AS7E-M3CE,B0H843R64X,24,76.99,66.95,76.99,76.99,74.05,85.7,NO_OFFER,,66.98,NO_OFFER,KEEP,SET_TO_TARGET,SET_TO_TARGET,SALEPRICE_13,B,13,66.98,66.98,2026-07-14T00:00:00Z,2026-08-13T23:59:59Z,2026-07-20T00:00:00.000Z,2026-08-19T23:59:59.000Z,KEEP_LIVE_VALUE_WINDOW_CHANGE_ONLY_IF_V4_APPROVED,LIVE_DEFAULT_MODEL_OVERWRITE_RISK,,Default,0,77.64,94.27,WAVE_2_GUARDRAILS_AND_OVERLAPPING_BASE,BLOCKED_UNTIL_CHANNELMAX_DEFAULT_CONTROL_PROVEN,AMAZON_MIN_GUARD_MISMATCH|AMAZON_MAX_GUARD_MISMATCH,AMAZON_CONSUMER_OFFER_UNAVAILABLE|CHANNELMAX_DEFAULT_MODEL_OVERWRITE_RISK|PROMO_V4_NOT_OWNER_APPROVED|LIVE_SALEPRICE_WINDOW_DIFFERS_FROM_V4_PROPOSAL
142,WK-ASPD-G9HL,B0H85CF81Y,24,76.99,66.95,76.99,76.99,66.95,76.99,OFFER,76.99,76.99,MATCHES_REGULAR_AND_CURRENT_SEMANTICS,KEEP,KEEP,KEEP,COUPON_13,A,13,,66.98,,,,,VERIFY_OR_CREATE_ONLY_AFTER_V4_OWNER_APPROVAL,LIVE_DEFAULT_MODEL_OVERWRITE_RISK,,Default,76.99,64.89,78.79,NO_BASE_OR_GUARD_CHANGE,BLOCKED_UNTIL_CHANNELMAX_DEFAULT_CONTROL_PROVEN,,CHANNELMAX_DEFAULT_MODEL_OVERWRITE_RISK|PROMO_V4_NOT_OWNER_APPROVED|LIVE_COUPON_APPLICATION_EVIDENCE_MISSING
143,WN-AS33-UFEA,B0H83RCTVV,120,297.99,258.57,297.99,297.99,258.57,297.99,OFFER,297.99,297.99,MATCHES_REGULAR_AND_CURRENT_SEMANTICS,KEEP,KEEP,KEEP,COUPON_13,A,13,,259.25,,,,,VERIFY_OR_CREATE_ONLY_AFTER_V4_OWNER_APPROVAL,LIVE_DEFAULT_MODEL_OVERWRITE_RISK,,Default,297.99,284.4,345.34,NO_BASE_OR_GUARD_CHANGE,BLOCKED_UNTIL_CHANNELMAX_DEFAULT_CONTROL_PROVEN,,CHANNELMAX_DEFAULT_MODEL_OVERWRITE_RISK|PROMO_V4_NOT_OWNER_APPROVED|LIVE_COUPON_APPLICATION_EVIDENCE_MISSING
144,WR-ASR5-AVWE,B0H859VYXH,24,76.99,66.95,76.99,86.38,66.95,76.99,NO_OFFER,,76.99,NO_OFFER,SET_TO_TARGET,KEEP,KEEP,COUPON_13,A,13,,66.98,,,,,VERIFY_OR_CREATE_ONLY_AFTER_V4_OWNER_APPROVAL,LIVE_DEFAULT_MODEL_OVERWRITE_RISK,,Default,0,71.14,86.38,WAVE_3_REGULAR_BASE,BLOCKED_UNTIL_CHANNELMAX_DEFAULT_CONTROL_PROVEN,AMAZON_REGULAR_ATTRIBUTE_MISMATCH,AMAZON_CONSUMER_OFFER_UNAVAILABLE|CHANNELMAX_DEFAULT_MODEL_OVERWRITE_RISK|PROMO_V4_NOT_OWNER_APPROVED|LIVE_COUPON_APPLICATION_EVIDENCE_MISSING
145,WR-ASTH-TPXV,B0H85DRT93,24,76.99,66.95,76.99,78.17,66.95,96.99,OFFER,78.17,76.99,MISMATCH_CURRENT_SEMANTICS,SET_TO_TARGET,KEEP,SET_TO_TARGET,COUPON_13,A,13,,66.98,,,,,VERIFY_OR_CREATE_ONLY_AFTER_V4_OWNER_APPROVAL,LIVE_DEFAULT_MODEL_OVERWRITE_RISK,,Default,78.17,77.64,94.27,WAVE_1_EFFECTIVE_CUSTOMER_PRICE,BLOCKED_UNTIL_CHANNELMAX_DEFAULT_CONTROL_PROVEN,AMAZON_REGULAR_ATTRIBUTE_MISMATCH|AMAZON_MAX_GUARD_MISMATCH|AMAZON_EFFECTIVE_CONSUMER_MISMATCH_CURRENT_SEMANTICS,CHANNELMAX_DEFAULT_MODEL_OVERWRITE_RISK|PROMO_V4_NOT_OWNER_APPROVED|LIVE_COUPON_APPLICATION_EVIDENCE_MISSING
146,WZ-ASXK-ZFAS,B0H85DF1R7,24,76.99,66.95,76.99,76.99,66.95,76.99,OFFER,76.99,76.99,MATCHES_REGULAR_AND_CURRENT_SEMANTICS,KEEP,KEEP,KEEP,COUPON_13,A,13,,66.98,,,,,VERIFY_OR_CREATE_ONLY_AFTER_V4_OWNER_APPROVAL,LIVE_DEFAULT_MODEL_OVERWRITE_RISK,,Default,76.99,72.88,88.51,NO_BASE_OR_GUARD_CHANGE,BLOCKED_UNTIL_CHANNELMAX_DEFAULT_CONTROL_PROVEN,,CHANNELMAX_DEFAULT_MODEL_OVERWRITE_RISK|PROMO_V4_NOT_OWNER_APPROVED|LIVE_COUPON_APPLICATION_EVIDENCE_MISSING
147,XE-ASK1-BNRB,B0H81WMJBP,45,130.99,114.27,130.99,114.59,114.27,130.99,OFFER,114.27,114.27,MATCHES_ACTIVE_SALE_NOT_REGULAR_DRIFT,SET_TO_TARGET,KEEP,KEEP,SALEPRICE_12,B,12,114.27,115.27,2026-07-14T00:00:00Z,2026-08-13T23:59:59Z,2026-07-20T00:00:00.000Z,2026-08-19T23:59:59.000Z,REVISE_VALUE_AND_WINDOW_ONLY_AFTER_V4_OWNER_APPROVAL,LIVE_DEFAULT_MODEL_OVERWRITE_RISK,,Default,114.27,114.59,139.15,WAVE_3_REGULAR_BASE,BLOCKED_UNTIL_CHANNELMAX_DEFAULT_CONTROL_PROVEN,AMAZON_REGULAR_ATTRIBUTE_MISMATCH,CHANNELMAX_DEFAULT_MODEL_OVERWRITE_RISK|PROMO_V4_NOT_OWNER_APPROVED|LIVE_SALEPRICE_VALUE_DIFFERS_FROM_V4_PROPOSAL|LIVE_SALEPRICE_WINDOW_DIFFERS_FROM_V4_PROPOSAL
148,XJ-ASVD-CDMW,B0H82MSTD9,45,130.99,114.27,130.99,138.98,114.27,130.99,NO_OFFER,,114.27,NO_OFFER,SET_TO_TARGET,KEEP,KEEP,SALEPRICE_12,B,12,114.27,115.27,2026-07-14T00:00:00Z,2026-08-13T23:59:59Z,2026-07-20T00:00:00.000Z,2026-08-19T23:59:59.000Z,REVISE_VALUE_AND_WINDOW_ONLY_AFTER_V4_OWNER_APPROVAL,LIVE_DEFAULT_MODEL_OVERWRITE_RISK,,Default,0,138.98,168.75,WAVE_3_REGULAR_BASE,BLOCKED_UNTIL_CHANNELMAX_DEFAULT_CONTROL_PROVEN,AMAZON_REGULAR_ATTRIBUTE_MISMATCH,AMAZON_CONSUMER_OFFER_UNAVAILABLE|CHANNELMAX_DEFAULT_MODEL_OVERWRITE_RISK|PROMO_V4_NOT_OWNER_APPROVED|LIVE_SALEPRICE_VALUE_DIFFERS_FROM_V4_PROPOSAL|LIVE_SALEPRICE_WINDOW_DIFFERS_FROM_V4_PROPOSAL
149,XV-ASEU-GDUX,B0H82YRTS3,45,130.99,114.27,130.99,138.98,114.27,130.99,NO_OFFER,,114.27,NO_OFFER,SET_TO_TARGET,KEEP,KEEP,SALEPRICE_12,B,12,114.27,115.27,2026-07-14T00:00:00Z,2026-08-13T23:59:59Z,2026-07-20T00:00:00.000Z,2026-08-19T23:59:59.000Z,REVISE_VALUE_AND_WINDOW_ONLY_AFTER_V4_OWNER_APPROVAL,LIVE_DEFAULT_MODEL_OVERWRITE_RISK,,Default,0,138.98,168.75,WAVE_3_REGULAR_BASE,BLOCKED_UNTIL_CHANNELMAX_DEFAULT_CONTROL_PROVEN,AMAZON_REGULAR_ATTRIBUTE_MISMATCH,AMAZON_CONSUMER_OFFER_UNAVAILABLE|CHANNELMAX_DEFAULT_MODEL_OVERWRITE_RISK|PROMO_V4_NOT_OWNER_APPROVED|LIVE_SALEPRICE_VALUE_DIFFERS_FROM_V4_PROPOSAL|LIVE_SALEPRICE_WINDOW_DIFFERS_FROM_V4_PROPOSAL
150,XW-ASSI-SZZT,B0H858GF4N,24,76.99,66.95,76.99,76.99,66.95,76.99,OFFER,66.98,66.98,MATCHES_ACTIVE_SALE_NOT_REGULAR_DRIFT,KEEP,KEEP,KEEP,SALEPRICE_13,B,13,66.98,66.98,2026-07-14T00:00:00Z,2026-08-13T23:59:59Z,2026-07-20T00:00:00.000Z,2026-08-19T23:59:59.000Z,KEEP_LIVE_VALUE_WINDOW_CHANGE_ONLY_IF_V4_APPROVED,LIVE_DEFAULT_MODEL_OVERWRITE_RISK,,Default,66.98,65.13,79.09,NO_BASE_OR_GUARD_CHANGE,BLOCKED_UNTIL_CHANNELMAX_DEFAULT_CONTROL_PROVEN,,CHANNELMAX_DEFAULT_MODEL_OVERWRITE_RISK|PROMO_V4_NOT_OWNER_APPROVED|LIVE_SALEPRICE_WINDOW_DIFFERS_FROM_V4_PROPOSAL
151,YA-ASX6-PZE7,B0H82YB4PD,30,85.99,74.75,85.99,85.99,74.75,85.99,OFFER,85.99,85.99,MATCHES_REGULAR_AND_CURRENT_SEMANTICS,KEEP,KEEP,KEEP,COUPON_13,A,13,,74.81,,,,,VERIFY_OR_CREATE_ONLY_AFTER_V4_OWNER_APPROVAL,LIVE_DEFAULT_MODEL_OVERWRITE_RISK,,Default,85.99,76.26,92.6,NO_BASE_OR_GUARD_CHANGE,BLOCKED_UNTIL_CHANNELMAX_DEFAULT_CONTROL_PROVEN,,CHANNELMAX_DEFAULT_MODEL_OVERWRITE_RISK|PROMO_V4_NOT_OWNER_APPROVED|LIVE_COUPON_APPLICATION_EVIDENCE_MISSING
152,YF-ASZJ-8BBH,B0H822MPKC,30,85.99,74.75,85.99,85.99,74.75,85.99,OFFER,85.99,85.99,MATCHES_REGULAR_AND_CURRENT_SEMANTICS,KEEP,KEEP,KEEP,COUPON_13,A,13,,74.81,,,,,VERIFY_OR_CREATE_ONLY_AFTER_V4_OWNER_APPROVAL,LIVE_DEFAULT_MODEL_OVERWRITE_RISK,,Default,85.99,76.88,93.36,NO_BASE_OR_GUARD_CHANGE,BLOCKED_UNTIL_CHANNELMAX_DEFAULT_CONTROL_PROVEN,,CHANNELMAX_DEFAULT_MODEL_OVERWRITE_RISK|PROMO_V4_NOT_OWNER_APPROVED|LIVE_COUPON_APPLICATION_EVIDENCE_MISSING
153,YG-ASH6-BCXX,B0H8511Y5G,24,76.99,66.95,76.99,76.99,66.95,76.99,OFFER,66.98,66.98,MATCHES_ACTIVE_SALE_NOT_REGULAR_DRIFT,KEEP,KEEP,KEEP,SALEPRICE_13,B,13,66.98,66.98,2026-07-14T00:00:00Z,2026-08-13T23:59:59Z,2026-07-20T00:00:00.000Z,2026-08-19T23:59:59.000Z,KEEP_LIVE_VALUE_WINDOW_CHANGE_ONLY_IF_V4_APPROVED,LIVE_DEFAULT_MODEL_OVERWRITE_RISK,,Default,66.98,64.89,78.79,NO_BASE_OR_GUARD_CHANGE,BLOCKED_UNTIL_CHANNELMAX_DEFAULT_CONTROL_PROVEN,,CHANNELMAX_DEFAULT_MODEL_OVERWRITE_RISK|PROMO_V4_NOT_OWNER_APPROVED|LIVE_SALEPRICE_WINDOW_DIFFERS_FROM_V4_PROPOSAL
154,YH-ASQ8-45ED,B0H82QPCJL,45,130.99,114.27,130.99,130.99,114.27,130.99,OFFER,130.99,130.99,MATCHES_REGULAR_AND_CURRENT_SEMANTICS,KEEP,KEEP,KEEP,COUPON_12,A,12,,115.27,,,,,VERIFY_OR_CREATE_ONLY_AFTER_V4_OWNER_APPROVAL,LIVE_DEFAULT_MODEL_OVERWRITE_RISK,,Default,130.99,116.47,141.43,NO_BASE_OR_GUARD_CHANGE,BLOCKED_UNTIL_CHANNELMAX_DEFAULT_CONTROL_PROVEN,,CHANNELMAX_DEFAULT_MODEL_OVERWRITE_RISK|PROMO_V4_NOT_OWNER_APPROVED|LIVE_COUPON_APPLICATION_EVIDENCE_MISSING
155,YM-AS7P-ZX44,B0H83S1LDG,120,297.99,258.57,297.99,281.91,258.57,297.99,OFFER,259.25,259.25,MATCHES_ACTIVE_SALE_NOT_REGULAR_DRIFT,SET_TO_TARGET,KEEP,KEEP,SALEPRICE_13,B,13,259.25,259.25,2026-07-14T00:00:00Z,2026-08-13T23:59:59Z,2026-07-20T00:00:00.000Z,2026-08-19T23:59:59.000Z,KEEP_LIVE_VALUE_WINDOW_CHANGE_ONLY_IF_V4_APPROVED,LIVE_DEFAULT_MODEL_OVERWRITE_RISK,,Default,259.25,281.91,342.31,WAVE_3_REGULAR_BASE,BLOCKED_UNTIL_CHANNELMAX_DEFAULT_CONTROL_PROVEN,AMAZON_REGULAR_ATTRIBUTE_MISMATCH,CHANNELMAX_DEFAULT_MODEL_OVERWRITE_RISK|PROMO_V4_NOT_OWNER_APPROVED|LIVE_SALEPRICE_WINDOW_DIFFERS_FROM_V4_PROPOSAL
156,YV-AST8-LMKN,B0H859JMGJ,24,76.99,66.95,76.99,76.99,66.95,76.99,OFFER,76.99,76.99,MATCHES_REGULAR_AND_CURRENT_SEMANTICS,KEEP,KEEP,KEEP,COUPON_13,A,13,,66.98,,,,,VERIFY_OR_CREATE_ONLY_AFTER_V4_OWNER_APPROVAL,LIVE_DEFAULT_MODEL_OVERWRITE_RISK,,Default,76.99,64.64,78.48,NO_BASE_OR_GUARD_CHANGE,BLOCKED_UNTIL_CHANNELMAX_DEFAULT_CONTROL_PROVEN,,CHANNELMAX_DEFAULT_MODEL_OVERWRITE_RISK|PROMO_V4_NOT_OWNER_APPROVED|LIVE_COUPON_APPLICATION_EVIDENCE_MISSING
157,ZB-ASKL-9W8G,B0H82LKBYH,45,130.99,114.27,130.99,130.99,114.27,130.99,OFFER,114.27,114.27,MATCHES_ACTIVE_SALE_NOT_REGULAR_DRIFT,KEEP,KEEP,KEEP,SALEPRICE_12,B,12,114.27,115.27,2026-07-14T00:00:00Z,2026-08-13T23:59:59Z,2026-07-20T00:00:00.000Z,2026-08-19T23:59:59.000Z,REVISE_VALUE_AND_WINDOW_ONLY_AFTER_V4_OWNER_APPROVAL,LIVE_DEFAULT_MODEL_OVERWRITE_RISK,,Default,114.27,113.66,138.02,NO_BASE_OR_GUARD_CHANGE,BLOCKED_UNTIL_CHANNELMAX_DEFAULT_CONTROL_PROVEN,,CHANNELMAX_DEFAULT_MODEL_OVERWRITE_RISK|PROMO_V4_NOT_OWNER_APPROVED|LIVE_SALEPRICE_VALUE_DIFFERS_FROM_V4_PROPOSAL|LIVE_SALEPRICE_WINDOW_DIFFERS_FROM_V4_PROPOSAL
158,ZC-ASDC-3QMV,B0H83TSB5J,120,297.99,258.57,297.99,281.91,258.57,297.99,OFFER,259.25,259.25,MATCHES_ACTIVE_SALE_NOT_REGULAR_DRIFT,SET_TO_TARGET,KEEP,KEEP,SALEPRICE_13,B,13,259.25,259.25,2026-07-14T00:00:00Z,2026-08-13T23:59:59Z,2026-07-20T00:00:00.000Z,2026-08-19T23:59:59.000Z,KEEP_LIVE_VALUE_WINDOW_CHANGE_ONLY_IF_V4_APPROVED,LIVE_DEFAULT_MODEL_OVERWRITE_RISK,,Default,259.25,281.91,342.31,WAVE_3_REGULAR_BASE,BLOCKED_UNTIL_CHANNELMAX_DEFAULT_CONTROL_PROVEN,AMAZON_REGULAR_ATTRIBUTE_MISMATCH,CHANNELMAX_DEFAULT_MODEL_OVERWRITE_RISK|PROMO_V4_NOT_OWNER_APPROVED|LIVE_SALEPRICE_WINDOW_DIFFERS_FROM_V4_PROPOSAL
159,ZE-AS5W-FKH3,B0H8531B8B,24,76.99,66.95,76.99,49.34,56.95,76.99,NO_OFFER,,76.99,NO_OFFER,SET_TO_TARGET,SET_TO_TARGET,KEEP,COUPON_13,A,13,,66.98,,,,,VERIFY_OR_CREATE_ONLY_AFTER_V4_OWNER_APPROVAL,LIVE_DEFAULT_MODEL_OVERWRITE_RISK,,Default,0,40.62,49.34,WAVE_2_GUARDRAILS_AND_OVERLAPPING_BASE,BLOCKED_UNTIL_CHANNELMAX_DEFAULT_CONTROL_PROVEN,AMAZON_REGULAR_ATTRIBUTE_MISMATCH|AMAZON_MIN_GUARD_MISMATCH,AMAZON_CONSUMER_OFFER_UNAVAILABLE|CHANNELMAX_DEFAULT_MODEL_OVERWRITE_RISK|PROMO_V4_NOT_OWNER_APPROVED|LIVE_COUPON_APPLICATION_EVIDENCE_MISSING
160,ZH-AS8W-G5MN,B0H82LMD9Z,30,85.99,74.75,85.99,76.26,74.75,85.99,OFFER,74.81,74.81,MATCHES_ACTIVE_SALE_NOT_REGULAR_DRIFT,SET_TO_TARGET,KEEP,KEEP,SALEPRICE_13,B,13,74.81,74.81,2026-07-14T00:00:00Z,2026-08-13T23:59:59Z,2026-07-20T00:00:00.000Z,2026-08-19T23:59:59.000Z,KEEP_LIVE_VALUE_WINDOW_CHANGE_ONLY_IF_V4_APPROVED,LIVE_DEFAULT_MODEL_OVERWRITE_RISK,,Default,74.81,76.26,92.6,WAVE_3_REGULAR_BASE,BLOCKED_UNTIL_CHANNELMAX_DEFAULT_CONTROL_PROVEN,AMAZON_REGULAR_ATTRIBUTE_MISMATCH,CHANNELMAX_DEFAULT_MODEL_OVERWRITE_RISK|PROMO_V4_NOT_OWNER_APPROVED|LIVE_SALEPRICE_WINDOW_DIFFERS_FROM_V4_PROPOSAL
161,ZP-ASJD-X7ZD,B0H85N7X8W,24,76.99,66.95,76.99,72.14,66.95,76.99,OFFER,72.14,76.99,MISMATCH_CURRENT_SEMANTICS,SET_TO_TARGET,KEEP,KEEP,COUPON_13,A,13,,66.98,,,,,VERIFY_OR_CREATE_ONLY_AFTER_V4_OWNER_APPROVAL,LIVE_DEFAULT_MODEL_OVERWRITE_RISK,,Default,72.14,70.88,86.08,WAVE_1_EFFECTIVE_CUSTOMER_PRICE,BLOCKED_UNTIL_CHANNELMAX_DEFAULT_CONTROL_PROVEN,AMAZON_REGULAR_ATTRIBUTE_MISMATCH|AMAZON_EFFECTIVE_CONSUMER_MISMATCH_CURRENT_SEMANTICS,CHANNELMAX_DEFAULT_MODEL_OVERWRITE_RISK|PROMO_V4_NOT_OWNER_APPROVED|LIVE_COUPON_APPLICATION_EVIDENCE_MISSING
162,ZX-AS2C-GT8Q,B0H82L3LRT,30,85.99,74.75,85.99,76.26,74.75,85.99,OFFER,74.81,74.81,MATCHES_ACTIVE_SALE_NOT_REGULAR_DRIFT,SET_TO_TARGET,KEEP,KEEP,SALEPRICE_13,B,13,74.81,74.81,2026-07-14T00:00:00Z,2026-08-13T23:59:59Z,2026-07-20T00:00:00.000Z,2026-08-19T23:59:59.000Z,KEEP_LIVE_VALUE_WINDOW_CHANGE_ONLY_IF_V4_APPROVED,LIVE_DEFAULT_MODEL_OVERWRITE_RISK,,Default,74.81,76.26,92.6,WAVE_3_REGULAR_BASE,BLOCKED_UNTIL_CHANNELMAX_DEFAULT_CONTROL_PROVEN,AMAZON_REGULAR_ATTRIBUTE_MISMATCH,CHANNELMAX_DEFAULT_MODEL_OVERWRITE_RISK|PROMO_V4_NOT_OWNER_APPROVED|LIVE_SALEPRICE_WINDOW_DIFFERS_FROM_V4_PROPOSAL
163,ZX-ASQU-TKU9,B0H84PVG1G,24,76.99,66.95,76.99,76.99,66.95,76.99,OFFER,76.99,76.99,MATCHES_REGULAR_AND_CURRENT_SEMANTICS,KEEP,KEEP,KEEP,COUPON_13,A,13,,66.98,,,,,VERIFY_OR_CREATE_ONLY_AFTER_V4_OWNER_APPROVAL,LIVE_DEFAULT_MODEL_OVERWRITE_RISK,,Default,76.99,64.14,77.88,NO_BASE_OR_GUARD_CHANGE,BLOCKED_UNTIL_CHANNELMAX_DEFAULT_CONTROL_PROVEN,,CHANNELMAX_DEFAULT_MODEL_OVERWRITE_RISK|PROMO_V4_NOT_OWNER_APPROVED|LIVE_COUPON_APPLICATION_EVIDENCE_MISSING
164,ZY-ASZ4-QM5U,B0H83T9QZV,120,297.99,258.57,297.99,349.41,258.57,297.99,NO_OFFER,,259.25,NO_OFFER,SET_TO_TARGET,KEEP,KEEP,SALEPRICE_13,B,13,259.25,259.25,2026-07-14T00:00:00Z,2026-08-13T23:59:59Z,2026-07-20T00:00:00.000Z,2026-08-19T23:59:59.000Z,KEEP_LIVE_VALUE_WINDOW_CHANGE_ONLY_IF_V4_APPROVED,LIVE_DEFAULT_MODEL_OVERWRITE_RISK,,Default,0,349.41,424.28,WAVE_3_REGULAR_BASE,BLOCKED_UNTIL_CHANNELMAX_DEFAULT_CONTROL_PROVEN,AMAZON_REGULAR_ATTRIBUTE_MISMATCH,AMAZON_CONSUMER_OFFER_UNAVAILABLE|CHANNELMAX_DEFAULT_MODEL_OVERWRITE_RISK|PROMO_V4_NOT_OWNER_APPROVED|LIVE_SALEPRICE_WINDOW_DIFFERS_FROM_V4_PROPOSAL

