ordinal,sku,asin,gate,target_regular,target_min,target_max,amazon_consumer_offer,amazon_offer_state,amazon_regular_attribute,amazon_business_attribute,amazon_min_attribute,amazon_max_attribute,promo_state,promo_assignment,live_sale_value,live_sale_start,live_sale_end,v4_target_effective,channelmax_status,channelmax_model,channelmax_price,channelmax_min,channelmax_max,failure_codes,blocker_codes
1,AC-AS4J-B64F,B0H82ZZS2P,BLOCKED,76.99,66.95,76.99,76.99,OFFER,76.99,76.99,66.95,76.99,V4_PROPOSED_NOT_APPROVED_LIVE_SALEPRICE_MISSING,SALEPRICE_13,,,,66.98,LIVE_DEFAULT_MODEL_OVERWRITE_RISK,Default,76.99,64.64,78.48,,CHANNELMAX_DEFAULT_MODEL_OVERWRITE_RISK|PROMO_V4_NOT_OWNER_APPROVED|LIVE_SALEPRICE_SCHEDULE_MISSING
2,AD-AS4H-QXZD,B0H82J6V9T,BLOCKED,76.99,66.95,76.99,66.98,OFFER,76.99,,66.95,76.99,LIVE_LEGACY_SALEPRICE_V4_PROPOSED_NOT_APPROVED,SALEPRICE_13,66.98,2026-07-14T00:00:00Z,2026-08-13T23:59:59Z,66.98,LIVE_DEFAULT_MODEL_OVERWRITE_RISK,Default,66.98,64.64,78.48,,CHANNELMAX_DEFAULT_MODEL_OVERWRITE_RISK|PROMO_V4_NOT_OWNER_APPROVED|LIVE_SALEPRICE_WINDOW_DIFFERS_FROM_V4_PROPOSAL
3,AG-ASKV-W9EN,B0H85B64V2,BLOCKED,76.99,66.95,76.99,66.98,OFFER,76.99,,66.95,76.99,LIVE_LEGACY_SALEPRICE_V4_PROPOSED_NOT_APPROVED,SALEPRICE_13,66.98,2026-07-14T00:00:00Z,2026-08-13T23:59:59Z,66.98,LIVE_DEFAULT_MODEL_OVERWRITE_RISK,Default,66.98,64.38,78.18,,CHANNELMAX_DEFAULT_MODEL_OVERWRITE_RISK|PROMO_V4_NOT_OWNER_APPROVED|LIVE_SALEPRICE_WINDOW_DIFFERS_FROM_V4_PROPOSAL
4,AJ-ASRB-HKC3,B0H84G7DHC,FAIL,76.99,66.95,76.99,,NO_OFFER,71.14,,67.81,78.53,LIVE_LEGACY_SALEPRICE_V4_PROPOSED_NOT_APPROVED,SALEPRICE_13,66.98,2026-07-14T00:00:00Z,2026-08-13T23:59:59Z,66.98,LIVE_DEFAULT_MODEL_OVERWRITE_RISK,Default,0,71.14,86.38,AMAZON_REGULAR_ATTRIBUTE_MISMATCH|AMAZON_MIN_GUARD_MISMATCH|AMAZON_MAX_GUARD_MISMATCH,AMAZON_CONSUMER_OFFER_UNAVAILABLE|CHANNELMAX_DEFAULT_MODEL_OVERWRITE_RISK|PROMO_V4_NOT_OWNER_APPROVED|LIVE_SALEPRICE_WINDOW_DIFFERS_FROM_V4_PROPOSAL
5,AN-ASUW-49Y5,B0H8628LW3,BLOCKED,76.99,66.95,76.99,66.98,OFFER,76.99,,66.95,76.99,LIVE_LEGACY_SALEPRICE_V4_PROPOSED_NOT_APPROVED,SALEPRICE_13,66.98,2026-07-14T00:00:00Z,2026-08-13T23:59:59Z,66.98,LIVE_DEFAULT_MODEL_OVERWRITE_RISK,Default,66.98,64.38,78.18,,CHANNELMAX_DEFAULT_MODEL_OVERWRITE_RISK|PROMO_V4_NOT_OWNER_APPROVED|LIVE_SALEPRICE_WINDOW_DIFFERS_FROM_V4_PROPOSAL
6,AU-AS97-USX8,B0H843Q9B5,FAIL,76.99,66.95,76.99,76.99,OFFER,76.99,,62.05,76.99,V4_PROPOSED_NOT_APPROVED_LIVE_COUPON_UNKNOWN,COUPON_13,,,,66.98,LIVE_DEFAULT_MODEL_OVERWRITE_RISK,Default,76.99,65.13,79.09,AMAZON_MIN_GUARD_MISMATCH,CHANNELMAX_DEFAULT_MODEL_OVERWRITE_RISK|PROMO_V4_NOT_OWNER_APPROVED|LIVE_COUPON_APPLICATION_EVIDENCE_MISSING
7,AV-AS7X-8EXK,B0H82JTY19,BLOCKED,130.99,114.27,130.99,130.99,OFFER,130.99,,114.27,130.99,V4_PROPOSED_NOT_APPROVED_LIVE_COUPON_UNKNOWN,COUPON_12,,,,115.27,LIVE_DEFAULT_MODEL_OVERWRITE_RISK,Default,130.99,113.66,138.02,,CHANNELMAX_DEFAULT_MODEL_OVERWRITE_RISK|PROMO_V4_NOT_OWNER_APPROVED|LIVE_COUPON_APPLICATION_EVIDENCE_MISSING
8,AY-AS5F-JEY9,B0H83MWTM7,FAIL,297.99,258.57,297.99,259.25,OFFER,281.91,,258.57,297.99,LIVE_LEGACY_SALEPRICE_V4_PROPOSED_NOT_APPROVED,SALEPRICE_13,259.25,2026-07-14T00:00:00Z,2026-08-13T23:59:59Z,259.25,LIVE_DEFAULT_MODEL_OVERWRITE_RISK,Default,259.25,281.91,342.31,AMAZON_REGULAR_ATTRIBUTE_MISMATCH,CHANNELMAX_DEFAULT_MODEL_OVERWRITE_RISK|PROMO_V4_NOT_OWNER_APPROVED|LIVE_SALEPRICE_WINDOW_DIFFERS_FROM_V4_PROPOSAL
9,AZ-ASMY-VEQ2,B0H788M8WM,FAIL,85.99,74.75,85.99,,NO_OFFER,112.27,,74.75,85.99,V4_PROPOSED_NOT_APPROVED_LIVE_COUPON_UNKNOWN,COUPON_13,,,,74.81,LIVE_DEFAULT_MODEL_OVERWRITE_RISK,Default,0,88.94,112.27,AMAZON_REGULAR_ATTRIBUTE_MISMATCH,AMAZON_CONSUMER_OFFER_UNAVAILABLE|CHANNELMAX_DEFAULT_MODEL_OVERWRITE_RISK|PROMO_V4_NOT_OWNER_APPROVED|LIVE_COUPON_APPLICATION_EVIDENCE_MISSING
10,BD-AS8P-XAW5,B0H85MXFH8,FAIL,76.99,66.95,76.99,66.98,OFFER,70.88,,66.95,76.99,LIVE_LEGACY_SALEPRICE_V4_PROPOSED_NOT_APPROVED,SALEPRICE_13,66.98,2026-07-14T00:00:00Z,2026-08-13T23:59:59Z,66.98,LIVE_DEFAULT_MODEL_OVERWRITE_RISK,Default,66.98,70.88,86.08,AMAZON_REGULAR_ATTRIBUTE_MISMATCH,CHANNELMAX_DEFAULT_MODEL_OVERWRITE_RISK|PROMO_V4_NOT_OWNER_APPROVED|LIVE_SALEPRICE_WINDOW_DIFFERS_FROM_V4_PROPOSAL
11,BD-ASGH-LREJ,B0H86Z59DW,BLOCKED,76.99,66.95,76.99,76.99,OFFER,76.99,,66.95,76.99,V4_PROPOSED_NOT_APPROVED_LIVE_COUPON_UNKNOWN,COUPON_13,,,,66.98,LIVE_DEFAULT_MODEL_OVERWRITE_RISK,Default,76.99,64.38,78.18,,CHANNELMAX_DEFAULT_MODEL_OVERWRITE_RISK|PROMO_V4_NOT_OWNER_APPROVED|LIVE_COUPON_APPLICATION_EVIDENCE_MISSING
12,BH-AS7H-D4FV,B0H853MCYZ,BLOCKED,76.99,66.95,76.99,66.98,OFFER,76.99,,66.95,76.99,LIVE_LEGACY_SALEPRICE_V4_PROPOSED_NOT_APPROVED,SALEPRICE_13,66.98,2026-07-14T00:00:00Z,2026-08-13T23:59:59Z,66.98,LIVE_DEFAULT_MODEL_OVERWRITE_RISK,Default,66.98,64.38,78.18,,CHANNELMAX_DEFAULT_MODEL_OVERWRITE_RISK|PROMO_V4_NOT_OWNER_APPROVED|LIVE_SALEPRICE_WINDOW_DIFFERS_FROM_V4_PROPOSAL
13,BH-ASTN-S4XJ,B0H83ZRNCS,FAIL,76.99,66.95,76.99,72.14,OFFER,72.14,,66.95,76.99,V4_PROPOSED_NOT_APPROVED_LIVE_COUPON_UNKNOWN,COUPON_13,,,,66.98,LIVE_DEFAULT_MODEL_OVERWRITE_RISK,Default,72.14,70.88,86.08,AMAZON_REGULAR_ATTRIBUTE_MISMATCH|AMAZON_EFFECTIVE_CONSUMER_MISMATCH_CURRENT_SEMANTICS,CHANNELMAX_DEFAULT_MODEL_OVERWRITE_RISK|PROMO_V4_NOT_OWNER_APPROVED|LIVE_COUPON_APPLICATION_EVIDENCE_MISSING
14,BH-ASVY-CR8H,B0H83S368B,BLOCKED,297.99,258.57,297.99,297.99,OFFER,297.99,,258.57,297.99,V4_PROPOSED_NOT_APPROVED_LIVE_COUPON_UNKNOWN,COUPON_13,,,,259.25,LIVE_DEFAULT_MODEL_OVERWRITE_RISK,Default,297.99,284.4,345.34,,CHANNELMAX_DEFAULT_MODEL_OVERWRITE_RISK|PROMO_V4_NOT_OWNER_APPROVED|LIVE_COUPON_APPLICATION_EVIDENCE_MISSING
15,BK-AS5Z-8UY5,B0H85JF1V1,BLOCKED,76.99,66.95,76.99,76.99,OFFER,76.99,,66.95,76.99,V4_PROPOSED_NOT_APPROVED_LIVE_COUPON_UNKNOWN,COUPON_13,,,,66.98,LIVE_DEFAULT_MODEL_OVERWRITE_RISK,Default,76.99,64.14,77.88,,CHANNELMAX_DEFAULT_MODEL_OVERWRITE_RISK|PROMO_V4_NOT_OWNER_APPROVED|LIVE_COUPON_APPLICATION_EVIDENCE_MISSING
16,BM-AS5J-3MQY,B0H83LSCQQ,FAIL,252.99,219.57,252.99,,NO_OFFER,271.91,,219.57,252.99,V4_PROPOSED_NOT_APPROVED_LIVE_COUPON_UNKNOWN,COUPON_13,,,,220.1,LIVE_DEFAULT_MODEL_OVERWRITE_RISK,Default,0,271.91,330.16,AMAZON_REGULAR_ATTRIBUTE_MISMATCH,AMAZON_CONSUMER_OFFER_UNAVAILABLE|CHANNELMAX_DEFAULT_MODEL_OVERWRITE_RISK|PROMO_V4_NOT_OWNER_APPROVED|LIVE_COUPON_APPLICATION_EVIDENCE_MISSING
17,BQ-ASUE-NT37,B0H842HL49,FAIL,76.99,66.95,76.99,66.98,OFFER,70.88,,66.95,76.99,LIVE_LEGACY_SALEPRICE_V4_PROPOSED_NOT_APPROVED,SALEPRICE_13,66.98,2026-07-14T00:00:00Z,2026-08-13T23:59:59Z,66.98,LIVE_DEFAULT_MODEL_OVERWRITE_RISK,Default,66.98,70.88,86.08,AMAZON_REGULAR_ATTRIBUTE_MISMATCH,CHANNELMAX_DEFAULT_MODEL_OVERWRITE_RISK|PROMO_V4_NOT_OWNER_APPROVED|LIVE_SALEPRICE_WINDOW_DIFFERS_FROM_V4_PROPOSAL
18,BX-AS5P-6WQV,B0H83NM5PX,FAIL,297.99,258.57,297.99,,NO_OFFER,366.91,,258.57,297.99,V4_PROPOSED_NOT_APPROVED_LIVE_COUPON_UNKNOWN,COUPON_13,,,,259.25,LIVE_DEFAULT_MODEL_OVERWRITE_RISK,Default,0,366.91,445.53,AMAZON_REGULAR_ATTRIBUTE_MISMATCH,AMAZON_CONSUMER_OFFER_UNAVAILABLE|CHANNELMAX_DEFAULT_MODEL_OVERWRITE_RISK|PROMO_V4_NOT_OWNER_APPROVED|LIVE_COUPON_APPLICATION_EVIDENCE_MISSING
19,BY-ASY2-8UJJ,B0H83789KC,BLOCKED,85.99,74.75,85.99,85.99,OFFER,85.99,,74.75,85.99,V4_PROPOSED_NOT_APPROVED_LIVE_COUPON_UNKNOWN,COUPON_13,,,,74.81,LIVE_DEFAULT_MODEL_OVERWRITE_RISK,Default,85.99,76.26,92.6,,CHANNELMAX_DEFAULT_MODEL_OVERWRITE_RISK|PROMO_V4_NOT_OWNER_APPROVED|LIVE_COUPON_APPLICATION_EVIDENCE_MISSING
20,CE-ASGK-ZRHM,B0H84651LM,FAIL,76.99,66.95,76.99,,NO_OFFER,79.39,,66.95,76.99,LIVE_LEGACY_SALEPRICE_V4_PROPOSED_NOT_APPROVED,SALEPRICE_13,66.98,2026-07-14T00:00:00Z,2026-08-13T23:59:59Z,66.98,LIVE_DEFAULT_MODEL_OVERWRITE_RISK,Default,0,79.39,96.39,AMAZON_REGULAR_ATTRIBUTE_MISMATCH,AMAZON_CONSUMER_OFFER_UNAVAILABLE|CHANNELMAX_DEFAULT_MODEL_OVERWRITE_RISK|PROMO_V4_NOT_OWNER_APPROVED|LIVE_SALEPRICE_WINDOW_DIFFERS_FROM_V4_PROPOSAL
21,CK-ASUM-WT9W,B0H86PRTWS,BLOCKED,76.99,66.95,76.99,76.99,OFFER,76.99,,66.95,76.99,V4_PROPOSED_NOT_APPROVED_LIVE_COUPON_UNKNOWN,COUPON_13,,,,66.98,LIVE_DEFAULT_MODEL_OVERWRITE_RISK,Default,76.99,72.88,88.51,,CHANNELMAX_DEFAULT_MODEL_OVERWRITE_RISK|PROMO_V4_NOT_OWNER_APPROVED|LIVE_COUPON_APPLICATION_EVIDENCE_MISSING
22,CN-ASG6-892G,B0H8422DQ1,FAIL,297.99,258.57,297.99,259.25,OFFER,284.4,,258.57,297.99,LIVE_LEGACY_SALEPRICE_V4_PROPOSED_NOT_APPROVED,SALEPRICE_13,259.25,2026-07-14T00:00:00Z,2026-08-13T23:59:59Z,259.25,LIVE_DEFAULT_MODEL_OVERWRITE_RISK,Default,259.25,284.4,345.34,AMAZON_REGULAR_ATTRIBUTE_MISMATCH,CHANNELMAX_DEFAULT_MODEL_OVERWRITE_RISK|PROMO_V4_NOT_OWNER_APPROVED|LIVE_SALEPRICE_WINDOW_DIFFERS_FROM_V4_PROPOSAL
23,DA-ASF0-D7RG,B0H83VBTLT,FAIL,252.99,219.57,252.99,220.1,OFFER,221.27,,219.57,252.99,LIVE_LEGACY_SALEPRICE_V4_PROPOSED_NOT_APPROVED,SALEPRICE_13,220.1,2026-07-14T00:00:00Z,2026-08-13T23:59:59Z,220.1,LIVE_DEFAULT_MODEL_OVERWRITE_RISK,Default,220.1,221.27,268.69,AMAZON_REGULAR_ATTRIBUTE_MISMATCH,CHANNELMAX_DEFAULT_MODEL_OVERWRITE_RISK|PROMO_V4_NOT_OWNER_APPROVED|LIVE_SALEPRICE_WINDOW_DIFFERS_FROM_V4_PROPOSAL
24,DF-ASQT-BLUQ,B0H83FKSN6,FAIL,130.99,114.27,130.99,114.27,OFFER,114.59,,114.27,130.99,LIVE_LEGACY_SALEPRICE_V4_PROPOSED_NOT_APPROVED,SALEPRICE_12,114.27,2026-07-14T00:00:00Z,2026-08-13T23:59:59Z,115.27,LIVE_DEFAULT_MODEL_OVERWRITE_RISK,Default,114.27,114.59,139.15,AMAZON_REGULAR_ATTRIBUTE_MISMATCH,CHANNELMAX_DEFAULT_MODEL_OVERWRITE_RISK|PROMO_V4_NOT_OWNER_APPROVED|LIVE_SALEPRICE_VALUE_DIFFERS_FROM_V4_PROPOSAL|LIVE_SALEPRICE_WINDOW_DIFFERS_FROM_V4_PROPOSAL
25,DP-ASQ6-ZPZU,B0H83Y8JH7,FAIL,76.99,66.95,76.99,76.99,OFFER,76.99,,68.29,79.08,V4_PROPOSED_NOT_APPROVED_LIVE_COUPON_UNKNOWN,COUPON_13,,,,66.98,LIVE_DEFAULT_MODEL_OVERWRITE_RISK,Default,76.99,71.64,86.99,AMAZON_MIN_GUARD_MISMATCH|AMAZON_MAX_GUARD_MISMATCH,CHANNELMAX_DEFAULT_MODEL_OVERWRITE_RISK|PROMO_V4_NOT_OWNER_APPROVED|LIVE_COUPON_APPLICATION_EVIDENCE_MISSING
26,DY-AS8W-6MJG,B0H82MKPRJ,FAIL,130.99,114.27,130.99,,NO_OFFER,145.54,,114.27,130.99,V4_PROPOSED_NOT_APPROVED_LIVE_COUPON_UNKNOWN,COUPON_12,,,,115.27,LIVE_DEFAULT_MODEL_OVERWRITE_RISK,Default,0,145.54,176.73,AMAZON_REGULAR_ATTRIBUTE_MISMATCH,AMAZON_CONSUMER_OFFER_UNAVAILABLE|CHANNELMAX_DEFAULT_MODEL_OVERWRITE_RISK|PROMO_V4_NOT_OWNER_APPROVED|LIVE_COUPON_APPLICATION_EVIDENCE_MISSING
27,EF-AS4A-JCLU,B0H83XB855,FAIL,76.99,66.95,76.99,,NO_OFFER,71.14,,67.81,78.53,LIVE_LEGACY_SALEPRICE_V4_PROPOSED_NOT_APPROVED,SALEPRICE_13,66.98,2026-07-14T00:00:00Z,2026-08-13T23:59:59Z,66.98,LIVE_DEFAULT_MODEL_OVERWRITE_RISK,Default,0,71.14,86.38,AMAZON_REGULAR_ATTRIBUTE_MISMATCH|AMAZON_MIN_GUARD_MISMATCH|AMAZON_MAX_GUARD_MISMATCH,AMAZON_CONSUMER_OFFER_UNAVAILABLE|CHANNELMAX_DEFAULT_MODEL_OVERWRITE_RISK|PROMO_V4_NOT_OWNER_APPROVED|LIVE_SALEPRICE_WINDOW_DIFFERS_FROM_V4_PROPOSAL
28,EJ-ASCD-8K87,B0H82PXWKS,FAIL,252.99,219.57,252.99,220.1,OFFER,223.14,,219.57,252.99,LIVE_LEGACY_SALEPRICE_V4_PROPOSED_NOT_APPROVED,SALEPRICE_13,220.1,2026-07-14T00:00:00Z,2026-08-13T23:59:59Z,220.1,LIVE_DEFAULT_MODEL_OVERWRITE_RISK,Default,220.1,223.14,270.96,AMAZON_REGULAR_ATTRIBUTE_MISMATCH,CHANNELMAX_DEFAULT_MODEL_OVERWRITE_RISK|PROMO_V4_NOT_OWNER_APPROVED|LIVE_SALEPRICE_WINDOW_DIFFERS_FROM_V4_PROPOSAL
29,ER-ASRK-TPYQ,B0H84JH1WN,BLOCKED,76.99,66.95,76.99,76.99,OFFER,76.99,,66.95,76.99,V4_PROPOSED_NOT_APPROVED_LIVE_COUPON_UNKNOWN,COUPON_13,,,,66.98,LIVE_DEFAULT_MODEL_OVERWRITE_RISK,Default,76.99,72.88,88.51,,CHANNELMAX_DEFAULT_MODEL_OVERWRITE_RISK|PROMO_V4_NOT_OWNER_APPROVED|LIVE_COUPON_APPLICATION_EVIDENCE_MISSING
30,ES-AS8A-3W3M,B0H83D8TFQ,BLOCKED,85.99,74.75,85.99,85.99,OFFER,85.99,,74.75,85.99,V4_PROPOSED_NOT_APPROVED_LIVE_COUPON_UNKNOWN,COUPON_13,,,,74.81,LIVE_DEFAULT_MODEL_OVERWRITE_RISK,Default,85.99,76.88,93.36,,CHANNELMAX_DEFAULT_MODEL_OVERWRITE_RISK|PROMO_V4_NOT_OWNER_APPROVED|LIVE_COUPON_APPLICATION_EVIDENCE_MISSING
31,EW-ASJ9-E79N,B0H82MT74H,FAIL,85.99,74.75,85.99,74.81,OFFER,76.88,,74.75,85.99,LIVE_LEGACY_SALEPRICE_V4_PROPOSED_NOT_APPROVED,SALEPRICE_13,74.81,2026-07-14T00:00:00Z,2026-08-13T23:59:59Z,74.81,LIVE_DEFAULT_MODEL_OVERWRITE_RISK,Default,74.81,76.88,93.36,AMAZON_REGULAR_ATTRIBUTE_MISMATCH,CHANNELMAX_DEFAULT_MODEL_OVERWRITE_RISK|PROMO_V4_NOT_OWNER_APPROVED|LIVE_SALEPRICE_WINDOW_DIFFERS_FROM_V4_PROPOSAL
32,EW-ASWP-PMZX,B0H891WSZ9,FAIL,85.99,74.75,85.99,74.81,OFFER,76.26,,74.75,85.99,LIVE_LEGACY_SALEPRICE_V4_PROPOSED_NOT_APPROVED,SALEPRICE_13,74.81,2026-07-14T00:00:00Z,2026-08-13T23:59:59Z,74.81,LIVE_DEFAULT_MODEL_OVERWRITE_RISK,Default,74.81,76.26,92.6,AMAZON_REGULAR_ATTRIBUTE_MISMATCH,CHANNELMAX_DEFAULT_MODEL_OVERWRITE_RISK|PROMO_V4_NOT_OWNER_APPROVED|LIVE_SALEPRICE_WINDOW_DIFFERS_FROM_V4_PROPOSAL
33,EX-ASC0-5CRL,B0H83JJW1F,FAIL,297.99,258.57,297.99,,NO_OFFER,349.41,,258.57,297.99,LIVE_LEGACY_SALEPRICE_V4_PROPOSED_NOT_APPROVED,SALEPRICE_13,259.25,2026-07-14T00:00:00Z,2026-08-13T23:59:59Z,259.25,LIVE_DEFAULT_MODEL_OVERWRITE_RISK,Default,0,349.41,424.28,AMAZON_REGULAR_ATTRIBUTE_MISMATCH,AMAZON_CONSUMER_OFFER_UNAVAILABLE|CHANNELMAX_DEFAULT_MODEL_OVERWRITE_RISK|PROMO_V4_NOT_OWNER_APPROVED|LIVE_SALEPRICE_WINDOW_DIFFERS_FROM_V4_PROPOSAL
34,EZ-ASLA-Y7MZ,B0H83GBJLW,BLOCKED,252.99,219.57,252.99,252.99,OFFER,252.99,,219.57,252.99,V4_PROPOSED_NOT_APPROVED_LIVE_COUPON_UNKNOWN,COUPON_13,,,,220.1,LIVE_DEFAULT_MODEL_OVERWRITE_RISK,Default,252.99,221.27,268.69,,CHANNELMAX_DEFAULT_MODEL_OVERWRITE_RISK|PROMO_V4_NOT_OWNER_APPROVED|LIVE_COUPON_APPLICATION_EVIDENCE_MISSING
35,FK-AS6B-6G25,B0H8259J9G,BLOCKED,76.99,66.95,76.99,76.99,OFFER,76.99,,66.95,76.99,V4_PROPOSED_NOT_APPROVED_LIVE_COUPON_UNKNOWN,COUPON_13,,,,66.98,LIVE_DEFAULT_MODEL_OVERWRITE_RISK,Default,76.99,64.14,77.88,,CHANNELMAX_DEFAULT_MODEL_OVERWRITE_RISK|PROMO_V4_NOT_OWNER_APPROVED|LIVE_COUPON_APPLICATION_EVIDENCE_MISSING
36,FM-AS51-S4MT,B0H853VHRF,BLOCKED,76.99,66.95,76.99,66.98,OFFER,76.99,,66.95,76.99,LIVE_LEGACY_SALEPRICE_V4_PROPOSED_NOT_APPROVED,SALEPRICE_13,66.98,2026-07-14T00:00:00Z,2026-08-13T23:59:59Z,66.98,LIVE_DEFAULT_MODEL_OVERWRITE_RISK,Default,66.98,64.38,78.18,,CHANNELMAX_DEFAULT_MODEL_OVERWRITE_RISK|PROMO_V4_NOT_OWNER_APPROVED|LIVE_SALEPRICE_WINDOW_DIFFERS_FROM_V4_PROPOSAL
37,FN-ASVM-UWAG,B0H85J88LJ,BLOCKED,76.99,66.95,76.99,66.98,OFFER,76.99,,66.95,76.99,LIVE_LEGACY_SALEPRICE_V4_PROPOSED_NOT_APPROVED,SALEPRICE_13,66.98,2026-07-14T00:00:00Z,2026-08-13T23:59:59Z,66.98,LIVE_DEFAULT_MODEL_OVERWRITE_RISK,Default,66.98,64.89,78.79,,CHANNELMAX_DEFAULT_MODEL_OVERWRITE_RISK|PROMO_V4_NOT_OWNER_APPROVED|LIVE_SALEPRICE_WINDOW_DIFFERS_FROM_V4_PROPOSAL
38,FR-AS6X-5KJY,B0H827V9DJ,BLOCKED,76.99,66.95,76.99,76.99,OFFER,76.99,,66.95,76.99,V4_PROPOSED_NOT_APPROVED_LIVE_COUPON_UNKNOWN,COUPON_13,,,,66.98,LIVE_DEFAULT_MODEL_OVERWRITE_RISK,Default,76.99,64.64,78.48,,CHANNELMAX_DEFAULT_MODEL_OVERWRITE_RISK|PROMO_V4_NOT_OWNER_APPROVED|LIVE_COUPON_APPLICATION_EVIDENCE_MISSING
39,FV-AS47-EJZW,B0H82SZSYJ,BLOCKED,130.99,114.27,130.99,114.27,OFFER,130.99,,114.27,130.99,LIVE_LEGACY_SALEPRICE_V4_PROPOSED_NOT_APPROVED,SALEPRICE_12,114.27,2026-07-14T00:00:00Z,2026-08-13T23:59:59Z,115.27,LIVE_DEFAULT_MODEL_OVERWRITE_RISK,Default,114.27,113.66,138.02,,CHANNELMAX_DEFAULT_MODEL_OVERWRITE_RISK|PROMO_V4_NOT_OWNER_APPROVED|LIVE_SALEPRICE_VALUE_DIFFERS_FROM_V4_PROPOSAL|LIVE_SALEPRICE_WINDOW_DIFFERS_FROM_V4_PROPOSAL
40,FX-AS2W-KHZT,B0H827J2XZ,FAIL,76.99,66.95,76.99,,NO_OFFER,76.99,,74.05,85.7,LIVE_LEGACY_SALEPRICE_V4_PROPOSED_NOT_APPROVED,SALEPRICE_13,66.98,2026-07-14T00:00:00Z,2026-08-13T23:59:59Z,66.98,LIVE_DEFAULT_MODEL_OVERWRITE_RISK,Default,0,77.64,94.27,AMAZON_MIN_GUARD_MISMATCH|AMAZON_MAX_GUARD_MISMATCH,AMAZON_CONSUMER_OFFER_UNAVAILABLE|CHANNELMAX_DEFAULT_MODEL_OVERWRITE_RISK|PROMO_V4_NOT_OWNER_APPROVED|LIVE_SALEPRICE_WINDOW_DIFFERS_FROM_V4_PROPOSAL
41,GG-ASNC-C9WA,B0H8219Z7T,FAIL,85.99,74.75,85.99,74.81,OFFER,76.88,,74.75,85.99,LIVE_LEGACY_SALEPRICE_V4_PROPOSED_NOT_APPROVED,SALEPRICE_13,74.81,2026-07-14T00:00:00Z,2026-08-13T23:59:59Z,74.81,LIVE_DEFAULT_MODEL_OVERWRITE_RISK,Default,74.81,76.88,93.36,AMAZON_REGULAR_ATTRIBUTE_MISMATCH,CHANNELMAX_DEFAULT_MODEL_OVERWRITE_RISK|PROMO_V4_NOT_OWNER_APPROVED|LIVE_SALEPRICE_WINDOW_DIFFERS_FROM_V4_PROPOSAL
42,GR-AS0R-YPCF,B0H82GJ292,FAIL,85.99,74.75,85.99,74.81,OFFER,78.13,,74.75,85.99,LIVE_LEGACY_SALEPRICE_V4_PROPOSED_NOT_APPROVED,SALEPRICE_13,74.81,2026-07-14T00:00:00Z,2026-08-13T23:59:59Z,74.81,LIVE_DEFAULT_MODEL_OVERWRITE_RISK,Default,74.81,78.13,94.88,AMAZON_REGULAR_ATTRIBUTE_MISMATCH,CHANNELMAX_DEFAULT_MODEL_OVERWRITE_RISK|PROMO_V4_NOT_OWNER_APPROVED|LIVE_SALEPRICE_WINDOW_DIFFERS_FROM_V4_PROPOSAL
43,GR-AS1P-DBB2,B0H82S7TFG,BLOCKED,76.99,66.95,76.99,66.98,OFFER,76.99,,66.95,76.99,LIVE_LEGACY_SALEPRICE_V4_PROPOSED_NOT_APPROVED,SALEPRICE_13,66.98,2026-07-14T00:00:00Z,2026-08-13T23:59:59Z,66.98,LIVE_DEFAULT_MODEL_OVERWRITE_RISK,Default,66.98,64.14,77.88,,CHANNELMAX_DEFAULT_MODEL_OVERWRITE_RISK|PROMO_V4_NOT_OWNER_APPROVED|LIVE_SALEPRICE_WINDOW_DIFFERS_FROM_V4_PROPOSAL
44,GU-ASQ1-S7M6,B0H828GQLP,BLOCKED,85.99,74.75,85.99,85.99,OFFER,85.99,,74.75,85.99,V4_PROPOSED_NOT_APPROVED_LIVE_COUPON_UNKNOWN,COUPON_13,,,,74.81,LIVE_DEFAULT_MODEL_OVERWRITE_RISK,Default,85.99,76.88,93.36,,CHANNELMAX_DEFAULT_MODEL_OVERWRITE_RISK|PROMO_V4_NOT_OWNER_APPROVED|LIVE_COUPON_APPLICATION_EVIDENCE_MISSING
45,GX-ASTJ-WHV3,B0H83XV9WX,FAIL,76.99,66.95,76.99,,NO_OFFER,76.99,,74.05,85.7,LIVE_LEGACY_SALEPRICE_V4_PROPOSED_NOT_APPROVED,SALEPRICE_13,66.98,2026-07-14T00:00:00Z,2026-08-13T23:59:59Z,66.98,LIVE_DEFAULT_MODEL_OVERWRITE_RISK,Default,0,77.64,94.27,AMAZON_MIN_GUARD_MISMATCH|AMAZON_MAX_GUARD_MISMATCH,AMAZON_CONSUMER_OFFER_UNAVAILABLE|CHANNELMAX_DEFAULT_MODEL_OVERWRITE_RISK|PROMO_V4_NOT_OWNER_APPROVED|LIVE_SALEPRICE_WINDOW_DIFFERS_FROM_V4_PROPOSAL
46,HA-ASCR-ME3A,B0H85V287S,FAIL,76.99,66.95,76.99,,NO_OFFER,86.38,,66.95,76.99,V4_PROPOSED_NOT_APPROVED_LIVE_COUPON_UNKNOWN,COUPON_13,,,,66.98,LIVE_DEFAULT_MODEL_OVERWRITE_RISK,Default,0,71.14,86.38,AMAZON_REGULAR_ATTRIBUTE_MISMATCH,AMAZON_CONSUMER_OFFER_UNAVAILABLE|CHANNELMAX_DEFAULT_MODEL_OVERWRITE_RISK|PROMO_V4_NOT_OWNER_APPROVED|LIVE_COUPON_APPLICATION_EVIDENCE_MISSING
47,HD-ASEQ-MFAY,B0H83QW85C,FAIL,252.99,219.57,252.99,,NO_OFFER,271.91,,219.57,252.99,LIVE_LEGACY_SALEPRICE_V4_PROPOSED_NOT_APPROVED,SALEPRICE_13,220.1,2026-07-14T00:00:00Z,2026-08-13T23:59:59Z,220.1,LIVE_DEFAULT_MODEL_OVERWRITE_RISK,Default,0,271.91,330.16,AMAZON_REGULAR_ATTRIBUTE_MISMATCH,AMAZON_CONSUMER_OFFER_UNAVAILABLE|CHANNELMAX_DEFAULT_MODEL_OVERWRITE_RISK|PROMO_V4_NOT_OWNER_APPROVED|LIVE_SALEPRICE_WINDOW_DIFFERS_FROM_V4_PROPOSAL
48,HR-AS7Q-7ZDF,B0H856RRRK,BLOCKED,76.99,66.95,76.99,76.99,OFFER,76.99,,66.95,76.99,V4_PROPOSED_NOT_APPROVED_LIVE_COUPON_UNKNOWN,COUPON_13,,,,66.98,LIVE_DEFAULT_MODEL_OVERWRITE_RISK,Default,76.99,65.13,79.09,,CHANNELMAX_DEFAULT_MODEL_OVERWRITE_RISK|PROMO_V4_NOT_OWNER_APPROVED|LIVE_COUPON_APPLICATION_EVIDENCE_MISSING
49,HU-ASMI-DN3X,B0H82YMT6K,FAIL,85.99,74.75,85.99,,NO_OFFER,97.51,,74.75,85.99,LIVE_LEGACY_SALEPRICE_V4_PROPOSED_NOT_APPROVED,SALEPRICE_13,74.81,2026-07-14T00:00:00Z,2026-08-13T23:59:59Z,74.81,LIVE_DEFAULT_MODEL_OVERWRITE_RISK,Default,0,97.51,118.4,AMAZON_REGULAR_ATTRIBUTE_MISMATCH,AMAZON_CONSUMER_OFFER_UNAVAILABLE|CHANNELMAX_DEFAULT_MODEL_OVERWRITE_RISK|PROMO_V4_NOT_OWNER_APPROVED|LIVE_SALEPRICE_WINDOW_DIFFERS_FROM_V4_PROPOSAL
50,HX-ASO8-XCL2,B0H832SD15,BLOCKED,130.99,114.27,130.99,130.99,OFFER,130.99,,114.27,130.99,V4_PROPOSED_NOT_APPROVED_LIVE_COUPON_UNKNOWN,COUPON_12,,,,115.27,LIVE_DEFAULT_MODEL_OVERWRITE_RISK,Default,130.99,113.66,138.02,,CHANNELMAX_DEFAULT_MODEL_OVERWRITE_RISK|PROMO_V4_NOT_OWNER_APPROVED|LIVE_COUPON_APPLICATION_EVIDENCE_MISSING
51,HZ-ASPS-4L22,B0H857K38C,BLOCKED,76.99,66.95,76.99,76.99,OFFER,76.99,,66.95,76.99,V4_PROPOSED_NOT_APPROVED_LIVE_COUPON_UNKNOWN,COUPON_13,,,,66.98,LIVE_DEFAULT_MODEL_OVERWRITE_RISK,Default,76.99,72.64,88.2,,CHANNELMAX_DEFAULT_MODEL_OVERWRITE_RISK|PROMO_V4_NOT_OWNER_APPROVED|LIVE_COUPON_APPLICATION_EVIDENCE_MISSING
52,JC-ASM4-XXW7,B0H84ZL156,FAIL,76.99,66.95,76.99,,NO_OFFER,86.08,,66.95,76.99,V4_PROPOSED_NOT_APPROVED_LIVE_COUPON_UNKNOWN,COUPON_13,,,,66.98,LIVE_DEFAULT_MODEL_OVERWRITE_RISK,Default,0,70.88,86.08,AMAZON_REGULAR_ATTRIBUTE_MISMATCH,AMAZON_CONSUMER_OFFER_UNAVAILABLE|CHANNELMAX_DEFAULT_MODEL_OVERWRITE_RISK|PROMO_V4_NOT_OWNER_APPROVED|LIVE_COUPON_APPLICATION_EVIDENCE_MISSING
53,JH-ASV9-Z46X,B0H8369PMK,FAIL,76.99,66.95,76.99,,NO_OFFER,77.64,,66.95,76.99,V4_PROPOSED_NOT_APPROVED_LIVE_COUPON_UNKNOWN,COUPON_13,,,,66.98,LIVE_DEFAULT_MODEL_OVERWRITE_RISK,Default,0,77.64,94.27,AMAZON_REGULAR_ATTRIBUTE_MISMATCH,AMAZON_CONSUMER_OFFER_UNAVAILABLE|CHANNELMAX_DEFAULT_MODEL_OVERWRITE_RISK|PROMO_V4_NOT_OWNER_APPROVED|LIVE_COUPON_APPLICATION_EVIDENCE_MISSING
54,JL-ASUC-JUZE,B0H831MXGD,FAIL,130.99,114.27,130.99,114.27,OFFER,114.59,,114.27,130.99,LIVE_LEGACY_SALEPRICE_V4_PROPOSED_NOT_APPROVED,SALEPRICE_12,114.27,2026-07-14T00:00:00Z,2026-08-13T23:59:59Z,115.27,LIVE_DEFAULT_MODEL_OVERWRITE_RISK,Default,114.27,114.59,139.15,AMAZON_REGULAR_ATTRIBUTE_MISMATCH,CHANNELMAX_DEFAULT_MODEL_OVERWRITE_RISK|PROMO_V4_NOT_OWNER_APPROVED|LIVE_SALEPRICE_VALUE_DIFFERS_FROM_V4_PROPOSAL|LIVE_SALEPRICE_WINDOW_DIFFERS_FROM_V4_PROPOSAL
55,JS-AS5F-QB8T,B0H822TJ7C,FAIL,85.99,74.75,85.99,,NO_OFFER,93.13,,74.75,85.99,LIVE_LEGACY_SALEPRICE_V4_PROPOSED_NOT_APPROVED,SALEPRICE_13,74.81,2026-07-14T00:00:00Z,2026-08-13T23:59:59Z,74.81,LIVE_DEFAULT_MODEL_OVERWRITE_RISK,Default,0,93.13,113.09,AMAZON_REGULAR_ATTRIBUTE_MISMATCH,AMAZON_CONSUMER_OFFER_UNAVAILABLE|CHANNELMAX_DEFAULT_MODEL_OVERWRITE_RISK|PROMO_V4_NOT_OWNER_APPROVED|LIVE_SALEPRICE_WINDOW_DIFFERS_FROM_V4_PROPOSAL
56,JT-ASKD-KS8T,B0H83Z6S3Q,BLOCKED,297.99,258.57,297.99,297.99,OFFER,297.99,,258.57,297.99,V4_PROPOSED_NOT_APPROVED_LIVE_COUPON_UNKNOWN,COUPON_13,,,,259.25,LIVE_DEFAULT_MODEL_OVERWRITE_RISK,Default,297.99,281.91,342.31,,CHANNELMAX_DEFAULT_MODEL_OVERWRITE_RISK|PROMO_V4_NOT_OWNER_APPROVED|LIVE_COUPON_APPLICATION_EVIDENCE_MISSING
57,JU-ASM0-KV4Z,B0H8462L4S,BLOCKED,76.99,66.95,76.99,76.99,OFFER,76.99,,66.95,76.99,V4_PROPOSED_NOT_APPROVED_LIVE_COUPON_UNKNOWN,COUPON_13,,,,66.98,LIVE_DEFAULT_MODEL_OVERWRITE_RISK,Default,76.99,64.38,78.18,,CHANNELMAX_DEFAULT_MODEL_OVERWRITE_RISK|PROMO_V4_NOT_OWNER_APPROVED|LIVE_COUPON_APPLICATION_EVIDENCE_MISSING
58,JU-ASYC-SSJD,B0H854C7SZ,BLOCKED,76.99,66.95,76.99,76.99,OFFER,76.99,,66.95,76.99,V4_PROPOSED_NOT_APPROVED_LIVE_COUPON_UNKNOWN,COUPON_13,,,,66.98,LIVE_DEFAULT_MODEL_OVERWRITE_RISK,Default,76.99,64.14,77.88,,CHANNELMAX_DEFAULT_MODEL_OVERWRITE_RISK|PROMO_V4_NOT_OWNER_APPROVED|LIVE_COUPON_APPLICATION_EVIDENCE_MISSING
59,JY-ASPW-LB4K,B0H84621N6,FAIL,76.99,66.95,76.99,,NO_OFFER,71.14,,67.81,78.53,LIVE_LEGACY_SALEPRICE_V4_PROPOSED_NOT_APPROVED,SALEPRICE_13,66.98,2026-07-14T00:00:00Z,2026-08-13T23:59:59Z,66.98,LIVE_DEFAULT_MODEL_OVERWRITE_RISK,Default,0,71.14,86.38,AMAZON_REGULAR_ATTRIBUTE_MISMATCH|AMAZON_MIN_GUARD_MISMATCH|AMAZON_MAX_GUARD_MISMATCH,AMAZON_CONSUMER_OFFER_UNAVAILABLE|CHANNELMAX_DEFAULT_MODEL_OVERWRITE_RISK|PROMO_V4_NOT_OWNER_APPROVED|LIVE_SALEPRICE_WINDOW_DIFFERS_FROM_V4_PROPOSAL
60,KD-AS12-8HZ3,B0H845JBM6,FAIL,76.99,66.95,76.99,52.29,OFFER,52.29,,44.29,76.99,V4_PROPOSED_NOT_APPROVED_LIVE_COUPON_UNKNOWN,COUPON_13,,,,66.98,LIVE_DEFAULT_MODEL_OVERWRITE_RISK,Default,52.29,46.64,56.63,AMAZON_REGULAR_ATTRIBUTE_MISMATCH|AMAZON_MIN_GUARD_MISMATCH|AMAZON_EFFECTIVE_CONSUMER_MISMATCH_CURRENT_SEMANTICS,CHANNELMAX_DEFAULT_MODEL_OVERWRITE_RISK|PROMO_V4_NOT_OWNER_APPROVED|LIVE_COUPON_APPLICATION_EVIDENCE_MISSING
61,KN-ASYZ-ST4M,B0H83XBXHX,FAIL,76.99,66.95,76.99,,NO_OFFER,77.52,,66.95,76.99,V4_PROPOSED_NOT_APPROVED_LIVE_COUPON_UNKNOWN,COUPON_13,,,,66.98,LIVE_DEFAULT_MODEL_OVERWRITE_RISK,Default,0,71.14,86.38,AMAZON_REGULAR_ATTRIBUTE_MISMATCH,AMAZON_CONSUMER_OFFER_UNAVAILABLE|CHANNELMAX_DEFAULT_MODEL_OVERWRITE_RISK|PROMO_V4_NOT_OWNER_APPROVED|LIVE_COUPON_APPLICATION_EVIDENCE_MISSING
62,KP-ASYC-RN84,B0H83FYZR3,FAIL,252.99,219.57,252.99,,NO_OFFER,285.02,,219.57,252.99,LIVE_LEGACY_SALEPRICE_V4_PROPOSED_NOT_APPROVED,SALEPRICE_13,220.1,2026-07-14T00:00:00Z,2026-08-13T23:59:59Z,220.1,LIVE_DEFAULT_MODEL_OVERWRITE_RISK,Default,0,285.02,346.1,AMAZON_REGULAR_ATTRIBUTE_MISMATCH,AMAZON_CONSUMER_OFFER_UNAVAILABLE|CHANNELMAX_DEFAULT_MODEL_OVERWRITE_RISK|PROMO_V4_NOT_OWNER_APPROVED|LIVE_SALEPRICE_WINDOW_DIFFERS_FROM_V4_PROPOSAL
63,LH-ASP7-KZR4,B0H82XNFRW,BLOCKED,252.99,219.57,252.99,252.99,OFFER,252.99,,219.57,252.99,V4_PROPOSED_NOT_APPROVED_LIVE_COUPON_UNKNOWN,COUPON_13,,,,220.1,LIVE_DEFAULT_MODEL_OVERWRITE_RISK,Default,252.99,221.27,268.69,,CHANNELMAX_DEFAULT_MODEL_OVERWRITE_RISK|PROMO_V4_NOT_OWNER_APPROVED|LIVE_COUPON_APPLICATION_EVIDENCE_MISSING
64,LJ-ASYO-FWJK,B0H853SHVC,BLOCKED,76.99,66.95,76.99,76.99,OFFER,76.99,,66.95,76.99,V4_PROPOSED_NOT_APPROVED_LIVE_COUPON_UNKNOWN,COUPON_13,,,,66.98,LIVE_DEFAULT_MODEL_OVERWRITE_RISK,Default,76.99,64.38,78.18,,CHANNELMAX_DEFAULT_MODEL_OVERWRITE_RISK|PROMO_V4_NOT_OWNER_APPROVED|LIVE_COUPON_APPLICATION_EVIDENCE_MISSING
65,LK-AS7X-K43B,B0H84CGGXL,BLOCKED,76.99,66.95,76.99,76.99,OFFER,76.99,,66.95,76.99,V4_PROPOSED_NOT_APPROVED_LIVE_COUPON_UNKNOWN,COUPON_13,,,,66.98,LIVE_DEFAULT_MODEL_OVERWRITE_RISK,Default,76.99,64.38,78.18,,CHANNELMAX_DEFAULT_MODEL_OVERWRITE_RISK|PROMO_V4_NOT_OWNER_APPROVED|LIVE_COUPON_APPLICATION_EVIDENCE_MISSING
66,LP-AS9J-HSVB,B0H82B7KK1,BLOCKED,76.99,66.95,76.99,76.99,OFFER,76.99,,66.95,76.99,V4_PROPOSED_NOT_APPROVED_LIVE_COUPON_UNKNOWN,COUPON_13,,,,66.98,LIVE_DEFAULT_MODEL_OVERWRITE_RISK,Default,76.99,64.64,78.48,,CHANNELMAX_DEFAULT_MODEL_OVERWRITE_RISK|PROMO_V4_NOT_OWNER_APPROVED|LIVE_COUPON_APPLICATION_EVIDENCE_MISSING
67,LU-ASK0-LSDF,B0H84YZDB7,BLOCKED,76.99,66.95,76.99,66.98,OFFER,76.99,,66.95,76.99,LIVE_LEGACY_SALEPRICE_V4_PROPOSED_NOT_APPROVED,SALEPRICE_13,66.98,2026-07-14T00:00:00Z,2026-08-13T23:59:59Z,66.98,LIVE_DEFAULT_MODEL_OVERWRITE_RISK,Default,66.98,64.89,78.79,,CHANNELMAX_DEFAULT_MODEL_OVERWRITE_RISK|PROMO_V4_NOT_OWNER_APPROVED|LIVE_SALEPRICE_WINDOW_DIFFERS_FROM_V4_PROPOSAL
68,ME-AS1I-SEX2,B0H83RVHNF,BLOCKED,252.99,219.57,252.99,252.99,OFFER,252.99,,219.57,252.99,V4_PROPOSED_NOT_APPROVED_LIVE_COUPON_UNKNOWN,COUPON_13,,,,220.1,LIVE_DEFAULT_MODEL_OVERWRITE_RISK,Default,252.99,223.14,270.96,,CHANNELMAX_DEFAULT_MODEL_OVERWRITE_RISK|PROMO_V4_NOT_OWNER_APPROVED|LIVE_COUPON_APPLICATION_EVIDENCE_MISSING
69,MF-AS0J-YRT4,B0H82NHQCL,BLOCKED,76.99,66.95,76.99,76.99,OFFER,76.99,,66.95,76.99,V4_PROPOSED_NOT_APPROVED_LIVE_COUPON_UNKNOWN,COUPON_13,,,,66.98,LIVE_DEFAULT_MODEL_OVERWRITE_RISK,Default,76.99,64.14,77.88,,CHANNELMAX_DEFAULT_MODEL_OVERWRITE_RISK|PROMO_V4_NOT_OWNER_APPROVED|LIVE_COUPON_APPLICATION_EVIDENCE_MISSING
70,MP-ASYO-QNU2,B0H84Z9KWL,BLOCKED,76.99,66.95,76.99,66.98,OFFER,76.99,,66.95,76.99,LIVE_LEGACY_SALEPRICE_V4_PROPOSED_NOT_APPROVED,SALEPRICE_13,66.98,2026-07-14T00:00:00Z,2026-08-13T23:59:59Z,66.98,LIVE_DEFAULT_MODEL_OVERWRITE_RISK,Default,66.98,64.38,78.18,,CHANNELMAX_DEFAULT_MODEL_OVERWRITE_RISK|PROMO_V4_NOT_OWNER_APPROVED|LIVE_SALEPRICE_WINDOW_DIFFERS_FROM_V4_PROPOSAL
71,MP-ASZ9-TKE7,B0H837HLKC,FAIL,85.99,74.75,85.99,,NO_OFFER,93.13,,74.75,85.99,LIVE_LEGACY_SALEPRICE_V4_PROPOSED_NOT_APPROVED,SALEPRICE_13,74.81,2026-07-14T00:00:00Z,2026-08-13T23:59:59Z,74.81,LIVE_DEFAULT_MODEL_OVERWRITE_RISK,Default,0,93.13,113.09,AMAZON_REGULAR_ATTRIBUTE_MISMATCH,AMAZON_CONSUMER_OFFER_UNAVAILABLE|CHANNELMAX_DEFAULT_MODEL_OVERWRITE_RISK|PROMO_V4_NOT_OWNER_APPROVED|LIVE_SALEPRICE_WINDOW_DIFFERS_FROM_V4_PROPOSAL
72,NC-ASPL-EXE8,B0H83QRV43,FAIL,76.99,66.95,76.99,,NO_OFFER,70.88,,67.57,78.25,LIVE_LEGACY_SALEPRICE_V4_PROPOSED_NOT_APPROVED,SALEPRICE_13,66.98,2026-07-14T00:00:00Z,2026-08-13T23:59:59Z,66.98,LIVE_DEFAULT_MODEL_OVERWRITE_RISK,Default,0,70.88,86.08,AMAZON_REGULAR_ATTRIBUTE_MISMATCH|AMAZON_MIN_GUARD_MISMATCH|AMAZON_MAX_GUARD_MISMATCH,AMAZON_CONSUMER_OFFER_UNAVAILABLE|CHANNELMAX_DEFAULT_MODEL_OVERWRITE_RISK|PROMO_V4_NOT_OWNER_APPROVED|LIVE_SALEPRICE_WINDOW_DIFFERS_FROM_V4_PROPOSAL
73,NJ-ASAC-PTK2,B0H82X48CD,BLOCKED,76.99,66.95,76.99,76.99,OFFER,76.99,,66.95,76.99,V4_PROPOSED_NOT_APPROVED_LIVE_COUPON_UNKNOWN,COUPON_13,,,,66.98,LIVE_DEFAULT_MODEL_OVERWRITE_RISK,Default,76.99,64.14,77.88,,CHANNELMAX_DEFAULT_MODEL_OVERWRITE_RISK|PROMO_V4_NOT_OWNER_APPROVED|LIVE_COUPON_APPLICATION_EVIDENCE_MISSING
74,NM-ASEW-S2SK,B0H86TVN3C,FAIL,76.99,66.95,76.99,66.98,OFFER,77.64,,66.95,96.99,LIVE_LEGACY_SALEPRICE_V4_PROPOSED_NOT_APPROVED,SALEPRICE_13,66.98,2026-07-14T00:00:00Z,2026-08-13T23:59:59Z,66.98,LIVE_DEFAULT_MODEL_OVERWRITE_RISK,Default,66.98,77.64,94.27,AMAZON_REGULAR_ATTRIBUTE_MISMATCH|AMAZON_MAX_GUARD_MISMATCH,CHANNELMAX_DEFAULT_MODEL_OVERWRITE_RISK|PROMO_V4_NOT_OWNER_APPROVED|LIVE_SALEPRICE_WINDOW_DIFFERS_FROM_V4_PROPOSAL
75,NS-ASSD-B3JJ,B0H82L945T,BLOCKED,76.99,66.95,76.99,66.98,OFFER,76.99,,66.95,76.99,LIVE_LEGACY_SALEPRICE_V4_PROPOSED_NOT_APPROVED,SALEPRICE_13,66.98,2026-07-14T00:00:00Z,2026-08-13T23:59:59Z,66.98,LIVE_DEFAULT_MODEL_OVERWRITE_RISK,Default,66.98,65.13,79.09,,CHANNELMAX_DEFAULT_MODEL_OVERWRITE_RISK|PROMO_V4_NOT_OWNER_APPROVED|LIVE_SALEPRICE_WINDOW_DIFFERS_FROM_V4_PROPOSAL
76,NT-ASIL-V5LK,B0H84547PM,FAIL,76.99,66.95,76.99,77.52,OFFER,77.52,,67.81,78.53,V4_PROPOSED_NOT_APPROVED_LIVE_COUPON_UNKNOWN,COUPON_13,,,,66.98,LIVE_DEFAULT_MODEL_OVERWRITE_RISK,Default,77.52,71.14,86.38,AMAZON_REGULAR_ATTRIBUTE_MISMATCH|AMAZON_MIN_GUARD_MISMATCH|AMAZON_MAX_GUARD_MISMATCH|AMAZON_EFFECTIVE_CONSUMER_MISMATCH_CURRENT_SEMANTICS,CHANNELMAX_DEFAULT_MODEL_OVERWRITE_RISK|PROMO_V4_NOT_OWNER_APPROVED|LIVE_COUPON_APPLICATION_EVIDENCE_MISSING
77,NV-AS86-HD44,B0H85KQJKS,BLOCKED,76.99,66.95,76.99,76.99,OFFER,76.99,,66.95,76.99,V4_PROPOSED_NOT_APPROVED_LIVE_COUPON_UNKNOWN,COUPON_13,,,,66.98,LIVE_DEFAULT_MODEL_OVERWRITE_RISK,Default,76.99,64.38,78.18,,CHANNELMAX_DEFAULT_MODEL_OVERWRITE_RISK|PROMO_V4_NOT_OWNER_APPROVED|LIVE_COUPON_APPLICATION_EVIDENCE_MISSING
78,PB-ASAF-G2T6,B0H82K7Y7S,BLOCKED,76.99,66.95,76.99,76.99,OFFER,76.99,,66.95,76.99,V4_PROPOSED_NOT_APPROVED_LIVE_COUPON_UNKNOWN,COUPON_13,,,,66.98,LIVE_DEFAULT_MODEL_OVERWRITE_RISK,Default,76.99,65.64,79.69,,CHANNELMAX_DEFAULT_MODEL_OVERWRITE_RISK|PROMO_V4_NOT_OWNER_APPROVED|LIVE_COUPON_APPLICATION_EVIDENCE_MISSING
79,PJ-ASAX-6LTG,B0H82T12L7,FAIL,252.99,219.57,252.99,,NO_OFFER,271.91,,219.57,252.99,V4_PROPOSED_NOT_APPROVED_LIVE_COUPON_UNKNOWN,COUPON_13,,,,220.1,LIVE_DEFAULT_MODEL_OVERWRITE_RISK,Default,0,271.91,330.16,AMAZON_REGULAR_ATTRIBUTE_MISMATCH,AMAZON_CONSUMER_OFFER_UNAVAILABLE|CHANNELMAX_DEFAULT_MODEL_OVERWRITE_RISK|PROMO_V4_NOT_OWNER_APPROVED|LIVE_COUPON_APPLICATION_EVIDENCE_MISSING
80,PJ-ASDX-E8LW,B0H85MGP35,FAIL,76.99,66.95,76.99,,NO_OFFER,48.73,,66.95,76.99,LIVE_LEGACY_SALEPRICE_V4_PROPOSED_NOT_APPROVED,SALEPRICE_13,66.98,2026-07-14T00:00:00Z,2026-08-13T23:59:59Z,66.98,LIVE_DEFAULT_MODEL_OVERWRITE_RISK,Default,0,40.13,48.73,AMAZON_REGULAR_ATTRIBUTE_MISMATCH,AMAZON_CONSUMER_OFFER_UNAVAILABLE|CHANNELMAX_DEFAULT_MODEL_OVERWRITE_RISK|PROMO_V4_NOT_OWNER_APPROVED|LIVE_SALEPRICE_WINDOW_DIFFERS_FROM_V4_PROPOSAL
81,PL-ASR9-U94A,B0H83RR2XQ,FAIL,130.99,114.27,130.99,,NO_OFFER,138.98,,114.27,130.99,V4_PROPOSED_NOT_APPROVED_LIVE_COUPON_UNKNOWN,COUPON_12,,,,115.27,LIVE_DEFAULT_MODEL_OVERWRITE_RISK,Default,0,138.98,168.75,AMAZON_REGULAR_ATTRIBUTE_MISMATCH,AMAZON_CONSUMER_OFFER_UNAVAILABLE|CHANNELMAX_DEFAULT_MODEL_OVERWRITE_RISK|PROMO_V4_NOT_OWNER_APPROVED|LIVE_COUPON_APPLICATION_EVIDENCE_MISSING
82,PP-AS23-SPLQ,B0H84CDNQG,BLOCKED,76.99,66.95,76.99,66.98,OFFER,76.99,,66.95,76.99,LIVE_LEGACY_SALEPRICE_V4_PROPOSED_NOT_APPROVED,SALEPRICE_13,66.98,2026-07-14T00:00:00Z,2026-08-13T23:59:59Z,66.98,LIVE_DEFAULT_MODEL_OVERWRITE_RISK,Default,66.98,64.38,78.18,,CHANNELMAX_DEFAULT_MODEL_OVERWRITE_RISK|PROMO_V4_NOT_OWNER_APPROVED|LIVE_SALEPRICE_WINDOW_DIFFERS_FROM_V4_PROPOSAL
83,PR-AS79-8SDF,B0H82L74PL,FAIL,85.99,74.75,85.99,,NO_OFFER,93.13,,74.75,85.99,V4_PROPOSED_NOT_APPROVED_LIVE_COUPON_UNKNOWN,COUPON_13,,,,74.81,LIVE_DEFAULT_MODEL_OVERWRITE_RISK,Default,0,93.13,113.09,AMAZON_REGULAR_ATTRIBUTE_MISMATCH,AMAZON_CONSUMER_OFFER_UNAVAILABLE|CHANNELMAX_DEFAULT_MODEL_OVERWRITE_RISK|PROMO_V4_NOT_OWNER_APPROVED|LIVE_COUPON_APPLICATION_EVIDENCE_MISSING
84,PT-AS5B-Z2XH,B0H84Z6QWY,BLOCKED,76.99,66.95,76.99,76.99,OFFER,76.99,,66.95,76.99,V4_PROPOSED_NOT_APPROVED_LIVE_COUPON_UNKNOWN,COUPON_13,,,,66.98,LIVE_DEFAULT_MODEL_OVERWRITE_RISK,Default,76.99,64.14,77.88,,CHANNELMAX_DEFAULT_MODEL_OVERWRITE_RISK|PROMO_V4_NOT_OWNER_APPROVED|LIVE_COUPON_APPLICATION_EVIDENCE_MISSING
85,PU-AS3D-SA5Z,B0H83H71F8,BLOCKED,297.99,258.57,297.99,297.99,OFFER,297.99,,258.57,297.99,V4_PROPOSED_NOT_APPROVED_LIVE_COUPON_UNKNOWN,COUPON_13,,,,259.25,LIVE_DEFAULT_MODEL_OVERWRITE_RISK,Default,297.99,284.4,345.34,,CHANNELMAX_DEFAULT_MODEL_OVERWRITE_RISK|PROMO_V4_NOT_OWNER_APPROVED|LIVE_COUPON_APPLICATION_EVIDENCE_MISSING
86,PW-ASDZ-CSR8,B0H839TPC5,FAIL,130.99,114.27,130.99,,NO_OFFER,138.98,,114.27,130.99,V4_PROPOSED_NOT_APPROVED_LIVE_COUPON_UNKNOWN,COUPON_12,,,,115.27,LIVE_DEFAULT_MODEL_OVERWRITE_RISK,Default,0,138.98,168.75,AMAZON_REGULAR_ATTRIBUTE_MISMATCH,AMAZON_CONSUMER_OFFER_UNAVAILABLE|CHANNELMAX_DEFAULT_MODEL_OVERWRITE_RISK|PROMO_V4_NOT_OWNER_APPROVED|LIVE_COUPON_APPLICATION_EVIDENCE_MISSING
87,PY-ASBM-WX6W,B0H82B7GV5,BLOCKED,76.99,66.95,76.99,66.98,OFFER,76.99,,66.95,76.99,LIVE_LEGACY_SALEPRICE_V4_PROPOSED_NOT_APPROVED,SALEPRICE_13,66.98,2026-07-14T00:00:00Z,2026-08-13T23:59:59Z,66.98,LIVE_DEFAULT_MODEL_OVERWRITE_RISK,Default,66.98,64.14,77.88,,CHANNELMAX_DEFAULT_MODEL_OVERWRITE_RISK|PROMO_V4_NOT_OWNER_APPROVED|LIVE_SALEPRICE_WINDOW_DIFFERS_FROM_V4_PROPOSAL
88,QC-ASX2-RHPA,B0H83TQPJB,BLOCKED,297.99,258.57,297.99,297.99,OFFER,297.99,,258.57,297.99,V4_PROPOSED_NOT_APPROVED_LIVE_COUPON_UNKNOWN,COUPON_13,,,,259.25,LIVE_DEFAULT_MODEL_OVERWRITE_RISK,Default,297.99,281.91,342.31,,CHANNELMAX_DEFAULT_MODEL_OVERWRITE_RISK|PROMO_V4_NOT_OWNER_APPROVED|LIVE_COUPON_APPLICATION_EVIDENCE_MISSING
89,QE-ASEQ-4YV5,B0H82CBLRM,BLOCKED,76.99,66.95,76.99,76.99,OFFER,76.99,,66.95,76.99,V4_PROPOSED_NOT_APPROVED_LIVE_COUPON_UNKNOWN,COUPON_13,,,,66.98,LIVE_DEFAULT_MODEL_OVERWRITE_RISK,Default,76.99,64.14,77.88,,CHANNELMAX_DEFAULT_MODEL_OVERWRITE_RISK|PROMO_V4_NOT_OWNER_APPROVED|LIVE_COUPON_APPLICATION_EVIDENCE_MISSING
90,QP-ASAD-PTLX,B0H85DG2JQ,FAIL,76.99,66.95,76.99,66.98,OFFER,70.88,,66.95,76.99,LIVE_LEGACY_SALEPRICE_V4_PROPOSED_NOT_APPROVED,SALEPRICE_13,66.98,2026-07-14T00:00:00Z,2026-08-13T23:59:59Z,66.98,LIVE_DEFAULT_MODEL_OVERWRITE_RISK,Default,66.98,70.88,86.08,AMAZON_REGULAR_ATTRIBUTE_MISMATCH,CHANNELMAX_DEFAULT_MODEL_OVERWRITE_RISK|PROMO_V4_NOT_OWNER_APPROVED|LIVE_SALEPRICE_WINDOW_DIFFERS_FROM_V4_PROPOSAL
91,QW-ASRZ-SYKC,B0H83MDDBL,FAIL,297.99,258.57,297.99,297.99,OFFER,297.99,,288.39,319.47,V4_PROPOSED_NOT_APPROVED_LIVE_COUPON_UNKNOWN,COUPON_13,,,,259.25,LIVE_DEFAULT_MODEL_OVERWRITE_RISK,Default,297.99,289.4,351.42,AMAZON_MIN_GUARD_MISMATCH|AMAZON_MAX_GUARD_MISMATCH,CHANNELMAX_DEFAULT_MODEL_OVERWRITE_RISK|PROMO_V4_NOT_OWNER_APPROVED|LIVE_COUPON_APPLICATION_EVIDENCE_MISSING
92,QX-AS89-H8YC,B0H82RQ226,FAIL,76.99,66.95,76.99,,NO_OFFER,77.64,76.99,66.95,76.99,V4_PROPOSED_NOT_APPROVED_LIVE_COUPON_UNKNOWN,COUPON_13,,,,66.98,LIVE_DEFAULT_MODEL_OVERWRITE_RISK,Default,0,77.64,94.27,AMAZON_REGULAR_ATTRIBUTE_MISMATCH,AMAZON_CONSUMER_OFFER_UNAVAILABLE|CHANNELMAX_DEFAULT_MODEL_OVERWRITE_RISK|PROMO_V4_NOT_OWNER_APPROVED|LIVE_COUPON_APPLICATION_EVIDENCE_MISSING
93,QX-ASS6-4T4F,B0H83B6TYP,FAIL,252.99,219.57,252.99,220.1,OFFER,223.14,,219.57,252.99,LIVE_LEGACY_SALEPRICE_V4_PROPOSED_NOT_APPROVED,SALEPRICE_13,220.1,2026-07-14T00:00:00Z,2026-08-13T23:59:59Z,220.1,LIVE_DEFAULT_MODEL_OVERWRITE_RISK,Default,220.1,223.14,270.96,AMAZON_REGULAR_ATTRIBUTE_MISMATCH,CHANNELMAX_DEFAULT_MODEL_OVERWRITE_RISK|PROMO_V4_NOT_OWNER_APPROVED|LIVE_SALEPRICE_WINDOW_DIFFERS_FROM_V4_PROPOSAL
94,RB-ASVO-GYCY,B0H859N8VM,FAIL,76.99,66.95,76.99,66.98,OFFER,70.88,,66.95,76.99,LIVE_LEGACY_SALEPRICE_V4_PROPOSED_NOT_APPROVED,SALEPRICE_13,66.98,2026-07-14T00:00:00Z,2026-08-13T23:59:59Z,66.98,LIVE_DEFAULT_MODEL_OVERWRITE_RISK,Default,66.98,70.88,86.08,AMAZON_REGULAR_ATTRIBUTE_MISMATCH,CHANNELMAX_DEFAULT_MODEL_OVERWRITE_RISK|PROMO_V4_NOT_OWNER_APPROVED|LIVE_SALEPRICE_WINDOW_DIFFERS_FROM_V4_PROPOSAL
95,RH-ASWA-ER34,B0H85JR6WN,BLOCKED,76.99,66.95,76.99,66.98,OFFER,76.99,,66.95,76.99,LIVE_LEGACY_SALEPRICE_V4_PROPOSED_NOT_APPROVED,SALEPRICE_13,66.98,2026-07-14T00:00:00Z,2026-08-13T23:59:59Z,66.98,LIVE_DEFAULT_MODEL_OVERWRITE_RISK,Default,66.98,64.64,78.48,,CHANNELMAX_DEFAULT_MODEL_OVERWRITE_RISK|PROMO_V4_NOT_OWNER_APPROVED|LIVE_SALEPRICE_WINDOW_DIFFERS_FROM_V4_PROPOSAL
96,RL-AS64-Q8QX,B0H82LZLM2,FAIL,85.99,74.75,85.99,,NO_OFFER,93.13,,74.75,85.99,V4_PROPOSED_NOT_APPROVED_LIVE_COUPON_UNKNOWN,COUPON_13,,,,74.81,LIVE_DEFAULT_MODEL_OVERWRITE_RISK,Default,0,93.13,113.09,AMAZON_REGULAR_ATTRIBUTE_MISMATCH,AMAZON_CONSUMER_OFFER_UNAVAILABLE|CHANNELMAX_DEFAULT_MODEL_OVERWRITE_RISK|PROMO_V4_NOT_OWNER_APPROVED|LIVE_COUPON_APPLICATION_EVIDENCE_MISSING
97,RM-ASCV-DVA5,B0H822CVVL,BLOCKED,76.99,66.95,76.99,66.98,OFFER,76.99,,66.95,76.99,LIVE_LEGACY_SALEPRICE_V4_PROPOSED_NOT_APPROVED,SALEPRICE_13,66.98,2026-07-14T00:00:00Z,2026-08-13T23:59:59Z,66.98,LIVE_DEFAULT_MODEL_OVERWRITE_RISK,Default,66.98,64.64,78.48,,CHANNELMAX_DEFAULT_MODEL_OVERWRITE_RISK|PROMO_V4_NOT_OWNER_APPROVED|LIVE_SALEPRICE_WINDOW_DIFFERS_FROM_V4_PROPOSAL
98,RN-ASLP-VH3X,B0H82JYZQH,BLOCKED,85.99,74.75,85.99,85.99,OFFER,85.99,,74.75,85.99,V4_PROPOSED_NOT_APPROVED_LIVE_COUPON_UNKNOWN,COUPON_13,,,,74.81,LIVE_DEFAULT_MODEL_OVERWRITE_RISK,Default,85.99,76.26,92.6,,CHANNELMAX_DEFAULT_MODEL_OVERWRITE_RISK|PROMO_V4_NOT_OWNER_APPROVED|LIVE_COUPON_APPLICATION_EVIDENCE_MISSING
99,RQ-AS0L-9B45,B0H85MQLHG,FAIL,76.99,66.95,76.99,72.14,OFFER,72.14,,66.95,76.99,V4_PROPOSED_NOT_APPROVED_LIVE_COUPON_UNKNOWN,COUPON_13,,,,66.98,LIVE_DEFAULT_MODEL_OVERWRITE_RISK,Default,72.14,71.14,86.38,AMAZON_REGULAR_ATTRIBUTE_MISMATCH|AMAZON_EFFECTIVE_CONSUMER_MISMATCH_CURRENT_SEMANTICS,CHANNELMAX_DEFAULT_MODEL_OVERWRITE_RISK|PROMO_V4_NOT_OWNER_APPROVED|LIVE_COUPON_APPLICATION_EVIDENCE_MISSING
100,RQ-AS78-STLZ,B0H85GR968,BLOCKED,76.99,66.95,76.99,76.99,OFFER,76.99,,66.95,76.99,V4_PROPOSED_NOT_APPROVED_LIVE_COUPON_UNKNOWN,COUPON_13,,,,66.98,LIVE_DEFAULT_MODEL_OVERWRITE_RISK,Default,76.99,71.64,86.99,,CHANNELMAX_DEFAULT_MODEL_OVERWRITE_RISK|PROMO_V4_NOT_OWNER_APPROVED|LIVE_COUPON_APPLICATION_EVIDENCE_MISSING
101,RQ-ASM7-T9NN,B0H83HNB3B,FAIL,252.99,219.57,252.99,220.1,OFFER,221.27,,219.57,252.99,LIVE_LEGACY_SALEPRICE_V4_PROPOSED_NOT_APPROVED,SALEPRICE_13,220.1,2026-07-14T00:00:00Z,2026-08-13T23:59:59Z,220.1,LIVE_DEFAULT_MODEL_OVERWRITE_RISK,Default,220.1,221.27,268.69,AMAZON_REGULAR_ATTRIBUTE_MISMATCH,CHANNELMAX_DEFAULT_MODEL_OVERWRITE_RISK|PROMO_V4_NOT_OWNER_APPROVED|LIVE_SALEPRICE_WINDOW_DIFFERS_FROM_V4_PROPOSAL
102,RR-ASG1-JVKV,B0H8361PYX,BLOCKED,130.99,114.27,130.99,114.27,OFFER,130.99,,114.27,130.99,LIVE_LEGACY_SALEPRICE_V4_PROPOSED_NOT_APPROVED,SALEPRICE_12,114.27,2026-07-14T00:00:00Z,2026-08-13T23:59:59Z,115.27,LIVE_DEFAULT_MODEL_OVERWRITE_RISK,Default,114.27,113.66,138.02,,CHANNELMAX_DEFAULT_MODEL_OVERWRITE_RISK|PROMO_V4_NOT_OWNER_APPROVED|LIVE_SALEPRICE_VALUE_DIFFERS_FROM_V4_PROPOSAL|LIVE_SALEPRICE_WINDOW_DIFFERS_FROM_V4_PROPOSAL
103,RS-AS47-M3K3,B0H87748WJ,BLOCKED,76.99,66.95,76.99,66.98,OFFER,76.99,,66.95,76.99,LIVE_LEGACY_SALEPRICE_V4_PROPOSED_NOT_APPROVED,SALEPRICE_13,66.98,2026-07-14T00:00:00Z,2026-08-13T23:59:59Z,66.98,LIVE_DEFAULT_MODEL_OVERWRITE_RISK,Default,66.98,64.38,78.18,,CHANNELMAX_DEFAULT_MODEL_OVERWRITE_RISK|PROMO_V4_NOT_OWNER_APPROVED|LIVE_SALEPRICE_WINDOW_DIFFERS_FROM_V4_PROPOSAL
104,RU-ASC3-4TUS,B0H83SJFR7,FAIL,76.99,66.95,76.99,,NO_OFFER,77.52,,66.95,76.99,V4_PROPOSED_NOT_APPROVED_LIVE_COUPON_UNKNOWN,COUPON_13,,,,66.98,LIVE_DEFAULT_MODEL_OVERWRITE_RISK,Default,0,71.14,86.38,AMAZON_REGULAR_ATTRIBUTE_MISMATCH,AMAZON_CONSUMER_OFFER_UNAVAILABLE|CHANNELMAX_DEFAULT_MODEL_OVERWRITE_RISK|PROMO_V4_NOT_OWNER_APPROVED|LIVE_COUPON_APPLICATION_EVIDENCE_MISSING
105,RY-ASMO-6N4F,B0H8493HNR,BLOCKED,76.99,66.95,76.99,76.99,OFFER,76.99,,66.95,76.99,V4_PROPOSED_NOT_APPROVED_LIVE_COUPON_UNKNOWN,COUPON_13,,,,66.98,LIVE_DEFAULT_MODEL_OVERWRITE_RISK,Default,76.99,64.64,78.48,,CHANNELMAX_DEFAULT_MODEL_OVERWRITE_RISK|PROMO_V4_NOT_OWNER_APPROVED|LIVE_COUPON_APPLICATION_EVIDENCE_MISSING
106,RY-ASO3-24Q2,B0H84XMG42,FAIL,76.99,66.95,76.99,,NO_OFFER,77.52,,66.95,76.99,V4_PROPOSED_NOT_APPROVED_LIVE_COUPON_UNKNOWN,COUPON_13,,,,66.98,LIVE_DEFAULT_MODEL_OVERWRITE_RISK,Default,0,71.14,86.38,AMAZON_REGULAR_ATTRIBUTE_MISMATCH,AMAZON_CONSUMER_OFFER_UNAVAILABLE|CHANNELMAX_DEFAULT_MODEL_OVERWRITE_RISK|PROMO_V4_NOT_OWNER_APPROVED|LIVE_COUPON_APPLICATION_EVIDENCE_MISSING
107,RZ-AS26-WLRM,B0H85PJ516,BLOCKED,76.99,66.95,76.99,76.99,OFFER,76.99,,66.95,76.99,V4_PROPOSED_NOT_APPROVED_LIVE_COUPON_UNKNOWN,COUPON_13,,,,66.98,LIVE_DEFAULT_MODEL_OVERWRITE_RISK,Default,76.99,64.38,78.18,,CHANNELMAX_DEFAULT_MODEL_OVERWRITE_RISK|PROMO_V4_NOT_OWNER_APPROVED|LIVE_COUPON_APPLICATION_EVIDENCE_MISSING
108,SA-ASCK-J2B2,B0H82XP1MM,FAIL,130.99,114.27,130.99,,NO_OFFER,138.98,,114.27,130.99,V4_PROPOSED_NOT_APPROVED_LIVE_COUPON_UNKNOWN,COUPON_12,,,,115.27,LIVE_DEFAULT_MODEL_OVERWRITE_RISK,Default,0,138.98,168.75,AMAZON_REGULAR_ATTRIBUTE_MISMATCH,AMAZON_CONSUMER_OFFER_UNAVAILABLE|CHANNELMAX_DEFAULT_MODEL_OVERWRITE_RISK|PROMO_V4_NOT_OWNER_APPROVED|LIVE_COUPON_APPLICATION_EVIDENCE_MISSING
109,SA-ASDW-SNEW,B0H82SMZ2M,BLOCKED,130.99,114.27,130.99,130.99,OFFER,130.99,,114.27,130.99,V4_PROPOSED_NOT_APPROVED_LIVE_COUPON_UNKNOWN,COUPON_12,,,,115.27,LIVE_DEFAULT_MODEL_OVERWRITE_RISK,Default,130.99,115.54,140.29,,CHANNELMAX_DEFAULT_MODEL_OVERWRITE_RISK|PROMO_V4_NOT_OWNER_APPROVED|LIVE_COUPON_APPLICATION_EVIDENCE_MISSING
110,SC-ASH8-4RQG,B0H856DWVS,FAIL,76.99,66.95,76.99,66.98,OFFER,79.39,,66.95,90,LIVE_LEGACY_SALEPRICE_V4_PROPOSED_NOT_APPROVED,SALEPRICE_13,66.98,2026-07-14T00:00:00Z,2026-08-13T23:59:59Z,66.98,LIVE_DEFAULT_MODEL_OVERWRITE_RISK,Default,66.98,79.39,96.39,AMAZON_REGULAR_ATTRIBUTE_MISMATCH|AMAZON_MAX_GUARD_MISMATCH,CHANNELMAX_DEFAULT_MODEL_OVERWRITE_RISK|PROMO_V4_NOT_OWNER_APPROVED|LIVE_SALEPRICE_WINDOW_DIFFERS_FROM_V4_PROPOSAL
111,SG-AS32-LZ9Y,B0H8564C6D,BLOCKED,76.99,66.95,76.99,76.99,OFFER,76.99,,66.95,76.99,V4_PROPOSED_NOT_APPROVED_LIVE_COUPON_UNKNOWN,COUPON_13,,,,66.98,LIVE_DEFAULT_MODEL_OVERWRITE_RISK,Default,76.99,64.64,78.48,,CHANNELMAX_DEFAULT_MODEL_OVERWRITE_RISK|PROMO_V4_NOT_OWNER_APPROVED|LIVE_COUPON_APPLICATION_EVIDENCE_MISSING
112,SG-ASLB-M2DG,B0H84PFKYC,BLOCKED,76.99,66.95,76.99,66.98,OFFER,76.99,,66.95,76.99,LIVE_LEGACY_SALEPRICE_V4_PROPOSED_NOT_APPROVED,SALEPRICE_13,66.98,2026-07-14T00:00:00Z,2026-08-13T23:59:59Z,66.98,LIVE_DEFAULT_MODEL_OVERWRITE_RISK,Default,66.98,64.38,78.18,,CHANNELMAX_DEFAULT_MODEL_OVERWRITE_RISK|PROMO_V4_NOT_OWNER_APPROVED|LIVE_SALEPRICE_WINDOW_DIFFERS_FROM_V4_PROPOSAL
113,SH-ASO0-PW37,B0H83ZH3TB,FAIL,76.99,66.95,76.99,,NO_OFFER,77.52,,66.95,76.99,V4_PROPOSED_NOT_APPROVED_LIVE_COUPON_UNKNOWN,COUPON_13,,,,66.98,LIVE_DEFAULT_MODEL_OVERWRITE_RISK,Default,0,70.88,86.08,AMAZON_REGULAR_ATTRIBUTE_MISMATCH,AMAZON_CONSUMER_OFFER_UNAVAILABLE|CHANNELMAX_DEFAULT_MODEL_OVERWRITE_RISK|PROMO_V4_NOT_OWNER_APPROVED|LIVE_COUPON_APPLICATION_EVIDENCE_MISSING
114,SS-AS9K-U9TV,B0H831889Q,BLOCKED,130.99,114.27,130.99,130.99,OFFER,130.99,,114.27,130.99,V4_PROPOSED_NOT_APPROVED_LIVE_COUPON_UNKNOWN,COUPON_12,,,,115.27,LIVE_DEFAULT_MODEL_OVERWRITE_RISK,Default,130.99,114.59,139.15,,CHANNELMAX_DEFAULT_MODEL_OVERWRITE_RISK|PROMO_V4_NOT_OWNER_APPROVED|LIVE_COUPON_APPLICATION_EVIDENCE_MISSING
115,SU-ASS4-RV6R,B0H853HGHC,FAIL,76.99,66.95,76.99,,NO_OFFER,86.08,,66.95,76.99,V4_PROPOSED_NOT_APPROVED_LIVE_COUPON_UNKNOWN,COUPON_13,,,,66.98,LIVE_DEFAULT_MODEL_OVERWRITE_RISK,Default,0,70.88,86.08,AMAZON_REGULAR_ATTRIBUTE_MISMATCH,AMAZON_CONSUMER_OFFER_UNAVAILABLE|CHANNELMAX_DEFAULT_MODEL_OVERWRITE_RISK|PROMO_V4_NOT_OWNER_APPROVED|LIVE_COUPON_APPLICATION_EVIDENCE_MISSING
116,SV-AS87-D6SV,B0H83ZGN22,FAIL,76.99,66.95,76.99,66.98,OFFER,70.88,,66.95,76.99,LIVE_LEGACY_SALEPRICE_V4_PROPOSED_NOT_APPROVED,SALEPRICE_13,66.98,2026-07-14T00:00:00Z,2026-08-13T23:59:59Z,66.98,LIVE_DEFAULT_MODEL_OVERWRITE_RISK,Default,66.98,70.88,86.08,AMAZON_REGULAR_ATTRIBUTE_MISMATCH,CHANNELMAX_DEFAULT_MODEL_OVERWRITE_RISK|PROMO_V4_NOT_OWNER_APPROVED|LIVE_SALEPRICE_WINDOW_DIFFERS_FROM_V4_PROPOSAL
117,SZ-ASPI-JFAT,B0H776M5B5,FAIL,76.99,66.95,76.99,,NO_OFFER,119.68,,66.95,76.99,V4_PROPOSED_NOT_APPROVED_LIVE_COUPON_UNKNOWN,COUPON_13,,,,66.98,LIVE_IDENTITY_MISMATCH,Default,0,119.68,145.33,AMAZON_REGULAR_ATTRIBUTE_MISMATCH|CHANNELMAX_IDENTITY_MISMATCH,AMAZON_CONSUMER_OFFER_UNAVAILABLE|PROMO_V4_NOT_OWNER_APPROVED|LIVE_COUPON_APPLICATION_EVIDENCE_MISSING
118,TH-AS6D-CCES,B0H845HSDZ,BLOCKED,76.99,66.95,76.99,66.98,OFFER,76.99,,66.95,76.99,LIVE_LEGACY_SALEPRICE_V4_PROPOSED_NOT_APPROVED,SALEPRICE_13,66.98,2026-07-14T00:00:00Z,2026-08-13T23:59:59Z,66.98,LIVE_DEFAULT_MODEL_OVERWRITE_RISK,Default,66.98,64.64,78.48,,CHANNELMAX_DEFAULT_MODEL_OVERWRITE_RISK|PROMO_V4_NOT_OWNER_APPROVED|LIVE_SALEPRICE_WINDOW_DIFFERS_FROM_V4_PROPOSAL
119,TL-ASHN-ZRKG,B0H85P9F3R,FAIL,76.99,66.95,76.99,66.98,OFFER,71.14,,66.95,76.99,LIVE_LEGACY_SALEPRICE_V4_PROPOSED_NOT_APPROVED,SALEPRICE_13,66.98,2026-07-14T00:00:00Z,2026-08-13T23:59:59Z,66.98,LIVE_DEFAULT_MODEL_OVERWRITE_RISK,Default,66.98,71.14,86.38,AMAZON_REGULAR_ATTRIBUTE_MISMATCH,CHANNELMAX_DEFAULT_MODEL_OVERWRITE_RISK|PROMO_V4_NOT_OWNER_APPROVED|LIVE_SALEPRICE_WINDOW_DIFFERS_FROM_V4_PROPOSAL
120,TP-AS91-8PAZ,B0H835T5HN,FAIL,85.99,74.75,85.99,74.81,OFFER,77.51,,74.75,85.99,LIVE_LEGACY_SALEPRICE_V4_PROPOSED_NOT_APPROVED,SALEPRICE_13,74.81,2026-07-14T00:00:00Z,2026-08-13T23:59:59Z,74.81,LIVE_DEFAULT_MODEL_OVERWRITE_RISK,Default,74.81,77.51,94.12,AMAZON_REGULAR_ATTRIBUTE_MISMATCH,CHANNELMAX_DEFAULT_MODEL_OVERWRITE_RISK|PROMO_V4_NOT_OWNER_APPROVED|LIVE_SALEPRICE_WINDOW_DIFFERS_FROM_V4_PROPOSAL
121,TQ-ASBR-96TC,B0H82BCZ44,FAIL,76.99,66.95,76.99,,NO_OFFER,81.14,,66.95,76.99,LIVE_LEGACY_SALEPRICE_V4_PROPOSED_NOT_APPROVED,SALEPRICE_13,66.98,2026-07-14T00:00:00Z,2026-08-13T23:59:59Z,66.98,LIVE_DEFAULT_MODEL_OVERWRITE_RISK,Default,0,81.14,98.53,AMAZON_REGULAR_ATTRIBUTE_MISMATCH,AMAZON_CONSUMER_OFFER_UNAVAILABLE|CHANNELMAX_DEFAULT_MODEL_OVERWRITE_RISK|PROMO_V4_NOT_OWNER_APPROVED|LIVE_SALEPRICE_WINDOW_DIFFERS_FROM_V4_PROPOSAL
122,TQ-ASC4-P2NP,B0H839G6RQ,BLOCKED,252.99,219.57,252.99,252.99,OFFER,252.99,,219.57,252.99,V4_PROPOSED_NOT_APPROVED_LIVE_COUPON_UNKNOWN,COUPON_13,,,,220.1,LIVE_DEFAULT_MODEL_OVERWRITE_RISK,Default,252.99,221.27,268.69,,CHANNELMAX_DEFAULT_MODEL_OVERWRITE_RISK|PROMO_V4_NOT_OWNER_APPROVED|LIVE_COUPON_APPLICATION_EVIDENCE_MISSING
123,TY-AST2-JE9P,B0H84WQRXB,BLOCKED,76.99,66.95,76.99,,NO_OFFER,48.73,,66.95,76.99,EXCLUDED_BUT_LIVE_SALEPRICE,SALEPRICE_13,66.98,2026-07-14T00:00:00Z,2026-08-13T23:59:59Z,,LIVE_DEFAULT_MODEL_OVERWRITE_RISK,Default,0,40.13,48.73,,CATALOG_IDENTITY_CONFLICT_8541|AMAZON_CONSUMER_OFFER_UNAVAILABLE|CHANNELMAX_DEFAULT_MODEL_OVERWRITE_RISK
124,UA-ASAO-RE7Q,B0H784LMG6,FAIL,130.99,114.27,130.99,,NO_OFFER,144.24,,114.27,130.99,V4_PROPOSED_NOT_APPROVED_LIVE_COUPON_UNKNOWN,COUPON_12,,,,115.27,LIVE_DEFAULT_MODEL_OVERWRITE_RISK,Default,0,144.24,182.06,AMAZON_REGULAR_ATTRIBUTE_MISMATCH,AMAZON_CONSUMER_OFFER_UNAVAILABLE|CHANNELMAX_DEFAULT_MODEL_OVERWRITE_RISK|PROMO_V4_NOT_OWNER_APPROVED|LIVE_COUPON_APPLICATION_EVIDENCE_MISSING
125,UD-AS9J-QNY6,B0H834L7P6,FAIL,252.99,219.57,252.99,220.1,OFFER,223.14,,219.57,252.99,LIVE_LEGACY_SALEPRICE_V4_PROPOSED_NOT_APPROVED,SALEPRICE_13,220.1,2026-07-14T00:00:00Z,2026-08-13T23:59:59Z,220.1,LIVE_DEFAULT_MODEL_OVERWRITE_RISK,Default,220.1,223.14,270.96,AMAZON_REGULAR_ATTRIBUTE_MISMATCH,CHANNELMAX_DEFAULT_MODEL_OVERWRITE_RISK|PROMO_V4_NOT_OWNER_APPROVED|LIVE_SALEPRICE_WINDOW_DIFFERS_FROM_V4_PROPOSAL
126,UE-ASA6-CLLY,B0H83ZHZ4S,BLOCKED,76.99,66.95,76.99,66.98,OFFER,76.99,,66.95,76.99,LIVE_LEGACY_SALEPRICE_V4_PROPOSED_NOT_APPROVED,SALEPRICE_13,66.98,2026-07-14T00:00:00Z,2026-08-13T23:59:59Z,66.98,LIVE_DEFAULT_MODEL_OVERWRITE_RISK,Default,66.98,64.38,78.18,,CHANNELMAX_DEFAULT_MODEL_OVERWRITE_RISK|PROMO_V4_NOT_OWNER_APPROVED|LIVE_SALEPRICE_WINDOW_DIFFERS_FROM_V4_PROPOSAL
127,UF-ASA1-GN5P,B0H854DM3X,BLOCKED,76.99,66.95,76.99,66.98,OFFER,76.99,,66.95,76.99,LIVE_LEGACY_SALEPRICE_V4_PROPOSED_NOT_APPROVED,SALEPRICE_13,66.98,2026-07-14T00:00:00Z,2026-08-13T23:59:59Z,66.98,LIVE_DEFAULT_MODEL_OVERWRITE_RISK,Default,66.98,64.89,78.79,,CHANNELMAX_DEFAULT_MODEL_OVERWRITE_RISK|PROMO_V4_NOT_OWNER_APPROVED|LIVE_SALEPRICE_WINDOW_DIFFERS_FROM_V4_PROPOSAL
128,UG-ASUO-L4D9,B0H83FP8WW,BLOCKED,252.99,219.57,252.99,252.99,OFFER,252.99,,219.57,252.99,V4_PROPOSED_NOT_APPROVED_LIVE_COUPON_UNKNOWN,COUPON_13,,,,220.1,LIVE_DEFAULT_MODEL_OVERWRITE_RISK,Default,252.99,221.27,268.69,,CHANNELMAX_DEFAULT_MODEL_OVERWRITE_RISK|PROMO_V4_NOT_OWNER_APPROVED|LIVE_COUPON_APPLICATION_EVIDENCE_MISSING
129,UJ-ASQ1-9FNR,B0H82P651P,FAIL,76.99,66.95,76.99,,NO_OFFER,77.64,,66.95,76.99,LIVE_LEGACY_SALEPRICE_V4_PROPOSED_NOT_APPROVED,SALEPRICE_13,66.98,2026-07-14T00:00:00Z,2026-08-13T23:59:59Z,66.98,LIVE_DEFAULT_MODEL_OVERWRITE_RISK,Default,0,77.64,94.27,AMAZON_REGULAR_ATTRIBUTE_MISMATCH,AMAZON_CONSUMER_OFFER_UNAVAILABLE|CHANNELMAX_DEFAULT_MODEL_OVERWRITE_RISK|PROMO_V4_NOT_OWNER_APPROVED|LIVE_SALEPRICE_WINDOW_DIFFERS_FROM_V4_PROPOSAL
130,UY-AS5N-A2E4,B0H83R4M3R,FAIL,297.99,258.57,297.99,,NO_OFFER,349.41,,258.57,297.99,LIVE_LEGACY_SALEPRICE_V4_PROPOSED_NOT_APPROVED,SALEPRICE_13,259.25,2026-07-14T00:00:00Z,2026-08-13T23:59:59Z,259.25,LIVE_DEFAULT_MODEL_OVERWRITE_RISK,Default,0,349.41,424.28,AMAZON_REGULAR_ATTRIBUTE_MISMATCH,AMAZON_CONSUMER_OFFER_UNAVAILABLE|CHANNELMAX_DEFAULT_MODEL_OVERWRITE_RISK|PROMO_V4_NOT_OWNER_APPROVED|LIVE_SALEPRICE_WINDOW_DIFFERS_FROM_V4_PROPOSAL
131,VA-ASOK-QJCA,B0H85RZDX5,FAIL,76.99,66.95,76.99,66.98,OFFER,56.63,,55,76.99,LIVE_LEGACY_SALEPRICE_V4_PROPOSED_NOT_APPROVED,SALEPRICE_13,66.98,2026-07-14T00:00:00Z,2026-08-13T23:59:59Z,66.98,LIVE_DEFAULT_MODEL_OVERWRITE_RISK,Default,66.98,46.64,56.63,AMAZON_REGULAR_ATTRIBUTE_MISMATCH|AMAZON_MIN_GUARD_MISMATCH,CHANNELMAX_DEFAULT_MODEL_OVERWRITE_RISK|PROMO_V4_NOT_OWNER_APPROVED|LIVE_SALEPRICE_WINDOW_DIFFERS_FROM_V4_PROPOSAL
132,VC-ASQE-L5Z5,B0H82QYM85,FAIL,130.99,114.27,130.99,114.27,OFFER,114.59,,114.27,130.99,LIVE_LEGACY_SALEPRICE_V4_PROPOSED_NOT_APPROVED,SALEPRICE_12,114.27,2026-07-14T00:00:00Z,2026-08-13T23:59:59Z,115.27,LIVE_DEFAULT_MODEL_OVERWRITE_RISK,Default,114.27,114.59,139.15,AMAZON_REGULAR_ATTRIBUTE_MISMATCH,CHANNELMAX_DEFAULT_MODEL_OVERWRITE_RISK|PROMO_V4_NOT_OWNER_APPROVED|LIVE_SALEPRICE_VALUE_DIFFERS_FROM_V4_PROPOSAL|LIVE_SALEPRICE_WINDOW_DIFFERS_FROM_V4_PROPOSAL
133,VC-ASV1-378P,B0H786L5MW,FAIL,252.99,219.57,252.99,,NO_OFFER,289.28,,219.57,252.99,V4_PROPOSED_NOT_APPROVED_LIVE_COUPON_UNKNOWN,COUPON_13,,,,220.1,LIVE_MANUAL_MODEL_BOUNDS_MISMATCH,Manual min/max,0,251.32,289.28,AMAZON_REGULAR_ATTRIBUTE_MISMATCH|CHANNELMAX_MANUAL_MODEL_BOUNDS_MISMATCH,AMAZON_CONSUMER_OFFER_UNAVAILABLE|PROMO_V4_NOT_OWNER_APPROVED|LIVE_COUPON_APPLICATION_EVIDENCE_MISSING
134,VH-ASHZ-TJEE,B0H856VWD6,FAIL,76.99,66.95,76.99,,NO_OFFER,48.43,,66.95,76.99,LIVE_LEGACY_SALEPRICE_V4_PROPOSED_NOT_APPROVED,SALEPRICE_13,66.98,2026-07-14T00:00:00Z,2026-08-13T23:59:59Z,66.98,LIVE_DEFAULT_MODEL_OVERWRITE_RISK,Default,0,39.88,48.43,AMAZON_REGULAR_ATTRIBUTE_MISMATCH,AMAZON_CONSUMER_OFFER_UNAVAILABLE|CHANNELMAX_DEFAULT_MODEL_OVERWRITE_RISK|PROMO_V4_NOT_OWNER_APPROVED|LIVE_SALEPRICE_WINDOW_DIFFERS_FROM_V4_PROPOSAL
135,VK-ASSB-3YFK,B0H85FY28F,BLOCKED,76.99,66.95,76.99,66.98,OFFER,76.99,,66.95,76.99,LIVE_LEGACY_SALEPRICE_V4_PROPOSED_NOT_APPROVED,SALEPRICE_13,66.98,2026-07-14T00:00:00Z,2026-08-13T23:59:59Z,66.98,LIVE_DEFAULT_MODEL_OVERWRITE_RISK,Default,66.98,64.38,78.18,,CHANNELMAX_DEFAULT_MODEL_OVERWRITE_RISK|PROMO_V4_NOT_OWNER_APPROVED|LIVE_SALEPRICE_WINDOW_DIFFERS_FROM_V4_PROPOSAL
136,VN-AS1A-D572,B0H82PKK18,BLOCKED,130.99,114.27,130.99,129.59,OFFER,129.59,,116.57,156,EXCLUDED_NO_PROMO_TARGET,,,,,,LIVE_MANUAL_MODEL_BOUNDS_MISMATCH,Manual min/max,129.59,120,162,,CATALOG_IDENTITY_CONFLICT_8541
137,VN-AS6Q-5AE9,B0H8538L32,BLOCKED,76.99,66.95,76.99,66.98,OFFER,76.99,,66.95,76.99,LIVE_LEGACY_SALEPRICE_V4_PROPOSED_NOT_APPROVED,SALEPRICE_13,66.98,2026-07-14T00:00:00Z,2026-08-13T23:59:59Z,66.98,LIVE_DEFAULT_MODEL_OVERWRITE_RISK,Default,66.98,65.13,79.09,,CHANNELMAX_DEFAULT_MODEL_OVERWRITE_RISK|PROMO_V4_NOT_OWNER_APPROVED|LIVE_SALEPRICE_WINDOW_DIFFERS_FROM_V4_PROPOSAL
138,VT-ASTH-B6LM,B0H85CL8JD,FAIL,76.99,66.95,76.99,66.98,OFFER,71.64,,66.95,76.99,LIVE_LEGACY_SALEPRICE_V4_PROPOSED_NOT_APPROVED,SALEPRICE_13,66.98,2026-07-14T00:00:00Z,2026-08-13T23:59:59Z,66.98,LIVE_DEFAULT_MODEL_OVERWRITE_RISK,Default,66.98,71.64,86.99,AMAZON_REGULAR_ATTRIBUTE_MISMATCH,CHANNELMAX_DEFAULT_MODEL_OVERWRITE_RISK|PROMO_V4_NOT_OWNER_APPROVED|LIVE_SALEPRICE_WINDOW_DIFFERS_FROM_V4_PROPOSAL
139,WC-ASH5-EFN6,B0H833W54L,FAIL,85.99,74.75,85.99,,NO_OFFER,93.13,,74.75,85.99,V4_PROPOSED_NOT_APPROVED_LIVE_COUPON_UNKNOWN,COUPON_13,,,,74.81,LIVE_DEFAULT_MODEL_OVERWRITE_RISK,Default,0,93.13,113.09,AMAZON_REGULAR_ATTRIBUTE_MISMATCH,AMAZON_CONSUMER_OFFER_UNAVAILABLE|CHANNELMAX_DEFAULT_MODEL_OVERWRITE_RISK|PROMO_V4_NOT_OWNER_APPROVED|LIVE_COUPON_APPLICATION_EVIDENCE_MISSING
140,WK-AS2R-FJUW,B0H82XBNVN,FAIL,252.99,219.57,252.99,220.1,OFFER,226.89,,219.57,252.99,LIVE_LEGACY_SALEPRICE_V4_PROPOSED_NOT_APPROVED,SALEPRICE_13,220.1,2026-07-14T00:00:00Z,2026-08-13T23:59:59Z,220.1,LIVE_DEFAULT_MODEL_OVERWRITE_RISK,Default,220.1,226.89,275.52,AMAZON_REGULAR_ATTRIBUTE_MISMATCH,CHANNELMAX_DEFAULT_MODEL_OVERWRITE_RISK|PROMO_V4_NOT_OWNER_APPROVED|LIVE_SALEPRICE_WINDOW_DIFFERS_FROM_V4_PROPOSAL
141,WK-AS7E-M3CE,B0H843R64X,FAIL,76.99,66.95,76.99,,NO_OFFER,76.99,,74.05,85.7,LIVE_LEGACY_SALEPRICE_V4_PROPOSED_NOT_APPROVED,SALEPRICE_13,66.98,2026-07-14T00:00:00Z,2026-08-13T23:59:59Z,66.98,LIVE_DEFAULT_MODEL_OVERWRITE_RISK,Default,0,77.64,94.27,AMAZON_MIN_GUARD_MISMATCH|AMAZON_MAX_GUARD_MISMATCH,AMAZON_CONSUMER_OFFER_UNAVAILABLE|CHANNELMAX_DEFAULT_MODEL_OVERWRITE_RISK|PROMO_V4_NOT_OWNER_APPROVED|LIVE_SALEPRICE_WINDOW_DIFFERS_FROM_V4_PROPOSAL
142,WK-ASPD-G9HL,B0H85CF81Y,BLOCKED,76.99,66.95,76.99,76.99,OFFER,76.99,,66.95,76.99,V4_PROPOSED_NOT_APPROVED_LIVE_COUPON_UNKNOWN,COUPON_13,,,,66.98,LIVE_DEFAULT_MODEL_OVERWRITE_RISK,Default,76.99,64.89,78.79,,CHANNELMAX_DEFAULT_MODEL_OVERWRITE_RISK|PROMO_V4_NOT_OWNER_APPROVED|LIVE_COUPON_APPLICATION_EVIDENCE_MISSING
143,WN-AS33-UFEA,B0H83RCTVV,BLOCKED,297.99,258.57,297.99,297.99,OFFER,297.99,,258.57,297.99,V4_PROPOSED_NOT_APPROVED_LIVE_COUPON_UNKNOWN,COUPON_13,,,,259.25,LIVE_DEFAULT_MODEL_OVERWRITE_RISK,Default,297.99,284.4,345.34,,CHANNELMAX_DEFAULT_MODEL_OVERWRITE_RISK|PROMO_V4_NOT_OWNER_APPROVED|LIVE_COUPON_APPLICATION_EVIDENCE_MISSING
144,WR-ASR5-AVWE,B0H859VYXH,FAIL,76.99,66.95,76.99,,NO_OFFER,86.38,,66.95,76.99,V4_PROPOSED_NOT_APPROVED_LIVE_COUPON_UNKNOWN,COUPON_13,,,,66.98,LIVE_DEFAULT_MODEL_OVERWRITE_RISK,Default,0,71.14,86.38,AMAZON_REGULAR_ATTRIBUTE_MISMATCH,AMAZON_CONSUMER_OFFER_UNAVAILABLE|CHANNELMAX_DEFAULT_MODEL_OVERWRITE_RISK|PROMO_V4_NOT_OWNER_APPROVED|LIVE_COUPON_APPLICATION_EVIDENCE_MISSING
145,WR-ASTH-TPXV,B0H85DRT93,FAIL,76.99,66.95,76.99,78.17,OFFER,78.17,,66.95,96.99,V4_PROPOSED_NOT_APPROVED_LIVE_COUPON_UNKNOWN,COUPON_13,,,,66.98,LIVE_DEFAULT_MODEL_OVERWRITE_RISK,Default,78.17,77.64,94.27,AMAZON_REGULAR_ATTRIBUTE_MISMATCH|AMAZON_MAX_GUARD_MISMATCH|AMAZON_EFFECTIVE_CONSUMER_MISMATCH_CURRENT_SEMANTICS,CHANNELMAX_DEFAULT_MODEL_OVERWRITE_RISK|PROMO_V4_NOT_OWNER_APPROVED|LIVE_COUPON_APPLICATION_EVIDENCE_MISSING
146,WZ-ASXK-ZFAS,B0H85DF1R7,BLOCKED,76.99,66.95,76.99,76.99,OFFER,76.99,,66.95,76.99,V4_PROPOSED_NOT_APPROVED_LIVE_COUPON_UNKNOWN,COUPON_13,,,,66.98,LIVE_DEFAULT_MODEL_OVERWRITE_RISK,Default,76.99,72.88,88.51,,CHANNELMAX_DEFAULT_MODEL_OVERWRITE_RISK|PROMO_V4_NOT_OWNER_APPROVED|LIVE_COUPON_APPLICATION_EVIDENCE_MISSING
147,XE-ASK1-BNRB,B0H81WMJBP,FAIL,130.99,114.27,130.99,114.27,OFFER,114.59,,114.27,130.99,LIVE_LEGACY_SALEPRICE_V4_PROPOSED_NOT_APPROVED,SALEPRICE_12,114.27,2026-07-14T00:00:00Z,2026-08-13T23:59:59Z,115.27,LIVE_DEFAULT_MODEL_OVERWRITE_RISK,Default,114.27,114.59,139.15,AMAZON_REGULAR_ATTRIBUTE_MISMATCH,CHANNELMAX_DEFAULT_MODEL_OVERWRITE_RISK|PROMO_V4_NOT_OWNER_APPROVED|LIVE_SALEPRICE_VALUE_DIFFERS_FROM_V4_PROPOSAL|LIVE_SALEPRICE_WINDOW_DIFFERS_FROM_V4_PROPOSAL
148,XJ-ASVD-CDMW,B0H82MSTD9,FAIL,130.99,114.27,130.99,,NO_OFFER,138.98,,114.27,130.99,LIVE_LEGACY_SALEPRICE_V4_PROPOSED_NOT_APPROVED,SALEPRICE_12,114.27,2026-07-14T00:00:00Z,2026-08-13T23:59:59Z,115.27,LIVE_DEFAULT_MODEL_OVERWRITE_RISK,Default,0,138.98,168.75,AMAZON_REGULAR_ATTRIBUTE_MISMATCH,AMAZON_CONSUMER_OFFER_UNAVAILABLE|CHANNELMAX_DEFAULT_MODEL_OVERWRITE_RISK|PROMO_V4_NOT_OWNER_APPROVED|LIVE_SALEPRICE_VALUE_DIFFERS_FROM_V4_PROPOSAL|LIVE_SALEPRICE_WINDOW_DIFFERS_FROM_V4_PROPOSAL
149,XV-ASEU-GDUX,B0H82YRTS3,FAIL,130.99,114.27,130.99,,NO_OFFER,138.98,,114.27,130.99,LIVE_LEGACY_SALEPRICE_V4_PROPOSED_NOT_APPROVED,SALEPRICE_12,114.27,2026-07-14T00:00:00Z,2026-08-13T23:59:59Z,115.27,LIVE_DEFAULT_MODEL_OVERWRITE_RISK,Default,0,138.98,168.75,AMAZON_REGULAR_ATTRIBUTE_MISMATCH,AMAZON_CONSUMER_OFFER_UNAVAILABLE|CHANNELMAX_DEFAULT_MODEL_OVERWRITE_RISK|PROMO_V4_NOT_OWNER_APPROVED|LIVE_SALEPRICE_VALUE_DIFFERS_FROM_V4_PROPOSAL|LIVE_SALEPRICE_WINDOW_DIFFERS_FROM_V4_PROPOSAL
150,XW-ASSI-SZZT,B0H858GF4N,BLOCKED,76.99,66.95,76.99,66.98,OFFER,76.99,,66.95,76.99,LIVE_LEGACY_SALEPRICE_V4_PROPOSED_NOT_APPROVED,SALEPRICE_13,66.98,2026-07-14T00:00:00Z,2026-08-13T23:59:59Z,66.98,LIVE_DEFAULT_MODEL_OVERWRITE_RISK,Default,66.98,65.13,79.09,,CHANNELMAX_DEFAULT_MODEL_OVERWRITE_RISK|PROMO_V4_NOT_OWNER_APPROVED|LIVE_SALEPRICE_WINDOW_DIFFERS_FROM_V4_PROPOSAL
151,YA-ASX6-PZE7,B0H82YB4PD,BLOCKED,85.99,74.75,85.99,85.99,OFFER,85.99,,74.75,85.99,V4_PROPOSED_NOT_APPROVED_LIVE_COUPON_UNKNOWN,COUPON_13,,,,74.81,LIVE_DEFAULT_MODEL_OVERWRITE_RISK,Default,85.99,76.26,92.6,,CHANNELMAX_DEFAULT_MODEL_OVERWRITE_RISK|PROMO_V4_NOT_OWNER_APPROVED|LIVE_COUPON_APPLICATION_EVIDENCE_MISSING
152,YF-ASZJ-8BBH,B0H822MPKC,BLOCKED,85.99,74.75,85.99,85.99,OFFER,85.99,,74.75,85.99,V4_PROPOSED_NOT_APPROVED_LIVE_COUPON_UNKNOWN,COUPON_13,,,,74.81,LIVE_DEFAULT_MODEL_OVERWRITE_RISK,Default,85.99,76.88,93.36,,CHANNELMAX_DEFAULT_MODEL_OVERWRITE_RISK|PROMO_V4_NOT_OWNER_APPROVED|LIVE_COUPON_APPLICATION_EVIDENCE_MISSING
153,YG-ASH6-BCXX,B0H8511Y5G,BLOCKED,76.99,66.95,76.99,66.98,OFFER,76.99,,66.95,76.99,LIVE_LEGACY_SALEPRICE_V4_PROPOSED_NOT_APPROVED,SALEPRICE_13,66.98,2026-07-14T00:00:00Z,2026-08-13T23:59:59Z,66.98,LIVE_DEFAULT_MODEL_OVERWRITE_RISK,Default,66.98,64.89,78.79,,CHANNELMAX_DEFAULT_MODEL_OVERWRITE_RISK|PROMO_V4_NOT_OWNER_APPROVED|LIVE_SALEPRICE_WINDOW_DIFFERS_FROM_V4_PROPOSAL
154,YH-ASQ8-45ED,B0H82QPCJL,BLOCKED,130.99,114.27,130.99,130.99,OFFER,130.99,,114.27,130.99,V4_PROPOSED_NOT_APPROVED_LIVE_COUPON_UNKNOWN,COUPON_12,,,,115.27,LIVE_DEFAULT_MODEL_OVERWRITE_RISK,Default,130.99,116.47,141.43,,CHANNELMAX_DEFAULT_MODEL_OVERWRITE_RISK|PROMO_V4_NOT_OWNER_APPROVED|LIVE_COUPON_APPLICATION_EVIDENCE_MISSING
155,YM-AS7P-ZX44,B0H83S1LDG,FAIL,297.99,258.57,297.99,259.25,OFFER,281.91,,258.57,297.99,LIVE_LEGACY_SALEPRICE_V4_PROPOSED_NOT_APPROVED,SALEPRICE_13,259.25,2026-07-14T00:00:00Z,2026-08-13T23:59:59Z,259.25,LIVE_DEFAULT_MODEL_OVERWRITE_RISK,Default,259.25,281.91,342.31,AMAZON_REGULAR_ATTRIBUTE_MISMATCH,CHANNELMAX_DEFAULT_MODEL_OVERWRITE_RISK|PROMO_V4_NOT_OWNER_APPROVED|LIVE_SALEPRICE_WINDOW_DIFFERS_FROM_V4_PROPOSAL
156,YV-AST8-LMKN,B0H859JMGJ,BLOCKED,76.99,66.95,76.99,76.99,OFFER,76.99,,66.95,76.99,V4_PROPOSED_NOT_APPROVED_LIVE_COUPON_UNKNOWN,COUPON_13,,,,66.98,LIVE_DEFAULT_MODEL_OVERWRITE_RISK,Default,76.99,64.64,78.48,,CHANNELMAX_DEFAULT_MODEL_OVERWRITE_RISK|PROMO_V4_NOT_OWNER_APPROVED|LIVE_COUPON_APPLICATION_EVIDENCE_MISSING
157,ZB-ASKL-9W8G,B0H82LKBYH,BLOCKED,130.99,114.27,130.99,114.27,OFFER,130.99,,114.27,130.99,LIVE_LEGACY_SALEPRICE_V4_PROPOSED_NOT_APPROVED,SALEPRICE_12,114.27,2026-07-14T00:00:00Z,2026-08-13T23:59:59Z,115.27,LIVE_DEFAULT_MODEL_OVERWRITE_RISK,Default,114.27,113.66,138.02,,CHANNELMAX_DEFAULT_MODEL_OVERWRITE_RISK|PROMO_V4_NOT_OWNER_APPROVED|LIVE_SALEPRICE_VALUE_DIFFERS_FROM_V4_PROPOSAL|LIVE_SALEPRICE_WINDOW_DIFFERS_FROM_V4_PROPOSAL
158,ZC-ASDC-3QMV,B0H83TSB5J,FAIL,297.99,258.57,297.99,259.25,OFFER,281.91,,258.57,297.99,LIVE_LEGACY_SALEPRICE_V4_PROPOSED_NOT_APPROVED,SALEPRICE_13,259.25,2026-07-14T00:00:00Z,2026-08-13T23:59:59Z,259.25,LIVE_DEFAULT_MODEL_OVERWRITE_RISK,Default,259.25,281.91,342.31,AMAZON_REGULAR_ATTRIBUTE_MISMATCH,CHANNELMAX_DEFAULT_MODEL_OVERWRITE_RISK|PROMO_V4_NOT_OWNER_APPROVED|LIVE_SALEPRICE_WINDOW_DIFFERS_FROM_V4_PROPOSAL
159,ZE-AS5W-FKH3,B0H8531B8B,FAIL,76.99,66.95,76.99,,NO_OFFER,49.34,,56.95,76.99,V4_PROPOSED_NOT_APPROVED_LIVE_COUPON_UNKNOWN,COUPON_13,,,,66.98,LIVE_DEFAULT_MODEL_OVERWRITE_RISK,Default,0,40.62,49.34,AMAZON_REGULAR_ATTRIBUTE_MISMATCH|AMAZON_MIN_GUARD_MISMATCH,AMAZON_CONSUMER_OFFER_UNAVAILABLE|CHANNELMAX_DEFAULT_MODEL_OVERWRITE_RISK|PROMO_V4_NOT_OWNER_APPROVED|LIVE_COUPON_APPLICATION_EVIDENCE_MISSING
160,ZH-AS8W-G5MN,B0H82LMD9Z,FAIL,85.99,74.75,85.99,74.81,OFFER,76.26,,74.75,85.99,LIVE_LEGACY_SALEPRICE_V4_PROPOSED_NOT_APPROVED,SALEPRICE_13,74.81,2026-07-14T00:00:00Z,2026-08-13T23:59:59Z,74.81,LIVE_DEFAULT_MODEL_OVERWRITE_RISK,Default,74.81,76.26,92.6,AMAZON_REGULAR_ATTRIBUTE_MISMATCH,CHANNELMAX_DEFAULT_MODEL_OVERWRITE_RISK|PROMO_V4_NOT_OWNER_APPROVED|LIVE_SALEPRICE_WINDOW_DIFFERS_FROM_V4_PROPOSAL
161,ZP-ASJD-X7ZD,B0H85N7X8W,FAIL,76.99,66.95,76.99,72.14,OFFER,72.14,,66.95,76.99,V4_PROPOSED_NOT_APPROVED_LIVE_COUPON_UNKNOWN,COUPON_13,,,,66.98,LIVE_DEFAULT_MODEL_OVERWRITE_RISK,Default,72.14,70.88,86.08,AMAZON_REGULAR_ATTRIBUTE_MISMATCH|AMAZON_EFFECTIVE_CONSUMER_MISMATCH_CURRENT_SEMANTICS,CHANNELMAX_DEFAULT_MODEL_OVERWRITE_RISK|PROMO_V4_NOT_OWNER_APPROVED|LIVE_COUPON_APPLICATION_EVIDENCE_MISSING
162,ZX-AS2C-GT8Q,B0H82L3LRT,FAIL,85.99,74.75,85.99,74.81,OFFER,76.26,,74.75,85.99,LIVE_LEGACY_SALEPRICE_V4_PROPOSED_NOT_APPROVED,SALEPRICE_13,74.81,2026-07-14T00:00:00Z,2026-08-13T23:59:59Z,74.81,LIVE_DEFAULT_MODEL_OVERWRITE_RISK,Default,74.81,76.26,92.6,AMAZON_REGULAR_ATTRIBUTE_MISMATCH,CHANNELMAX_DEFAULT_MODEL_OVERWRITE_RISK|PROMO_V4_NOT_OWNER_APPROVED|LIVE_SALEPRICE_WINDOW_DIFFERS_FROM_V4_PROPOSAL
163,ZX-ASQU-TKU9,B0H84PVG1G,BLOCKED,76.99,66.95,76.99,76.99,OFFER,76.99,,66.95,76.99,V4_PROPOSED_NOT_APPROVED_LIVE_COUPON_UNKNOWN,COUPON_13,,,,66.98,LIVE_DEFAULT_MODEL_OVERWRITE_RISK,Default,76.99,64.14,77.88,,CHANNELMAX_DEFAULT_MODEL_OVERWRITE_RISK|PROMO_V4_NOT_OWNER_APPROVED|LIVE_COUPON_APPLICATION_EVIDENCE_MISSING
164,ZY-ASZ4-QM5U,B0H83T9QZV,FAIL,297.99,258.57,297.99,,NO_OFFER,349.41,,258.57,297.99,LIVE_LEGACY_SALEPRICE_V4_PROPOSED_NOT_APPROVED,SALEPRICE_13,259.25,2026-07-14T00:00:00Z,2026-08-13T23:59:59Z,259.25,LIVE_DEFAULT_MODEL_OVERWRITE_RISK,Default,0,349.41,424.28,AMAZON_REGULAR_ATTRIBUTE_MISMATCH,AMAZON_CONSUMER_OFFER_UNAVAILABLE|CHANNELMAX_DEFAULT_MODEL_OVERWRITE_RISK|PROMO_V4_NOT_OWNER_APPROVED|LIVE_SALEPRICE_WINDOW_DIFFERS_FROM_V4_PROPOSAL
