ordinal,sku,asin,title,owner_change_reason_code,effective_total_units,presentation_class,normalized_exact_variant_recipe_signature,source_product_recipe_signature,required_real_product_components,repair_action,preserve_current_composition,gpt_image_2_required,generation_group,direct_reuse_source_sku,direct_reuse_source_asin,direct_reuse_asset_relative_path,direct_reuse_asset_absolute_path,direct_reuse_asset_sha256,current_main_relative_path,current_main_absolute_path,current_main_sha256,local_reference_assets,reference_gap
4,AJ-ASRB-HKC3,B0H84G7DHC,"Uncrustables Peanut Butter Sandwiches Variety Pack, Raspberry Spread and Morning Protein Mixed Berry Spread, 2 oz Each, 24 Count, Frozen",MISSING_REQUIRED_PRODUCT,24,individual_wraps,morning-protein-mixed-berry::12||peanut-butter-raspberry::12,"Smucker's Uncrustables Morning Protein Peanut Butter & Mixed Berry Spread Sandwich - 22.4oz/8ct::12||Smuckers Uncrustables Peanut Butter & Raspberry Spread Sandwiches, 10 Count, 2 oz Each, Frozen::12",Peanut Butter & Raspberry Spread | 10ct source pack | 12 listing units || Beamin' Berry Blend / Morning Protein Peanut Butter & Mixed Berry | 8ct source pack | 12 listing units,GPT_IMAGE_2_EDIT_TARGETED_PRODUCT_COMPONENTS,true,true,shared-raspberry-morning-mixed-berry-24,,,,,,data/audits/uncrustables-live-main-fetch-20260718-v1/assets/004-AJ-ASRB-HKC3-B0H84G7DHC-97369434e192.jpg,/Users/vladimirkuznetsov/SS Command Center/ss-control-center/data/audits/uncrustables-live-main-fetch-20260718-v1/assets/004-AJ-ASRB-HKC3-B0H84G7DHC-97369434e192.jpg,97369434e19236edbe55e1b5c987c48b0771f5aac07b2bdb85efdcac94dd17d9,CURRENT_MAIN_COMPOSITION_REFERENCE:data/audits/uncrustables-live-main-fetch-20260718-v1/assets/004-AJ-ASRB-HKC3-B0H84G7DHC-97369434e192.jpg#sha256=97369434e19236edbe55e1b5c987c48b0771f5aac07b2bdb85efdcac94dd17d9 || OWNER_APPROVED_KIT_ANCHOR:public/bundle-factory/frozen-refs/ref-uncrustables.png#sha256=9c45164a56e3cda1e9e0c2590e7d75d94e6320af012b841bc9e5b73594a1fd33 || OWNER_APPROVED_STYLE_CLASS_FIXTURE:data/audits/uncrustables-gpt-image-2-previews-20260718/03-individual-wraps-mix-hazelnut-berry-24.png#sha256=d2f7ffdd0a3e411725a3dc1dac013f9f5f50c1e6dd9d34164c12cbe5cacc722f || OFFICIAL_MANUFACTURER_EXACT_VARIANT_ART:data/audits/uncrustables-official-package-art-20260718/peanut-butter-raspberry-front-center.jpg#sha256=2aa7ad12bc0f519d72d4c7421ad59386394d8b002c2e7fa5c75149faf5bc38ee || OWNER_KEEP_LIVE_MAIN_PRODUCT_EXEMPLAR:data/audits/uncrustables-live-main-fetch-20260718-v1/assets/147-XE-ASK1-BNRB-B0H81WMJBP-a2adbeecbaf7.jpg#sha256=a2adbeecbaf75f1bd4279ea1f6dce35c78ec3d3cb5f79591496b16520fb67c29 || OFFICIAL_MANUFACTURER_EXACT_VARIANT_ART:data/audits/uncrustables-official-package-art-20260718/beamin-berry-blend-protein-front-center.jpg#sha256=9d36138ccb6069872bea6d9605aba73a7054f72b3ce268354bace975c3e51ae2 || OWNER_KEEP_LIVE_MAIN_PRODUCT_EXEMPLAR:data/audits/uncrustables-live-main-fetch-20260718-v1/assets/129-UJ-ASQ1-9FNR-B0H82P651P-8d6ab260fb5e.jpg#sha256=8d6ab260fb5e72107ea1648c8364b3fdb17fe1ecb5995b11a859c6170bd0b14d || OWNER_KEEP_LIVE_MAIN_WRAPPER_EXEMPLAR:data/audits/uncrustables-live-main-fetch-20260718-v1/assets/071-MP-ASZ9-TKE7-B0H837HLKC-3398bb472d68.jpg#sha256=3398bb472d684a29a8a7f98f976497a32be31eac8dcb908712eceba1ec69f93b,false
15,BK-AS5Z-8UY5,B0H85JF1V1,"Uncrustables Frozen Sandwich Variety Pack, Whole Wheat Peanut Butter & Strawberry Jam and Peanut Butter & Blackberry Spread, 24 Count",WRONG_PRODUCT_VARIANT,24,retail_boxes_mix,peanut-butter-blackberry::12||reduced-sugar-strawberry-on-wheat::12,Smucker's Uncrustables Frozen Peanut Butter & Blackberry Spread Sandwich - 8oz/4ct::12||Smucker's Uncrustables Frozen Whole Wheat Peanut Butter & Strawberry Jam Sandwich - 8oz/4ct::12,Reduced Sugar / Whole Wheat Peanut Butter & Strawberry | 4ct source pack | 12 listing units || Peanut Butter & Blackberry Spread | 4ct source pack | 12 listing units,GPT_IMAGE_2_EDIT_TARGETED_PRODUCT_COMPONENTS,true,true,ordinal-015-BK-AS5Z-8UY5,,,,,,data/audits/uncrustables-live-main-fetch-20260718-v1/assets/015-BK-AS5Z-8UY5-B0H85JF1V1-d61f1d41c5d5.jpg,/Users/vladimirkuznetsov/SS Command Center/ss-control-center/data/audits/uncrustables-live-main-fetch-20260718-v1/assets/015-BK-AS5Z-8UY5-B0H85JF1V1-d61f1d41c5d5.jpg,d61f1d41c5d5f719df8a4e82f44d5dababd670b27e484ca05c306dcbfb4deed1,CURRENT_MAIN_COMPOSITION_REFERENCE:data/audits/uncrustables-live-main-fetch-20260718-v1/assets/015-BK-AS5Z-8UY5-B0H85JF1V1-d61f1d41c5d5.jpg#sha256=d61f1d41c5d5f719df8a4e82f44d5dababd670b27e484ca05c306dcbfb4deed1 || OWNER_APPROVED_KIT_ANCHOR:public/bundle-factory/frozen-refs/ref-uncrustables.png#sha256=9c45164a56e3cda1e9e0c2590e7d75d94e6320af012b841bc9e5b73594a1fd33 || OWNER_APPROVED_STYLE_CLASS_FIXTURE:data/audits/uncrustables-gpt-image-2-previews-20260718/02b-retail-boxes-mix-pb-blackberry-24-four-gel-packs.png#sha256=9d0294242508529022a0e2b1cdd2df0adce469ef9dbb8bd2dd7d448031ea839d || OFFICIAL_MANUFACTURER_EXACT_VARIANT_ART:data/audits/uncrustables-official-package-art-20260718/reduced-sugar-strawberry-on-wheat-front-center.jpg#sha256=9beb7a19b7eae773edb3be3da25b0cd09a8b65c857d101b18970aa180a8778ac || OWNER_KEEP_LIVE_MAIN_PRODUCT_EXEMPLAR:data/audits/uncrustables-live-main-fetch-20260718-v1/assets/069-MF-AS0J-YRT4-B0H82NHQCL-fb8d8cc04357.jpg#sha256=fb8d8cc043578e711423f07094ee99576ef2ae6404e65138d21eab1aa58d6c66 || OFFICIAL_MANUFACTURER_EXACT_VARIANT_ART:data/audits/uncrustables-official-package-art-20260718/peanut-butter-blackberry-front-center.jpg#sha256=75c604880db167e271c62985c325dc2cb889f930afc7544d3ddd15a3d1747e8f || APPROVED_REFERENCE_QA_PRODUCT_PHOTO:data/audits/uncrustables-approved-reference-qa-20260718/product-blackberry-target.jpg#sha256=305a6ffab3b3a330f6cfdd9f82c7a457bf35abc4f6da3cb1fa996bfd8465cfe5 || OWNER_KEEP_LIVE_MAIN_PRODUCT_EXEMPLAR:data/audits/uncrustables-live-main-fetch-20260718-v1/assets/035-FK-AS6B-6G25-B0H8259J9G-a15332be530c.jpg#sha256=a15332be530c8a05bf32c94ea0a507c071de904664aeac005e677c83dd820366,false
21,CK-ASUM-WT9W,B0H86PRTWS,"Uncrustables Frozen Sandwiches, Chocolate Flavored Hazelnut Spread & Peanut Butter Blueberry Variety Pack, 24 Count",FICTIONAL_OR_NONCURRENT_PRODUCT,24,individual_wraps,burstin-blueberry-protein::12||chocolate-hazelnut::12,Smucker's Uncrustables Chocolate Flavored Hazelnut Spread Frozen Sandwich - 18oz/10ct::12||Smucker's Uncrustables Frozen Peanut Butter & Blueberry Sandwich - 22.4oz/8ct::12,"Chocolate Flavored Hazelnut Spread | 10ct source pack | 12 listing units || Burstin' Blueberry, 12g Protein | 8ct source pack | 12 listing units",GPT_IMAGE_2_EDIT_TARGETED_PRODUCT_COMPONENTS,true,true,ordinal-021-CK-ASUM-WT9W,,,,,,data/audits/uncrustables-live-main-fetch-20260718-v1/assets/021-CK-ASUM-WT9W-B0H86PRTWS-24b03ca34785.jpg,/Users/vladimirkuznetsov/SS Command Center/ss-control-center/data/audits/uncrustables-live-main-fetch-20260718-v1/assets/021-CK-ASUM-WT9W-B0H86PRTWS-24b03ca34785.jpg,24b03ca34785d46db380b5f8d289751eb84b86791e065f8a5de160c99aa9f1d8,CURRENT_MAIN_COMPOSITION_REFERENCE:data/audits/uncrustables-live-main-fetch-20260718-v1/assets/021-CK-ASUM-WT9W-B0H86PRTWS-24b03ca34785.jpg#sha256=24b03ca34785d46db380b5f8d289751eb84b86791e065f8a5de160c99aa9f1d8 || OWNER_APPROVED_KIT_ANCHOR:public/bundle-factory/frozen-refs/ref-uncrustables.png#sha256=9c45164a56e3cda1e9e0c2590e7d75d94e6320af012b841bc9e5b73594a1fd33 || OWNER_APPROVED_STYLE_CLASS_FIXTURE:data/audits/uncrustables-gpt-image-2-previews-20260718/03-individual-wraps-mix-hazelnut-berry-24.png#sha256=d2f7ffdd0a3e411725a3dc1dac013f9f5f50c1e6dd9d34164c12cbe5cacc722f || OFFICIAL_MANUFACTURER_EXACT_VARIANT_ART:data/audits/uncrustables-official-package-art-20260718/chocolate-hazelnut-front-center.jpg#sha256=a74f8fcadf1d6a7b8491abe41cbbc164450dc4c791eb096dfec64e46cfa0d005 || APPROVED_REFERENCE_QA_PRODUCT_PHOTO:data/audits/uncrustables-approved-reference-qa-20260718/product-hazelnut-target.jpg#sha256=4d42bd45bb25aa1b3dfb7937590de1db68fcd8aca50502636d05b4c5efe54e27 || APPROVED_REFERENCE_QA_WRAPPER_EXEMPLAR:data/audits/uncrustables-approved-reference-qa-20260718/B0H85P9F3R-live.jpg#sha256=846005feea2a43108672aa5d4c65f272511d4332c5f7d449ba2ee437633c4e2b || OFFICIAL_MANUFACTURER_EXACT_VARIANT_ART:data/audits/uncrustables-official-package-art-20260718/burstin-blueberry-protein-front-center.jpg#sha256=384bcaf2946a24d8af384081fa09dbe24e8588f4d6f053f480aafe530d510e7f || OWNER_KEEP_LIVE_MAIN_PRODUCT_EXEMPLAR:data/audits/uncrustables-live-main-fetch-20260718-v1/assets/121-TQ-ASBR-96TC-B0H82BCZ44-8810e48b121e.jpg#sha256=8810e48b121e29ea5aaaf342203da4acab9f1e0a523fe24efec9a3b08c48b8b1,false
29,ER-ASRK-TPYQ,B0H84JH1WN,"Uncrustables Peanut Butter & Raspberry Spread and Peanut Butter & Blueberry Sandwiches, 2 oz Each, Variety Pack, 24 Count, Frozen",MISSING_REQUIRED_PRODUCT,24,individual_wraps,burstin-blueberry-protein::12||peanut-butter-raspberry::12,"Smucker's Uncrustables Frozen Peanut Butter & Blueberry Sandwich - 22.4oz/8ct::12||Smuckers Uncrustables Peanut Butter & Raspberry Spread Sandwiches, 10 Count, 2 oz Each, Frozen::12","Peanut Butter & Raspberry Spread | 10ct source pack | 12 listing units || Burstin' Blueberry, 12g Protein | 8ct source pack | 12 listing units",GPT_IMAGE_2_EDIT_TARGETED_PRODUCT_COMPONENTS,true,true,ordinal-029-ER-ASRK-TPYQ,,,,,,data/audits/uncrustables-live-main-fetch-20260718-v1/assets/029-ER-ASRK-TPYQ-B0H84JH1WN-2f56be3d1c10.jpg,/Users/vladimirkuznetsov/SS Command Center/ss-control-center/data/audits/uncrustables-live-main-fetch-20260718-v1/assets/029-ER-ASRK-TPYQ-B0H84JH1WN-2f56be3d1c10.jpg,2f56be3d1c10f53cc42daff033122f78bb94a762a93b69e6a7702c788917e749,CURRENT_MAIN_COMPOSITION_REFERENCE:data/audits/uncrustables-live-main-fetch-20260718-v1/assets/029-ER-ASRK-TPYQ-B0H84JH1WN-2f56be3d1c10.jpg#sha256=2f56be3d1c10f53cc42daff033122f78bb94a762a93b69e6a7702c788917e749 || OWNER_APPROVED_KIT_ANCHOR:public/bundle-factory/frozen-refs/ref-uncrustables.png#sha256=9c45164a56e3cda1e9e0c2590e7d75d94e6320af012b841bc9e5b73594a1fd33 || OWNER_APPROVED_STYLE_CLASS_FIXTURE:data/audits/uncrustables-gpt-image-2-previews-20260718/03-individual-wraps-mix-hazelnut-berry-24.png#sha256=d2f7ffdd0a3e411725a3dc1dac013f9f5f50c1e6dd9d34164c12cbe5cacc722f || OFFICIAL_MANUFACTURER_EXACT_VARIANT_ART:data/audits/uncrustables-official-package-art-20260718/peanut-butter-raspberry-front-center.jpg#sha256=2aa7ad12bc0f519d72d4c7421ad59386394d8b002c2e7fa5c75149faf5bc38ee || OWNER_KEEP_LIVE_MAIN_PRODUCT_EXEMPLAR:data/audits/uncrustables-live-main-fetch-20260718-v1/assets/147-XE-ASK1-BNRB-B0H81WMJBP-a2adbeecbaf7.jpg#sha256=a2adbeecbaf75f1bd4279ea1f6dce35c78ec3d3cb5f79591496b16520fb67c29 || OFFICIAL_MANUFACTURER_EXACT_VARIANT_ART:data/audits/uncrustables-official-package-art-20260718/burstin-blueberry-protein-front-center.jpg#sha256=384bcaf2946a24d8af384081fa09dbe24e8588f4d6f053f480aafe530d510e7f || OWNER_KEEP_LIVE_MAIN_PRODUCT_EXEMPLAR:data/audits/uncrustables-live-main-fetch-20260718-v1/assets/121-TQ-ASBR-96TC-B0H82BCZ44-8810e48b121e.jpg#sha256=8810e48b121e29ea5aaaf342203da4acab9f1e0a523fe24efec9a3b08c48b8b1,false
40,FX-AS2W-KHZT,B0H827J2XZ,"Uncrustables Peanut Butter & Strawberry Jam Frozen Sandwiches, 12g Protein, 2.8 oz Each, 24 Count",FICTIONAL_PACKAGING,24,retail_boxes_single,bright-eyed-berry-protein::24,Smucker's Uncrustables Frozen Peanut Butter & Strawberry Jam Sandwich – 12g Protein 22.4oz/8ct::24,"Bright-Eyed Berry / Strawberry, 12g Protein | 8ct source pack | 24 listing units",GPT_IMAGE_2_EDIT_REPLACE_ALL_PRODUCT_PACKAGING,true,true,ordinal-040-FX-AS2W-KHZT,,,,,,data/audits/uncrustables-live-main-fetch-20260718-v1/assets/040-FX-AS2W-KHZT-B0H827J2XZ-9783df8a5ce0.jpg,/Users/vladimirkuznetsov/SS Command Center/ss-control-center/data/audits/uncrustables-live-main-fetch-20260718-v1/assets/040-FX-AS2W-KHZT-B0H827J2XZ-9783df8a5ce0.jpg,9783df8a5ce066aeb4e163c1cce37bf59eb4f397c1eda664acf69d5e26ba5297,CURRENT_MAIN_COMPOSITION_REFERENCE:data/audits/uncrustables-live-main-fetch-20260718-v1/assets/040-FX-AS2W-KHZT-B0H827J2XZ-9783df8a5ce0.jpg#sha256=9783df8a5ce066aeb4e163c1cce37bf59eb4f397c1eda664acf69d5e26ba5297 || OWNER_APPROVED_KIT_ANCHOR:public/bundle-factory/frozen-refs/ref-uncrustables.png#sha256=9c45164a56e3cda1e9e0c2590e7d75d94e6320af012b841bc9e5b73594a1fd33 || OWNER_APPROVED_STYLE_CLASS_FIXTURE:data/audits/uncrustables-gpt-image-2-previews-20260718/01c-retail-boxes-single-pb-24-four-gel-packs.png#sha256=4cdd7bec9ab5c1d5f97b5746d7569a4ffc891a36b8d1fb159168176f06e19076 || OFFICIAL_MANUFACTURER_EXACT_VARIANT_ART:data/audits/uncrustables-official-package-art-20260718/bright-eyed-berry-protein-front-center.jpg#sha256=d17073ce10402c872e5d9cbccbf0fa2ee66137823c176e4e848a52e670c58eee || APPROVED_REFERENCE_QA_PRODUCT_PHOTO:data/audits/uncrustables-approved-reference-qa-20260718/product-strawberry-protein-target.jpg#sha256=bbff8ded0629f504061bf13e68f5f272e17fa9707b81ef0a0885080f6455b5b9 || OWNER_KEEP_LIVE_MAIN_PRODUCT_EXEMPLAR:data/audits/uncrustables-live-main-fetch-20260718-v1/assets/130-UY-AS5N-A2E4-B0H83R4M3R-3f161b7094f4.jpg#sha256=3f161b7094f4ae9d94cf90223e358d4dc07d0a5b0083ed648649b379008ff0a7,false
59,JY-ASPW-LB4K,B0H84621N6,"Uncrustables Frozen Peanut Butter Sandwiches Variety Pack – Raspberry Spread and Apple Cinnamon Jelly Protein, 24 Count",MISSING_REQUIRED_PRODUCT,24,individual_wraps,peanut-butter-raspberry::12||up-and-apple-protein::12,"Smucker's Uncrustables Frozen Peanut Butter & Apple Cinnamon Jelly Sandwich – 12g Protein 22.4oz/8ct::12||Smuckers Uncrustables Peanut Butter & Raspberry Spread Sandwiches, 10 Count, 2 oz Each, Frozen::12","Peanut Butter & Raspberry Spread | 10ct source pack | 12 listing units || Up & Apple / Apple Cinnamon, 12g Protein | 8ct source pack | 12 listing units",GPT_IMAGE_2_EDIT_TARGETED_PRODUCT_COMPONENTS,true,true,ordinal-059-JY-ASPW-LB4K,,,,,,data/audits/uncrustables-live-main-fetch-20260718-v1/assets/059-JY-ASPW-LB4K-B0H84621N6-9d3f5b276777.jpg,/Users/vladimirkuznetsov/SS Command Center/ss-control-center/data/audits/uncrustables-live-main-fetch-20260718-v1/assets/059-JY-ASPW-LB4K-B0H84621N6-9d3f5b276777.jpg,9d3f5b2767778d4f2e5382aaf410509f8d62fc3c6039450c957322cf4f7fc4ed,CURRENT_MAIN_COMPOSITION_REFERENCE:data/audits/uncrustables-live-main-fetch-20260718-v1/assets/059-JY-ASPW-LB4K-B0H84621N6-9d3f5b276777.jpg#sha256=9d3f5b2767778d4f2e5382aaf410509f8d62fc3c6039450c957322cf4f7fc4ed || OWNER_APPROVED_KIT_ANCHOR:public/bundle-factory/frozen-refs/ref-uncrustables.png#sha256=9c45164a56e3cda1e9e0c2590e7d75d94e6320af012b841bc9e5b73594a1fd33 || OWNER_APPROVED_STYLE_CLASS_FIXTURE:data/audits/uncrustables-gpt-image-2-previews-20260718/03-individual-wraps-mix-hazelnut-berry-24.png#sha256=d2f7ffdd0a3e411725a3dc1dac013f9f5f50c1e6dd9d34164c12cbe5cacc722f || OFFICIAL_MANUFACTURER_EXACT_VARIANT_ART:data/audits/uncrustables-official-package-art-20260718/peanut-butter-raspberry-front-center.jpg#sha256=2aa7ad12bc0f519d72d4c7421ad59386394d8b002c2e7fa5c75149faf5bc38ee || OWNER_KEEP_LIVE_MAIN_PRODUCT_EXEMPLAR:data/audits/uncrustables-live-main-fetch-20260718-v1/assets/147-XE-ASK1-BNRB-B0H81WMJBP-a2adbeecbaf7.jpg#sha256=a2adbeecbaf75f1bd4279ea1f6dce35c78ec3d3cb5f79591496b16520fb67c29 || OFFICIAL_MANUFACTURER_EXACT_VARIANT_ART:data/audits/uncrustables-official-package-art-20260718/up-and-apple-protein-front-center.jpg#sha256=2f7fb45f7f82c94519c36ad72462e5af623b4c6ae57c948e705a889f3df78900 || LOCAL_DONOR_PRODUCT_REFERENCE:data/audits/uncrustables-gpt-image-2-previews-20260718/donor-up-and-apple.jpg#sha256=55dff9f953f2c6b449315e70fa282c61a1ed46459bdf0868c7b1d23e23ae2957 || OWNER_KEEP_LIVE_MAIN_PRODUCT_EXEMPLAR:data/audits/uncrustables-live-main-fetch-20260718-v1/assets/092-QX-AS89-H8YC-B0H82RQ226-efe39efc6ba5.jpg#sha256=efe39efc6ba505b24bfc2a142a59ada3be5cb54ee8caae5611cf4f607dab2425,false
65,LK-AS7X-K43B,B0H84CGGXL,"Uncrustables Peanut Butter Sandwich Variety Pack, 24 Count – 12 Raspberry Spread & 12 Strawberry Jam, 2 oz Each, Frozen",FICTIONAL_PACKAGING,24,retail_boxes_mix,peanut-butter-raspberry::12||peanut-butter-strawberry::12,"Smucker's Uncrustables Frozen Peanut Butter & Strawberry Jam Sandwich - 8oz/4ct::12||Smuckers Uncrustables Peanut Butter & Raspberry Spread Sandwiches, 10 Count, 2 oz Each, Frozen::12",Peanut Butter & Raspberry Spread | 10ct source pack | 12 listing units || Peanut Butter & Strawberry Jam | 4ct source pack | 12 listing units,GPT_IMAGE_2_EDIT_REPLACE_ALL_PRODUCT_PACKAGING,true,true,ordinal-065-LK-AS7X-K43B,,,,,,data/audits/uncrustables-live-main-fetch-20260718-v1/assets/065-LK-AS7X-K43B-B0H84CGGXL-7561ca68cb62.jpg,/Users/vladimirkuznetsov/SS Command Center/ss-control-center/data/audits/uncrustables-live-main-fetch-20260718-v1/assets/065-LK-AS7X-K43B-B0H84CGGXL-7561ca68cb62.jpg,7561ca68cb626ac5d464b3fd13f5c20faa74191192111cc588ad9b26bd03a536,CURRENT_MAIN_COMPOSITION_REFERENCE:data/audits/uncrustables-live-main-fetch-20260718-v1/assets/065-LK-AS7X-K43B-B0H84CGGXL-7561ca68cb62.jpg#sha256=7561ca68cb626ac5d464b3fd13f5c20faa74191192111cc588ad9b26bd03a536 || OWNER_APPROVED_KIT_ANCHOR:public/bundle-factory/frozen-refs/ref-uncrustables.png#sha256=9c45164a56e3cda1e9e0c2590e7d75d94e6320af012b841bc9e5b73594a1fd33 || OWNER_APPROVED_STYLE_CLASS_FIXTURE:data/audits/uncrustables-gpt-image-2-previews-20260718/02b-retail-boxes-mix-pb-blackberry-24-four-gel-packs.png#sha256=9d0294242508529022a0e2b1cdd2df0adce469ef9dbb8bd2dd7d448031ea839d || OFFICIAL_MANUFACTURER_EXACT_VARIANT_ART:data/audits/uncrustables-official-package-art-20260718/peanut-butter-raspberry-front-center.jpg#sha256=2aa7ad12bc0f519d72d4c7421ad59386394d8b002c2e7fa5c75149faf5bc38ee || OWNER_KEEP_LIVE_MAIN_PRODUCT_EXEMPLAR:data/audits/uncrustables-live-main-fetch-20260718-v1/assets/147-XE-ASK1-BNRB-B0H81WMJBP-a2adbeecbaf7.jpg#sha256=a2adbeecbaf75f1bd4279ea1f6dce35c78ec3d3cb5f79591496b16520fb67c29 || OFFICIAL_MANUFACTURER_EXACT_VARIANT_ART:data/audits/uncrustables-official-package-art-20260718/peanut-butter-strawberry-front-center.jpg#sha256=0bac4e5be6f0214a399f85293d26b71e0e5b12615115dc5b366d19a548318a64 || OWNER_KEEP_LIVE_MAIN_PRODUCT_EXEMPLAR:data/audits/uncrustables-live-main-fetch-20260718-v1/assets/032-EW-ASWP-PMZX-B0H891WSZ9-e5b7c0f09ad4.jpg#sha256=e5b7c0f09ad41fbf69c44ba2e15a0e029da8a750080d1bddcc9278b644cffc4f,false
67,LU-ASK0-LSDF,B0H84YZDB7,"Uncrustables Frozen Peanut Butter and Peanut Butter & Grape Jelly Sandwich Variety Pack, 24 Count",FICTIONAL_PACKAGING,24,retail_boxes_mix,peanut-butter-grape::12||peanut-butter::12,Smucker's Uncrustables Frozen Peanut Butter & Grape Jelly Sandwich - 8oz/4ct::12||Smucker's Uncrustables Frozen Peanut Butter Sandwich - 7.2oz/4ct::12,Peanut Butter | 4ct source pack | 12 listing units || Peanut Butter & Grape Jelly | 4ct source pack | 12 listing units,GPT_IMAGE_2_EDIT_REPLACE_ALL_PRODUCT_PACKAGING,true,true,ordinal-067-LU-ASK0-LSDF,,,,,,data/audits/uncrustables-live-main-fetch-20260718-v1/assets/067-LU-ASK0-LSDF-B0H84YZDB7-cef974d62aba.jpg,/Users/vladimirkuznetsov/SS Command Center/ss-control-center/data/audits/uncrustables-live-main-fetch-20260718-v1/assets/067-LU-ASK0-LSDF-B0H84YZDB7-cef974d62aba.jpg,cef974d62abaed6194ce5d98c3a720f6ee34b84c1c7f9a670985eb0721393738,CURRENT_MAIN_COMPOSITION_REFERENCE:data/audits/uncrustables-live-main-fetch-20260718-v1/assets/067-LU-ASK0-LSDF-B0H84YZDB7-cef974d62aba.jpg#sha256=cef974d62abaed6194ce5d98c3a720f6ee34b84c1c7f9a670985eb0721393738 || OWNER_APPROVED_KIT_ANCHOR:public/bundle-factory/frozen-refs/ref-uncrustables.png#sha256=9c45164a56e3cda1e9e0c2590e7d75d94e6320af012b841bc9e5b73594a1fd33 || OWNER_APPROVED_STYLE_CLASS_FIXTURE:data/audits/uncrustables-gpt-image-2-previews-20260718/02b-retail-boxes-mix-pb-blackberry-24-four-gel-packs.png#sha256=9d0294242508529022a0e2b1cdd2df0adce469ef9dbb8bd2dd7d448031ea839d || OFFICIAL_MANUFACTURER_EXACT_VARIANT_ART:data/audits/uncrustables-official-package-art-20260718/peanut-butter-front-center.jpg#sha256=c0d65a54fd2c264802b87738a8d8d2152d1b97045346616408b44f282f3d3db3 || LOCAL_DONOR_PRODUCT_REFERENCE:data/audits/uncrustables-gpt-image-2-previews-20260718/donor-peanut-butter.jpg#sha256=19af7bad5c0f6654fb0a923bbea9cded97e695ce4176514a0b04b32cc422273d || OWNER_KEEP_LIVE_MAIN_PRODUCT_EXEMPLAR:data/audits/uncrustables-live-main-fetch-20260718-v1/assets/078-PB-ASAF-G2T6-B0H82K7Y7S-299fd08884d2.jpg#sha256=299fd08884d21bf263d1906638ceed76b4b7932757c3cc71f4e4f68fb29bac58 || OFFICIAL_MANUFACTURER_EXACT_VARIANT_ART:data/audits/uncrustables-official-package-art-20260718/peanut-butter-grape-front-center.jpg#sha256=ce5e253ba82d5a72816bc08e2a642306e13483520c43bb88d466f18e26df2679 || LOCAL_DONOR_PRODUCT_REFERENCE:data/audits/uncrustables-gpt-image-2-previews-20260718/donor-grape.jpg#sha256=123738047e76b99e561a68e48335540649b00d85765afd3ca53ee25f3f510aea || OWNER_KEEP_LIVE_MAIN_PRODUCT_EXEMPLAR:data/audits/uncrustables-live-main-fetch-20260718-v1/assets/050-HX-ASO8-XCL2-B0H832SD15-5f6904abd7c5.jpg#sha256=5f6904abd7c503dd145cf2d65d8185ee6f33f20a7fd035e364bca733aa71d1bf,false
80,PJ-ASDX-E8LW,B0H85MGP35,"Uncrustables Frozen Peanut Butter & Honey Spread and Peanut Butter & Mixed Berry Spread Sandwiches, 24 Count Variety Pack",MISSING_REQUIRED_PRODUCT,24,individual_wraps,morning-protein-mixed-berry::12||peanut-butter-honey::12,Smucker's Uncrustables Frozen Peanut Butter & Honey Spread Sandwich - 20oz/10ct::12||Smucker's Uncrustables Morning Protein Peanut Butter & Mixed Berry Spread Sandwich - 22.4oz/8ct::12,Peanut Butter & Honey Spread | 10ct source pack | 12 listing units || Beamin' Berry Blend / Morning Protein Peanut Butter & Mixed Berry | 8ct source pack | 12 listing units,DIRECT_REUSE_EXISTING_OWNER_KEEP_MAIN,false,false,,RY-ASO3-24Q2,B0H84XMG42,data/audits/uncrustables-live-main-fetch-20260718-v1/assets/106-RY-ASO3-24Q2-B0H84XMG42-d596dece64ba.jpg,/Users/vladimirkuznetsov/SS Command Center/ss-control-center/data/audits/uncrustables-live-main-fetch-20260718-v1/assets/106-RY-ASO3-24Q2-B0H84XMG42-d596dece64ba.jpg,d596dece64ba6e143531819ad38cefd532f38b67fd7cf5c1f74f446af0cbe9d6,data/audits/uncrustables-live-main-fetch-20260718-v1/assets/080-PJ-ASDX-E8LW-B0H85MGP35-a2bb4733ed0c.jpg,/Users/vladimirkuznetsov/SS Command Center/ss-control-center/data/audits/uncrustables-live-main-fetch-20260718-v1/assets/080-PJ-ASDX-E8LW-B0H85MGP35-a2bb4733ed0c.jpg,a2bb4733ed0c6c8211d4522f46ac8deca3b3760ea35c88694b80bca78bc858a8,CURRENT_MAIN_COMPOSITION_REFERENCE:data/audits/uncrustables-live-main-fetch-20260718-v1/assets/080-PJ-ASDX-E8LW-B0H85MGP35-a2bb4733ed0c.jpg#sha256=a2bb4733ed0c6c8211d4522f46ac8deca3b3760ea35c88694b80bca78bc858a8 || OWNER_APPROVED_KIT_ANCHOR:public/bundle-factory/frozen-refs/ref-uncrustables.png#sha256=9c45164a56e3cda1e9e0c2590e7d75d94e6320af012b841bc9e5b73594a1fd33 || OWNER_APPROVED_STYLE_CLASS_FIXTURE:data/audits/uncrustables-gpt-image-2-previews-20260718/03-individual-wraps-mix-hazelnut-berry-24.png#sha256=d2f7ffdd0a3e411725a3dc1dac013f9f5f50c1e6dd9d34164c12cbe5cacc722f || OFFICIAL_MANUFACTURER_EXACT_VARIANT_ART:data/audits/uncrustables-official-package-art-20260718/peanut-butter-honey-front-center.jpg#sha256=bdac28be2b8400b96dcf4f61957a06bbff7b2799f90891adafaf985759bad9cf || OWNER_KEEP_LIVE_MAIN_PRODUCT_EXEMPLAR:data/audits/uncrustables-live-main-fetch-20260718-v1/assets/105-RY-ASMO-6N4F-B0H8493HNR-5ce519f944e6.jpg#sha256=5ce519f944e6e2f74331560b14c9e6753712079d4e763698c9b1c8cb50bbb56c || OFFICIAL_MANUFACTURER_EXACT_VARIANT_ART:data/audits/uncrustables-official-package-art-20260718/beamin-berry-blend-protein-front-center.jpg#sha256=9d36138ccb6069872bea6d9605aba73a7054f72b3ce268354bace975c3e51ae2 || OWNER_KEEP_LIVE_MAIN_PRODUCT_EXEMPLAR:data/audits/uncrustables-live-main-fetch-20260718-v1/assets/129-UJ-ASQ1-9FNR-B0H82P651P-8d6ab260fb5e.jpg#sha256=8d6ab260fb5e72107ea1648c8364b3fdb17fe1ecb5995b11a859c6170bd0b14d || OWNER_KEEP_LIVE_MAIN_WRAPPER_EXEMPLAR:data/audits/uncrustables-live-main-fetch-20260718-v1/assets/071-MP-ASZ9-TKE7-B0H837HLKC-3398bb472d68.jpg#sha256=3398bb472d684a29a8a7f98f976497a32be31eac8dcb908712eceba1ec69f93b || DIRECT_REUSE_OWNER_KEEP_EXACT_RECIPE_MAIN:data/audits/uncrustables-live-main-fetch-20260718-v1/assets/106-RY-ASO3-24Q2-B0H84XMG42-d596dece64ba.jpg#sha256=d596dece64ba6e143531819ad38cefd532f38b67fd7cf5c1f74f446af0cbe9d6,false
84,PT-AS5B-Z2XH,B0H84Z6QWY,"Uncrustables Frozen Peanut Butter & Jelly Sandwich Variety Pack, 24 Count — Whole Wheat Strawberry Jam & Grape Jelly, 2 oz Each",FICTIONAL_PACKAGING,24,retail_boxes_mix,peanut-butter-grape::12||reduced-sugar-strawberry-on-wheat::12,Smucker's Uncrustables Frozen Peanut Butter & Grape Jelly Sandwich - 8oz/4ct::12||Smucker's Uncrustables Frozen Whole Wheat Peanut Butter & Strawberry Jam Sandwich - 8oz/4ct::12,Reduced Sugar / Whole Wheat Peanut Butter & Strawberry | 4ct source pack | 12 listing units || Peanut Butter & Grape Jelly | 4ct source pack | 12 listing units,GPT_IMAGE_2_EDIT_REPLACE_ALL_PRODUCT_PACKAGING,true,true,ordinal-084-PT-AS5B-Z2XH,,,,,,data/audits/uncrustables-live-main-fetch-20260718-v1/assets/084-PT-AS5B-Z2XH-B0H84Z6QWY-c68598f94e38.jpg,/Users/vladimirkuznetsov/SS Command Center/ss-control-center/data/audits/uncrustables-live-main-fetch-20260718-v1/assets/084-PT-AS5B-Z2XH-B0H84Z6QWY-c68598f94e38.jpg,c68598f94e3880d0c0a5e3b2e3437d06a1d082ba2d2ef92fd9c70f0a4dc56300,CURRENT_MAIN_COMPOSITION_REFERENCE:data/audits/uncrustables-live-main-fetch-20260718-v1/assets/084-PT-AS5B-Z2XH-B0H84Z6QWY-c68598f94e38.jpg#sha256=c68598f94e3880d0c0a5e3b2e3437d06a1d082ba2d2ef92fd9c70f0a4dc56300 || OWNER_APPROVED_KIT_ANCHOR:public/bundle-factory/frozen-refs/ref-uncrustables.png#sha256=9c45164a56e3cda1e9e0c2590e7d75d94e6320af012b841bc9e5b73594a1fd33 || OWNER_APPROVED_STYLE_CLASS_FIXTURE:data/audits/uncrustables-gpt-image-2-previews-20260718/02b-retail-boxes-mix-pb-blackberry-24-four-gel-packs.png#sha256=9d0294242508529022a0e2b1cdd2df0adce469ef9dbb8bd2dd7d448031ea839d || OFFICIAL_MANUFACTURER_EXACT_VARIANT_ART:data/audits/uncrustables-official-package-art-20260718/reduced-sugar-strawberry-on-wheat-front-center.jpg#sha256=9beb7a19b7eae773edb3be3da25b0cd09a8b65c857d101b18970aa180a8778ac || OWNER_KEEP_LIVE_MAIN_PRODUCT_EXEMPLAR:data/audits/uncrustables-live-main-fetch-20260718-v1/assets/069-MF-AS0J-YRT4-B0H82NHQCL-fb8d8cc04357.jpg#sha256=fb8d8cc043578e711423f07094ee99576ef2ae6404e65138d21eab1aa58d6c66 || OFFICIAL_MANUFACTURER_EXACT_VARIANT_ART:data/audits/uncrustables-official-package-art-20260718/peanut-butter-grape-front-center.jpg#sha256=ce5e253ba82d5a72816bc08e2a642306e13483520c43bb88d466f18e26df2679 || LOCAL_DONOR_PRODUCT_REFERENCE:data/audits/uncrustables-gpt-image-2-previews-20260718/donor-grape.jpg#sha256=123738047e76b99e561a68e48335540649b00d85765afd3ca53ee25f3f510aea || OWNER_KEEP_LIVE_MAIN_PRODUCT_EXEMPLAR:data/audits/uncrustables-live-main-fetch-20260718-v1/assets/050-HX-ASO8-XCL2-B0H832SD15-5f6904abd7c5.jpg#sha256=5f6904abd7c503dd145cf2d65d8185ee6f33f20a7fd035e364bca733aa71d1bf,false
94,RB-ASVO-GYCY,B0H859N8VM,"Uncrustables Frozen Peanut Butter Sandwich Variety Pack, Apple Cinnamon Jelly & Strawberry Jam, 24 Count",FICTIONAL_PACKAGING,24,individual_wraps,peanut-butter-strawberry::12||up-and-apple-protein::12,Smucker's Uncrustables Frozen Peanut Butter & Apple Cinnamon Jelly Sandwich – 12g Protein 22.4oz/8ct::12||Smucker's Uncrustables Frozen Peanut Butter & Strawberry Jam Sandwich - 8oz/4ct::12,"Up & Apple / Apple Cinnamon, 12g Protein | 8ct source pack | 12 listing units || Peanut Butter & Strawberry Jam | 4ct source pack | 12 listing units",GPT_IMAGE_2_EDIT_REPLACE_ALL_PRODUCT_PACKAGING,true,true,ordinal-094-RB-ASVO-GYCY,,,,,,data/audits/uncrustables-live-main-fetch-20260718-v1/assets/094-RB-ASVO-GYCY-B0H859N8VM-7bb8529b296b.jpg,/Users/vladimirkuznetsov/SS Command Center/ss-control-center/data/audits/uncrustables-live-main-fetch-20260718-v1/assets/094-RB-ASVO-GYCY-B0H859N8VM-7bb8529b296b.jpg,7bb8529b296b574da1ea71c84d1b935875e3d707e0959a30dd1cac7435c06240,CURRENT_MAIN_COMPOSITION_REFERENCE:data/audits/uncrustables-live-main-fetch-20260718-v1/assets/094-RB-ASVO-GYCY-B0H859N8VM-7bb8529b296b.jpg#sha256=7bb8529b296b574da1ea71c84d1b935875e3d707e0959a30dd1cac7435c06240 || OWNER_APPROVED_KIT_ANCHOR:public/bundle-factory/frozen-refs/ref-uncrustables.png#sha256=9c45164a56e3cda1e9e0c2590e7d75d94e6320af012b841bc9e5b73594a1fd33 || OWNER_APPROVED_STYLE_CLASS_FIXTURE:data/audits/uncrustables-gpt-image-2-previews-20260718/03-individual-wraps-mix-hazelnut-berry-24.png#sha256=d2f7ffdd0a3e411725a3dc1dac013f9f5f50c1e6dd9d34164c12cbe5cacc722f || OFFICIAL_MANUFACTURER_EXACT_VARIANT_ART:data/audits/uncrustables-official-package-art-20260718/up-and-apple-protein-front-center.jpg#sha256=2f7fb45f7f82c94519c36ad72462e5af623b4c6ae57c948e705a889f3df78900 || LOCAL_DONOR_PRODUCT_REFERENCE:data/audits/uncrustables-gpt-image-2-previews-20260718/donor-up-and-apple.jpg#sha256=55dff9f953f2c6b449315e70fa282c61a1ed46459bdf0868c7b1d23e23ae2957 || OWNER_KEEP_LIVE_MAIN_PRODUCT_EXEMPLAR:data/audits/uncrustables-live-main-fetch-20260718-v1/assets/092-QX-AS89-H8YC-B0H82RQ226-efe39efc6ba5.jpg#sha256=efe39efc6ba505b24bfc2a142a59ada3be5cb54ee8caae5611cf4f607dab2425 || OFFICIAL_MANUFACTURER_EXACT_VARIANT_ART:data/audits/uncrustables-official-package-art-20260718/peanut-butter-strawberry-front-center.jpg#sha256=0bac4e5be6f0214a399f85293d26b71e0e5b12615115dc5b366d19a548318a64 || OWNER_KEEP_LIVE_MAIN_PRODUCT_EXEMPLAR:data/audits/uncrustables-live-main-fetch-20260718-v1/assets/032-EW-ASWP-PMZX-B0H891WSZ9-e5b7c0f09ad4.jpg#sha256=e5b7c0f09ad41fbf69c44ba2e15a0e029da8a750080d1bddcc9278b644cffc4f,false
96,RL-AS64-Q8QX,B0H82LZLM2,"Uncrustables Morning Protein Peanut Butter & Mixed Berry Spread on Wheat Bread, 2.8 oz, 30 Count",FICTIONAL_PACK_SIZE,30,individual_wraps,morning-protein-mixed-berry::30,Smucker's Uncrustables Morning Protein Peanut Butter & Mixed Berry Spread Sandwich - 22.4oz/8ct::30,Beamin' Berry Blend / Morning Protein Peanut Butter & Mixed Berry | 8ct source pack | 30 listing units,DIRECT_REUSE_EXISTING_OWNER_KEEP_MAIN,false,false,,MP-ASZ9-TKE7,B0H837HLKC,data/audits/uncrustables-live-main-fetch-20260718-v1/assets/071-MP-ASZ9-TKE7-B0H837HLKC-3398bb472d68.jpg,/Users/vladimirkuznetsov/SS Command Center/ss-control-center/data/audits/uncrustables-live-main-fetch-20260718-v1/assets/071-MP-ASZ9-TKE7-B0H837HLKC-3398bb472d68.jpg,3398bb472d684a29a8a7f98f976497a32be31eac8dcb908712eceba1ec69f93b,data/audits/uncrustables-live-main-fetch-20260718-v1/assets/096-RL-AS64-Q8QX-B0H82LZLM2-016d2b0daf4e.jpg,/Users/vladimirkuznetsov/SS Command Center/ss-control-center/data/audits/uncrustables-live-main-fetch-20260718-v1/assets/096-RL-AS64-Q8QX-B0H82LZLM2-016d2b0daf4e.jpg,016d2b0daf4efad42eb3af55230da484414cabc9cab39a8d55561438b94d4b5a,CURRENT_MAIN_COMPOSITION_REFERENCE:data/audits/uncrustables-live-main-fetch-20260718-v1/assets/096-RL-AS64-Q8QX-B0H82LZLM2-016d2b0daf4e.jpg#sha256=016d2b0daf4efad42eb3af55230da484414cabc9cab39a8d55561438b94d4b5a || OWNER_APPROVED_KIT_ANCHOR:public/bundle-factory/frozen-refs/ref-uncrustables.png#sha256=9c45164a56e3cda1e9e0c2590e7d75d94e6320af012b841bc9e5b73594a1fd33 || OWNER_APPROVED_STYLE_CLASS_FIXTURE:data/audits/uncrustables-gpt-image-2-previews-20260718/03-individual-wraps-mix-hazelnut-berry-24.png#sha256=d2f7ffdd0a3e411725a3dc1dac013f9f5f50c1e6dd9d34164c12cbe5cacc722f || OFFICIAL_MANUFACTURER_EXACT_VARIANT_ART:data/audits/uncrustables-official-package-art-20260718/beamin-berry-blend-protein-front-center.jpg#sha256=9d36138ccb6069872bea6d9605aba73a7054f72b3ce268354bace975c3e51ae2 || OWNER_KEEP_LIVE_MAIN_PRODUCT_EXEMPLAR:data/audits/uncrustables-live-main-fetch-20260718-v1/assets/129-UJ-ASQ1-9FNR-B0H82P651P-8d6ab260fb5e.jpg#sha256=8d6ab260fb5e72107ea1648c8364b3fdb17fe1ecb5995b11a859c6170bd0b14d || OWNER_KEEP_LIVE_MAIN_WRAPPER_EXEMPLAR:data/audits/uncrustables-live-main-fetch-20260718-v1/assets/071-MP-ASZ9-TKE7-B0H837HLKC-3398bb472d68.jpg#sha256=3398bb472d684a29a8a7f98f976497a32be31eac8dcb908712eceba1ec69f93b || DIRECT_REUSE_OWNER_KEEP_EXACT_RECIPE_MAIN:data/audits/uncrustables-live-main-fetch-20260718-v1/assets/071-MP-ASZ9-TKE7-B0H837HLKC-3398bb472d68.jpg#sha256=3398bb472d684a29a8a7f98f976497a32be31eac8dcb908712eceba1ec69f93b,false
110,SC-ASH8-4RQG,B0H856DWVS,"Uncrustables Frozen Sandwiches, Peanut Butter & Apple Cinnamon Jelly and Peanut Butter & Blueberry, 24 Count",FICTIONAL_PACKAGING,24,individual_wraps,burstin-blueberry-protein::12||up-and-apple-protein::12,Smucker's Uncrustables Frozen Peanut Butter & Apple Cinnamon Jelly Sandwich – 12g Protein 22.4oz/8ct::12||Smucker's Uncrustables Frozen Peanut Butter & Blueberry Sandwich - 22.4oz/8ct::12,"Up & Apple / Apple Cinnamon, 12g Protein | 8ct source pack | 12 listing units || Burstin' Blueberry, 12g Protein | 8ct source pack | 12 listing units",GPT_IMAGE_2_EDIT_REPLACE_ALL_PRODUCT_PACKAGING,true,true,ordinal-110-SC-ASH8-4RQG,,,,,,data/audits/uncrustables-live-main-fetch-20260718-v1/assets/110-SC-ASH8-4RQG-B0H856DWVS-922a0ab21a15.jpg,/Users/vladimirkuznetsov/SS Command Center/ss-control-center/data/audits/uncrustables-live-main-fetch-20260718-v1/assets/110-SC-ASH8-4RQG-B0H856DWVS-922a0ab21a15.jpg,922a0ab21a15a4bc319729d422158edacd2407f458159e2eaaa00d1e48c1945b,CURRENT_MAIN_COMPOSITION_REFERENCE:data/audits/uncrustables-live-main-fetch-20260718-v1/assets/110-SC-ASH8-4RQG-B0H856DWVS-922a0ab21a15.jpg#sha256=922a0ab21a15a4bc319729d422158edacd2407f458159e2eaaa00d1e48c1945b || OWNER_APPROVED_KIT_ANCHOR:public/bundle-factory/frozen-refs/ref-uncrustables.png#sha256=9c45164a56e3cda1e9e0c2590e7d75d94e6320af012b841bc9e5b73594a1fd33 || OWNER_APPROVED_STYLE_CLASS_FIXTURE:data/audits/uncrustables-gpt-image-2-previews-20260718/03-individual-wraps-mix-hazelnut-berry-24.png#sha256=d2f7ffdd0a3e411725a3dc1dac013f9f5f50c1e6dd9d34164c12cbe5cacc722f || OFFICIAL_MANUFACTURER_EXACT_VARIANT_ART:data/audits/uncrustables-official-package-art-20260718/up-and-apple-protein-front-center.jpg#sha256=2f7fb45f7f82c94519c36ad72462e5af623b4c6ae57c948e705a889f3df78900 || LOCAL_DONOR_PRODUCT_REFERENCE:data/audits/uncrustables-gpt-image-2-previews-20260718/donor-up-and-apple.jpg#sha256=55dff9f953f2c6b449315e70fa282c61a1ed46459bdf0868c7b1d23e23ae2957 || OWNER_KEEP_LIVE_MAIN_PRODUCT_EXEMPLAR:data/audits/uncrustables-live-main-fetch-20260718-v1/assets/092-QX-AS89-H8YC-B0H82RQ226-efe39efc6ba5.jpg#sha256=efe39efc6ba505b24bfc2a142a59ada3be5cb54ee8caae5611cf4f607dab2425 || OFFICIAL_MANUFACTURER_EXACT_VARIANT_ART:data/audits/uncrustables-official-package-art-20260718/burstin-blueberry-protein-front-center.jpg#sha256=384bcaf2946a24d8af384081fa09dbe24e8588f4d6f053f480aafe530d510e7f || OWNER_KEEP_LIVE_MAIN_PRODUCT_EXEMPLAR:data/audits/uncrustables-live-main-fetch-20260718-v1/assets/121-TQ-ASBR-96TC-B0H82BCZ44-8810e48b121e.jpg#sha256=8810e48b121e29ea5aaaf342203da4acab9f1e0a523fe24efec9a3b08c48b8b1,false
113,SH-ASO0-PW37,B0H83ZH3TB,"Uncrustables Frozen Crustless Sandwiches Variety Pack, Peanut Butter & Strawberry Jam and Peanut Butter & Grape Jelly, 24 Count",MISSING_REQUIRED_PRODUCT,24,individual_wraps,bright-eyed-berry-protein::12||peanut-butter-grape::12,Smucker's Uncrustables Frozen Peanut Butter & Grape Jelly Sandwich - 8oz/4ct::12||Smucker's Uncrustables Frozen Peanut Butter & Strawberry Jam Sandwich – 12g Protein 22.4oz/8ct::12,"Bright-Eyed Berry / Strawberry, 12g Protein | 8ct source pack | 12 listing units || Peanut Butter & Grape Jelly | 4ct source pack | 12 listing units",GPT_IMAGE_2_EDIT_TARGETED_PRODUCT_COMPONENTS,true,true,ordinal-113-SH-ASO0-PW37,,,,,,data/audits/uncrustables-live-main-fetch-20260718-v1/assets/113-SH-ASO0-PW37-B0H83ZH3TB-0c42babddbb9.jpg,/Users/vladimirkuznetsov/SS Command Center/ss-control-center/data/audits/uncrustables-live-main-fetch-20260718-v1/assets/113-SH-ASO0-PW37-B0H83ZH3TB-0c42babddbb9.jpg,0c42babddbb923ddf7829ba429a749d50311b483429eaae0e1ec33df80417b82,CURRENT_MAIN_COMPOSITION_REFERENCE:data/audits/uncrustables-live-main-fetch-20260718-v1/assets/113-SH-ASO0-PW37-B0H83ZH3TB-0c42babddbb9.jpg#sha256=0c42babddbb923ddf7829ba429a749d50311b483429eaae0e1ec33df80417b82 || OWNER_APPROVED_KIT_ANCHOR:public/bundle-factory/frozen-refs/ref-uncrustables.png#sha256=9c45164a56e3cda1e9e0c2590e7d75d94e6320af012b841bc9e5b73594a1fd33 || OWNER_APPROVED_STYLE_CLASS_FIXTURE:data/audits/uncrustables-gpt-image-2-previews-20260718/03-individual-wraps-mix-hazelnut-berry-24.png#sha256=d2f7ffdd0a3e411725a3dc1dac013f9f5f50c1e6dd9d34164c12cbe5cacc722f || OFFICIAL_MANUFACTURER_EXACT_VARIANT_ART:data/audits/uncrustables-official-package-art-20260718/bright-eyed-berry-protein-front-center.jpg#sha256=d17073ce10402c872e5d9cbccbf0fa2ee66137823c176e4e848a52e670c58eee || APPROVED_REFERENCE_QA_PRODUCT_PHOTO:data/audits/uncrustables-approved-reference-qa-20260718/product-strawberry-protein-target.jpg#sha256=bbff8ded0629f504061bf13e68f5f272e17fa9707b81ef0a0885080f6455b5b9 || OWNER_KEEP_LIVE_MAIN_PRODUCT_EXEMPLAR:data/audits/uncrustables-live-main-fetch-20260718-v1/assets/130-UY-AS5N-A2E4-B0H83R4M3R-3f161b7094f4.jpg#sha256=3f161b7094f4ae9d94cf90223e358d4dc07d0a5b0083ed648649b379008ff0a7 || OFFICIAL_MANUFACTURER_EXACT_VARIANT_ART:data/audits/uncrustables-official-package-art-20260718/peanut-butter-grape-front-center.jpg#sha256=ce5e253ba82d5a72816bc08e2a642306e13483520c43bb88d466f18e26df2679 || LOCAL_DONOR_PRODUCT_REFERENCE:data/audits/uncrustables-gpt-image-2-previews-20260718/donor-grape.jpg#sha256=123738047e76b99e561a68e48335540649b00d85765afd3ca53ee25f3f510aea || OWNER_KEEP_LIVE_MAIN_PRODUCT_EXEMPLAR:data/audits/uncrustables-live-main-fetch-20260718-v1/assets/050-HX-ASO8-XCL2-B0H832SD15-5f6904abd7c5.jpg#sha256=5f6904abd7c503dd145cf2d65d8185ee6f33f20a7fd035e364bca733aa71d1bf,false
115,SU-ASS4-RV6R,B0H853HGHC,"Uncrustables Frozen Sandwich Variety Pack, 24 Count – Peanut Butter Apple Cinnamon Jelly Protein & Whole Wheat Grape Jelly",MISSING_REQUIRED_PRODUCT,24,individual_wraps,reduced-sugar-grape-on-wheat::12||up-and-apple-protein::12,Smucker's Uncrustables Frozen  Whole Wheat Peanut Butter & Grape Jelly Sandwiches - 8oz/4ct::12||Smucker's Uncrustables Frozen Peanut Butter & Apple Cinnamon Jelly Sandwich – 12g Protein 22.4oz/8ct::12,"Up & Apple / Apple Cinnamon, 12g Protein | 8ct source pack | 12 listing units || Reduced Sugar / Whole Wheat Peanut Butter & Grape | 4ct source pack | 12 listing units",GPT_IMAGE_2_EDIT_TARGETED_PRODUCT_COMPONENTS,true,true,ordinal-115-SU-ASS4-RV6R,,,,,,data/audits/uncrustables-live-main-fetch-20260718-v1/assets/115-SU-ASS4-RV6R-B0H853HGHC-4b496dc05906.jpg,/Users/vladimirkuznetsov/SS Command Center/ss-control-center/data/audits/uncrustables-live-main-fetch-20260718-v1/assets/115-SU-ASS4-RV6R-B0H853HGHC-4b496dc05906.jpg,4b496dc05906b11d852353bac3deb9dddbeb937c7be52c3e3d50a4f67ee172ec,CURRENT_MAIN_COMPOSITION_REFERENCE:data/audits/uncrustables-live-main-fetch-20260718-v1/assets/115-SU-ASS4-RV6R-B0H853HGHC-4b496dc05906.jpg#sha256=4b496dc05906b11d852353bac3deb9dddbeb937c7be52c3e3d50a4f67ee172ec || OWNER_APPROVED_KIT_ANCHOR:public/bundle-factory/frozen-refs/ref-uncrustables.png#sha256=9c45164a56e3cda1e9e0c2590e7d75d94e6320af012b841bc9e5b73594a1fd33 || OWNER_APPROVED_STYLE_CLASS_FIXTURE:data/audits/uncrustables-gpt-image-2-previews-20260718/03-individual-wraps-mix-hazelnut-berry-24.png#sha256=d2f7ffdd0a3e411725a3dc1dac013f9f5f50c1e6dd9d34164c12cbe5cacc722f || OFFICIAL_MANUFACTURER_EXACT_VARIANT_ART:data/audits/uncrustables-official-package-art-20260718/up-and-apple-protein-front-center.jpg#sha256=2f7fb45f7f82c94519c36ad72462e5af623b4c6ae57c948e705a889f3df78900 || LOCAL_DONOR_PRODUCT_REFERENCE:data/audits/uncrustables-gpt-image-2-previews-20260718/donor-up-and-apple.jpg#sha256=55dff9f953f2c6b449315e70fa282c61a1ed46459bdf0868c7b1d23e23ae2957 || OWNER_KEEP_LIVE_MAIN_PRODUCT_EXEMPLAR:data/audits/uncrustables-live-main-fetch-20260718-v1/assets/092-QX-AS89-H8YC-B0H82RQ226-efe39efc6ba5.jpg#sha256=efe39efc6ba505b24bfc2a142a59ada3be5cb54ee8caae5611cf4f607dab2425 || OFFICIAL_MANUFACTURER_EXACT_VARIANT_ART:data/audits/uncrustables-official-package-art-20260718/reduced-sugar-grape-on-wheat-front-center.jpg#sha256=eee1b087615ed7de4461348b3f0e402d2a1baadf4b5b10d1c9229f8ae3855318 || OWNER_KEEP_LIVE_MAIN_PRODUCT_EXEMPLAR:data/audits/uncrustables-live-main-fetch-20260718-v1/assets/087-PY-ASBM-WX6W-B0H82B7GV5-622776a2516d.jpg#sha256=622776a2516db99ed95a918fa5bbe3b53f6351d57d529e763de7212eef8dbdd7,false
116,SV-AS87-D6SV,B0H83ZGN22,"Uncrustables Frozen Peanut Butter & Strawberry Jam Sandwiches, 24 Count – Classic & 12g Protein Varieties, Individually Wrapped",FICTIONAL_OR_AMBIGUOUS_PACKAGING,24,individual_wraps,bright-eyed-berry-protein::12||peanut-butter-strawberry::12,Smucker's Uncrustables Frozen Peanut Butter & Strawberry Jam Sandwich - 8oz/4ct::12||Smucker's Uncrustables Frozen Peanut Butter & Strawberry Jam Sandwich – 12g Protein 22.4oz/8ct::12,"Bright-Eyed Berry / Strawberry, 12g Protein | 8ct source pack | 12 listing units || Peanut Butter & Strawberry Jam | 4ct source pack | 12 listing units",GPT_IMAGE_2_EDIT_REPLACE_ALL_PRODUCT_PACKAGING,true,true,ordinal-116-SV-AS87-D6SV,,,,,,data/audits/uncrustables-live-main-fetch-20260718-v1/assets/116-SV-AS87-D6SV-B0H83ZGN22-d0cf5a806b64.jpg,/Users/vladimirkuznetsov/SS Command Center/ss-control-center/data/audits/uncrustables-live-main-fetch-20260718-v1/assets/116-SV-AS87-D6SV-B0H83ZGN22-d0cf5a806b64.jpg,d0cf5a806b640e59a8260698c24cdf633072446fef824a7bd0b84989ab82fea8,CURRENT_MAIN_COMPOSITION_REFERENCE:data/audits/uncrustables-live-main-fetch-20260718-v1/assets/116-SV-AS87-D6SV-B0H83ZGN22-d0cf5a806b64.jpg#sha256=d0cf5a806b640e59a8260698c24cdf633072446fef824a7bd0b84989ab82fea8 || OWNER_APPROVED_KIT_ANCHOR:public/bundle-factory/frozen-refs/ref-uncrustables.png#sha256=9c45164a56e3cda1e9e0c2590e7d75d94e6320af012b841bc9e5b73594a1fd33 || OWNER_APPROVED_STYLE_CLASS_FIXTURE:data/audits/uncrustables-gpt-image-2-previews-20260718/03-individual-wraps-mix-hazelnut-berry-24.png#sha256=d2f7ffdd0a3e411725a3dc1dac013f9f5f50c1e6dd9d34164c12cbe5cacc722f || OFFICIAL_MANUFACTURER_EXACT_VARIANT_ART:data/audits/uncrustables-official-package-art-20260718/bright-eyed-berry-protein-front-center.jpg#sha256=d17073ce10402c872e5d9cbccbf0fa2ee66137823c176e4e848a52e670c58eee || APPROVED_REFERENCE_QA_PRODUCT_PHOTO:data/audits/uncrustables-approved-reference-qa-20260718/product-strawberry-protein-target.jpg#sha256=bbff8ded0629f504061bf13e68f5f272e17fa9707b81ef0a0885080f6455b5b9 || OWNER_KEEP_LIVE_MAIN_PRODUCT_EXEMPLAR:data/audits/uncrustables-live-main-fetch-20260718-v1/assets/130-UY-AS5N-A2E4-B0H83R4M3R-3f161b7094f4.jpg#sha256=3f161b7094f4ae9d94cf90223e358d4dc07d0a5b0083ed648649b379008ff0a7 || OFFICIAL_MANUFACTURER_EXACT_VARIANT_ART:data/audits/uncrustables-official-package-art-20260718/peanut-butter-strawberry-front-center.jpg#sha256=0bac4e5be6f0214a399f85293d26b71e0e5b12615115dc5b366d19a548318a64 || OWNER_KEEP_LIVE_MAIN_PRODUCT_EXEMPLAR:data/audits/uncrustables-live-main-fetch-20260718-v1/assets/032-EW-ASWP-PMZX-B0H891WSZ9-e5b7c0f09ad4.jpg#sha256=e5b7c0f09ad41fbf69c44ba2e15a0e029da8a750080d1bddcc9278b644cffc4f,false
123,TY-AST2-JE9P,B0H84WQRXB,"Uncrustables Peanut Butter & Raspberry Spread and Peanut Butter & Mixed Berry Spread Frozen Sandwiches, 2 oz Each, 24 Count",MISSING_REQUIRED_PRODUCT,24,individual_wraps,morning-protein-mixed-berry::12||peanut-butter-raspberry::12,"Smucker's Uncrustables Morning Protein Peanut Butter & Mixed Berry Spread Sandwich - 22.4oz/8ct::12||Smuckers Uncrustables Peanut Butter & Raspberry Spread Sandwiches, 10 Count, 2 oz Each, Frozen::12",Peanut Butter & Raspberry Spread | 10ct source pack | 12 listing units || Beamin' Berry Blend / Morning Protein Peanut Butter & Mixed Berry | 8ct source pack | 12 listing units,GPT_IMAGE_2_EDIT_TARGETED_PRODUCT_COMPONENTS,true,true,shared-raspberry-morning-mixed-berry-24,,,,,,data/audits/uncrustables-live-main-fetch-20260718-v1/assets/123-TY-AST2-JE9P-B0H84WQRXB-ee5bf3bb4907.jpg,/Users/vladimirkuznetsov/SS Command Center/ss-control-center/data/audits/uncrustables-live-main-fetch-20260718-v1/assets/123-TY-AST2-JE9P-B0H84WQRXB-ee5bf3bb4907.jpg,ee5bf3bb4907bbbaf088657009993d185464fa893374f6508a06aff8d97da896,CURRENT_MAIN_COMPOSITION_REFERENCE:data/audits/uncrustables-live-main-fetch-20260718-v1/assets/123-TY-AST2-JE9P-B0H84WQRXB-ee5bf3bb4907.jpg#sha256=ee5bf3bb4907bbbaf088657009993d185464fa893374f6508a06aff8d97da896 || OWNER_APPROVED_KIT_ANCHOR:public/bundle-factory/frozen-refs/ref-uncrustables.png#sha256=9c45164a56e3cda1e9e0c2590e7d75d94e6320af012b841bc9e5b73594a1fd33 || OWNER_APPROVED_STYLE_CLASS_FIXTURE:data/audits/uncrustables-gpt-image-2-previews-20260718/03-individual-wraps-mix-hazelnut-berry-24.png#sha256=d2f7ffdd0a3e411725a3dc1dac013f9f5f50c1e6dd9d34164c12cbe5cacc722f || OFFICIAL_MANUFACTURER_EXACT_VARIANT_ART:data/audits/uncrustables-official-package-art-20260718/peanut-butter-raspberry-front-center.jpg#sha256=2aa7ad12bc0f519d72d4c7421ad59386394d8b002c2e7fa5c75149faf5bc38ee || OWNER_KEEP_LIVE_MAIN_PRODUCT_EXEMPLAR:data/audits/uncrustables-live-main-fetch-20260718-v1/assets/147-XE-ASK1-BNRB-B0H81WMJBP-a2adbeecbaf7.jpg#sha256=a2adbeecbaf75f1bd4279ea1f6dce35c78ec3d3cb5f79591496b16520fb67c29 || OFFICIAL_MANUFACTURER_EXACT_VARIANT_ART:data/audits/uncrustables-official-package-art-20260718/beamin-berry-blend-protein-front-center.jpg#sha256=9d36138ccb6069872bea6d9605aba73a7054f72b3ce268354bace975c3e51ae2 || OWNER_KEEP_LIVE_MAIN_PRODUCT_EXEMPLAR:data/audits/uncrustables-live-main-fetch-20260718-v1/assets/129-UJ-ASQ1-9FNR-B0H82P651P-8d6ab260fb5e.jpg#sha256=8d6ab260fb5e72107ea1648c8364b3fdb17fe1ecb5995b11a859c6170bd0b14d || OWNER_KEEP_LIVE_MAIN_WRAPPER_EXEMPLAR:data/audits/uncrustables-live-main-fetch-20260718-v1/assets/071-MP-ASZ9-TKE7-B0H837HLKC-3398bb472d68.jpg#sha256=3398bb472d684a29a8a7f98f976497a32be31eac8dcb908712eceba1ec69f93b,false
127,UF-ASA1-GN5P,B0H854DM3X,"Uncrustables Frozen Peanut Butter and Peanut Butter & Strawberry Jam Sandwich Variety Pack, 24 Count",FICTIONAL_PACK_SIZE,24,retail_boxes_mix,peanut-butter-strawberry::12||peanut-butter::12,Smucker's Uncrustables Frozen Peanut Butter & Strawberry Jam Sandwich - 8oz/4ct::12||Smucker's Uncrustables Frozen Peanut Butter Sandwich - 7.2oz/4ct::12,Peanut Butter | 4ct source pack | 12 listing units || Peanut Butter & Strawberry Jam | 4ct source pack | 12 listing units,GPT_IMAGE_2_EDIT_TARGETED_PRODUCT_COMPONENTS,true,true,ordinal-127-UF-ASA1-GN5P,,,,,,data/audits/uncrustables-live-main-fetch-20260718-v1/assets/127-UF-ASA1-GN5P-B0H854DM3X-bfd0bb2e2bb5.jpg,/Users/vladimirkuznetsov/SS Command Center/ss-control-center/data/audits/uncrustables-live-main-fetch-20260718-v1/assets/127-UF-ASA1-GN5P-B0H854DM3X-bfd0bb2e2bb5.jpg,bfd0bb2e2bb51aa0ec11b1195dbb2feb591bf740097ae0ba8a37eb5089a2f868,CURRENT_MAIN_COMPOSITION_REFERENCE:data/audits/uncrustables-live-main-fetch-20260718-v1/assets/127-UF-ASA1-GN5P-B0H854DM3X-bfd0bb2e2bb5.jpg#sha256=bfd0bb2e2bb51aa0ec11b1195dbb2feb591bf740097ae0ba8a37eb5089a2f868 || OWNER_APPROVED_KIT_ANCHOR:public/bundle-factory/frozen-refs/ref-uncrustables.png#sha256=9c45164a56e3cda1e9e0c2590e7d75d94e6320af012b841bc9e5b73594a1fd33 || OWNER_APPROVED_STYLE_CLASS_FIXTURE:data/audits/uncrustables-gpt-image-2-previews-20260718/02b-retail-boxes-mix-pb-blackberry-24-four-gel-packs.png#sha256=9d0294242508529022a0e2b1cdd2df0adce469ef9dbb8bd2dd7d448031ea839d || OFFICIAL_MANUFACTURER_EXACT_VARIANT_ART:data/audits/uncrustables-official-package-art-20260718/peanut-butter-front-center.jpg#sha256=c0d65a54fd2c264802b87738a8d8d2152d1b97045346616408b44f282f3d3db3 || LOCAL_DONOR_PRODUCT_REFERENCE:data/audits/uncrustables-gpt-image-2-previews-20260718/donor-peanut-butter.jpg#sha256=19af7bad5c0f6654fb0a923bbea9cded97e695ce4176514a0b04b32cc422273d || OWNER_KEEP_LIVE_MAIN_PRODUCT_EXEMPLAR:data/audits/uncrustables-live-main-fetch-20260718-v1/assets/078-PB-ASAF-G2T6-B0H82K7Y7S-299fd08884d2.jpg#sha256=299fd08884d21bf263d1906638ceed76b4b7932757c3cc71f4e4f68fb29bac58 || OFFICIAL_MANUFACTURER_EXACT_VARIANT_ART:data/audits/uncrustables-official-package-art-20260718/peanut-butter-strawberry-front-center.jpg#sha256=0bac4e5be6f0214a399f85293d26b71e0e5b12615115dc5b366d19a548318a64 || OWNER_KEEP_LIVE_MAIN_PRODUCT_EXEMPLAR:data/audits/uncrustables-live-main-fetch-20260718-v1/assets/032-EW-ASWP-PMZX-B0H891WSZ9-e5b7c0f09ad4.jpg#sha256=e5b7c0f09ad41fbf69c44ba2e15a0e029da8a750080d1bddcc9278b644cffc4f,false
134,VH-ASHZ-TJEE,B0H856VWD6,"Uncrustables Whole Wheat Peanut Butter Sandwich Variety, Strawberry Jam & Mixed Berry Spread, 24 Count, Frozen",MISSING_REQUIRED_PRODUCT,24,individual_wraps,morning-protein-mixed-berry::12||reduced-sugar-strawberry-on-wheat::12,Smucker's Uncrustables Frozen Whole Wheat Peanut Butter & Strawberry Jam Sandwich - 8oz/4ct::12||Smucker's Uncrustables Morning Protein Peanut Butter & Mixed Berry Spread Sandwich - 22.4oz/8ct::12,Reduced Sugar / Whole Wheat Peanut Butter & Strawberry | 4ct source pack | 12 listing units || Beamin' Berry Blend / Morning Protein Peanut Butter & Mixed Berry | 8ct source pack | 12 listing units,DIRECT_REUSE_EXISTING_OWNER_KEEP_MAIN,false,false,,ZP-ASJD-X7ZD,B0H85N7X8W,data/audits/uncrustables-live-main-fetch-20260718-v1/assets/161-ZP-ASJD-X7ZD-B0H85N7X8W-5518355a28eb.jpg,/Users/vladimirkuznetsov/SS Command Center/ss-control-center/data/audits/uncrustables-live-main-fetch-20260718-v1/assets/161-ZP-ASJD-X7ZD-B0H85N7X8W-5518355a28eb.jpg,5518355a28eb1f5cf2dafae5129e62e56bd068d0c647a6027a03d2e94ce58eb7,data/audits/uncrustables-live-main-fetch-20260718-v1/assets/134-VH-ASHZ-TJEE-B0H856VWD6-386f5dd32dc8.jpg,/Users/vladimirkuznetsov/SS Command Center/ss-control-center/data/audits/uncrustables-live-main-fetch-20260718-v1/assets/134-VH-ASHZ-TJEE-B0H856VWD6-386f5dd32dc8.jpg,386f5dd32dc8af0dc4b883625c8b5994a1ca890dcc8dad66a13661c3417919a9,CURRENT_MAIN_COMPOSITION_REFERENCE:data/audits/uncrustables-live-main-fetch-20260718-v1/assets/134-VH-ASHZ-TJEE-B0H856VWD6-386f5dd32dc8.jpg#sha256=386f5dd32dc8af0dc4b883625c8b5994a1ca890dcc8dad66a13661c3417919a9 || OWNER_APPROVED_KIT_ANCHOR:public/bundle-factory/frozen-refs/ref-uncrustables.png#sha256=9c45164a56e3cda1e9e0c2590e7d75d94e6320af012b841bc9e5b73594a1fd33 || OWNER_APPROVED_STYLE_CLASS_FIXTURE:data/audits/uncrustables-gpt-image-2-previews-20260718/03-individual-wraps-mix-hazelnut-berry-24.png#sha256=d2f7ffdd0a3e411725a3dc1dac013f9f5f50c1e6dd9d34164c12cbe5cacc722f || OFFICIAL_MANUFACTURER_EXACT_VARIANT_ART:data/audits/uncrustables-official-package-art-20260718/reduced-sugar-strawberry-on-wheat-front-center.jpg#sha256=9beb7a19b7eae773edb3be3da25b0cd09a8b65c857d101b18970aa180a8778ac || OWNER_KEEP_LIVE_MAIN_PRODUCT_EXEMPLAR:data/audits/uncrustables-live-main-fetch-20260718-v1/assets/069-MF-AS0J-YRT4-B0H82NHQCL-fb8d8cc04357.jpg#sha256=fb8d8cc043578e711423f07094ee99576ef2ae6404e65138d21eab1aa58d6c66 || OFFICIAL_MANUFACTURER_EXACT_VARIANT_ART:data/audits/uncrustables-official-package-art-20260718/beamin-berry-blend-protein-front-center.jpg#sha256=9d36138ccb6069872bea6d9605aba73a7054f72b3ce268354bace975c3e51ae2 || OWNER_KEEP_LIVE_MAIN_PRODUCT_EXEMPLAR:data/audits/uncrustables-live-main-fetch-20260718-v1/assets/129-UJ-ASQ1-9FNR-B0H82P651P-8d6ab260fb5e.jpg#sha256=8d6ab260fb5e72107ea1648c8364b3fdb17fe1ecb5995b11a859c6170bd0b14d || OWNER_KEEP_LIVE_MAIN_WRAPPER_EXEMPLAR:data/audits/uncrustables-live-main-fetch-20260718-v1/assets/071-MP-ASZ9-TKE7-B0H837HLKC-3398bb472d68.jpg#sha256=3398bb472d684a29a8a7f98f976497a32be31eac8dcb908712eceba1ec69f93b || DIRECT_REUSE_OWNER_KEEP_EXACT_RECIPE_MAIN:data/audits/uncrustables-live-main-fetch-20260718-v1/assets/161-ZP-ASJD-X7ZD-B0H85N7X8W-5518355a28eb.jpg#sha256=5518355a28eb1f5cf2dafae5129e62e56bd068d0c647a6027a03d2e94ce58eb7,false
135,VK-ASSB-3YFK,B0H85FY28F,"Uncrustables Frozen Peanut Butter Sandwich Variety Pack, Honey Spread and Whole Wheat Grape Jelly, 24 Individually Wrapped Sandwiches",FICTIONAL_PACKAGING,24,retail_boxes_mix,peanut-butter-honey::12||reduced-sugar-grape-on-wheat::12,Smucker's Uncrustables Frozen  Whole Wheat Peanut Butter & Grape Jelly Sandwiches - 8oz/4ct::12||Smucker's Uncrustables Frozen Peanut Butter & Honey Spread Sandwich - 20oz/10ct::12,Peanut Butter & Honey Spread | 10ct source pack | 12 listing units || Reduced Sugar / Whole Wheat Peanut Butter & Grape | 4ct source pack | 12 listing units,GPT_IMAGE_2_EDIT_REPLACE_ALL_PRODUCT_PACKAGING,true,true,ordinal-135-VK-ASSB-3YFK,,,,,,data/audits/uncrustables-live-main-fetch-20260718-v1/assets/135-VK-ASSB-3YFK-B0H85FY28F-8b88d9217ead.jpg,/Users/vladimirkuznetsov/SS Command Center/ss-control-center/data/audits/uncrustables-live-main-fetch-20260718-v1/assets/135-VK-ASSB-3YFK-B0H85FY28F-8b88d9217ead.jpg,8b88d9217ead9eb6990bb98c0f8a80a1c1e271cd3eae19eb0f5169c031880e17,CURRENT_MAIN_COMPOSITION_REFERENCE:data/audits/uncrustables-live-main-fetch-20260718-v1/assets/135-VK-ASSB-3YFK-B0H85FY28F-8b88d9217ead.jpg#sha256=8b88d9217ead9eb6990bb98c0f8a80a1c1e271cd3eae19eb0f5169c031880e17 || OWNER_APPROVED_KIT_ANCHOR:public/bundle-factory/frozen-refs/ref-uncrustables.png#sha256=9c45164a56e3cda1e9e0c2590e7d75d94e6320af012b841bc9e5b73594a1fd33 || OWNER_APPROVED_STYLE_CLASS_FIXTURE:data/audits/uncrustables-gpt-image-2-previews-20260718/02b-retail-boxes-mix-pb-blackberry-24-four-gel-packs.png#sha256=9d0294242508529022a0e2b1cdd2df0adce469ef9dbb8bd2dd7d448031ea839d || OFFICIAL_MANUFACTURER_EXACT_VARIANT_ART:data/audits/uncrustables-official-package-art-20260718/peanut-butter-honey-front-center.jpg#sha256=bdac28be2b8400b96dcf4f61957a06bbff7b2799f90891adafaf985759bad9cf || OWNER_KEEP_LIVE_MAIN_PRODUCT_EXEMPLAR:data/audits/uncrustables-live-main-fetch-20260718-v1/assets/105-RY-ASMO-6N4F-B0H8493HNR-5ce519f944e6.jpg#sha256=5ce519f944e6e2f74331560b14c9e6753712079d4e763698c9b1c8cb50bbb56c || OFFICIAL_MANUFACTURER_EXACT_VARIANT_ART:data/audits/uncrustables-official-package-art-20260718/reduced-sugar-grape-on-wheat-front-center.jpg#sha256=eee1b087615ed7de4461348b3f0e402d2a1baadf4b5b10d1c9229f8ae3855318 || OWNER_KEEP_LIVE_MAIN_PRODUCT_EXEMPLAR:data/audits/uncrustables-live-main-fetch-20260718-v1/assets/087-PY-ASBM-WX6W-B0H82B7GV5-622776a2516d.jpg#sha256=622776a2516db99ed95a918fa5bbe3b53f6351d57d529e763de7212eef8dbdd7,false
138,VT-ASTH-B6LM,B0H85CL8JD,"Uncrustables Frozen Sandwiches Variety Pack, Peanut Butter & Peanut Butter Apple Cinnamon Jelly Protein, 24 Count",WRONG_PRODUCT_VARIANT,24,individual_wraps,peanut-butter::12||up-and-apple-protein::12,Smucker's Uncrustables Frozen Peanut Butter & Apple Cinnamon Jelly Sandwich – 12g Protein 22.4oz/8ct::12||Smucker's Uncrustables Frozen Peanut Butter Sandwich - 7.2oz/4ct::12,"Peanut Butter | 4ct source pack | 12 listing units || Up & Apple / Apple Cinnamon, 12g Protein | 8ct source pack | 12 listing units",GPT_IMAGE_2_EDIT_REPLACE_ALL_PRODUCT_PACKAGING,true,true,ordinal-138-VT-ASTH-B6LM,,,,,,data/audits/uncrustables-live-main-fetch-20260718-v1/assets/138-VT-ASTH-B6LM-B0H85CL8JD-cae11d29b3d2.jpg,/Users/vladimirkuznetsov/SS Command Center/ss-control-center/data/audits/uncrustables-live-main-fetch-20260718-v1/assets/138-VT-ASTH-B6LM-B0H85CL8JD-cae11d29b3d2.jpg,cae11d29b3d243c93e90f29bf1828bfdedb05be0f050f1ee683b779e1f8c0a85,CURRENT_MAIN_COMPOSITION_REFERENCE:data/audits/uncrustables-live-main-fetch-20260718-v1/assets/138-VT-ASTH-B6LM-B0H85CL8JD-cae11d29b3d2.jpg#sha256=cae11d29b3d243c93e90f29bf1828bfdedb05be0f050f1ee683b779e1f8c0a85 || OWNER_APPROVED_KIT_ANCHOR:public/bundle-factory/frozen-refs/ref-uncrustables.png#sha256=9c45164a56e3cda1e9e0c2590e7d75d94e6320af012b841bc9e5b73594a1fd33 || OWNER_APPROVED_STYLE_CLASS_FIXTURE:data/audits/uncrustables-gpt-image-2-previews-20260718/03-individual-wraps-mix-hazelnut-berry-24.png#sha256=d2f7ffdd0a3e411725a3dc1dac013f9f5f50c1e6dd9d34164c12cbe5cacc722f || OFFICIAL_MANUFACTURER_EXACT_VARIANT_ART:data/audits/uncrustables-official-package-art-20260718/peanut-butter-front-center.jpg#sha256=c0d65a54fd2c264802b87738a8d8d2152d1b97045346616408b44f282f3d3db3 || LOCAL_DONOR_PRODUCT_REFERENCE:data/audits/uncrustables-gpt-image-2-previews-20260718/donor-peanut-butter.jpg#sha256=19af7bad5c0f6654fb0a923bbea9cded97e695ce4176514a0b04b32cc422273d || OWNER_KEEP_LIVE_MAIN_PRODUCT_EXEMPLAR:data/audits/uncrustables-live-main-fetch-20260718-v1/assets/078-PB-ASAF-G2T6-B0H82K7Y7S-299fd08884d2.jpg#sha256=299fd08884d21bf263d1906638ceed76b4b7932757c3cc71f4e4f68fb29bac58 || OFFICIAL_MANUFACTURER_EXACT_VARIANT_ART:data/audits/uncrustables-official-package-art-20260718/up-and-apple-protein-front-center.jpg#sha256=2f7fb45f7f82c94519c36ad72462e5af623b4c6ae57c948e705a889f3df78900 || LOCAL_DONOR_PRODUCT_REFERENCE:data/audits/uncrustables-gpt-image-2-previews-20260718/donor-up-and-apple.jpg#sha256=55dff9f953f2c6b449315e70fa282c61a1ed46459bdf0868c7b1d23e23ae2957 || OWNER_KEEP_LIVE_MAIN_PRODUCT_EXEMPLAR:data/audits/uncrustables-live-main-fetch-20260718-v1/assets/092-QX-AS89-H8YC-B0H82RQ226-efe39efc6ba5.jpg#sha256=efe39efc6ba505b24bfc2a142a59ada3be5cb54ee8caae5611cf4f607dab2425,false
142,WK-ASPD-G9HL,B0H85CF81Y,"Uncrustables Whole Wheat Peanut Butter & Strawberry Jam and Peanut Butter Frozen Sandwiches, Variety Pack, 24 Count",FICTIONAL_OR_WRONG_PRODUCT,24,retail_boxes_mix,peanut-butter::12||reduced-sugar-strawberry-on-wheat::12,Smucker's Uncrustables Frozen Peanut Butter Sandwich - 7.2oz/4ct::12||Smucker's Uncrustables Frozen Whole Wheat Peanut Butter & Strawberry Jam Sandwich - 8oz/4ct::12,Reduced Sugar / Whole Wheat Peanut Butter & Strawberry | 4ct source pack | 12 listing units || Peanut Butter | 4ct source pack | 12 listing units,GPT_IMAGE_2_EDIT_TARGETED_PRODUCT_COMPONENTS,true,true,ordinal-142-WK-ASPD-G9HL,,,,,,data/audits/uncrustables-live-main-fetch-20260718-v1/assets/142-WK-ASPD-G9HL-B0H85CF81Y-8851c4b5d386.jpg,/Users/vladimirkuznetsov/SS Command Center/ss-control-center/data/audits/uncrustables-live-main-fetch-20260718-v1/assets/142-WK-ASPD-G9HL-B0H85CF81Y-8851c4b5d386.jpg,8851c4b5d386da86939a1557154453053d38142bedea50555ed179f4b3172ec5,CURRENT_MAIN_COMPOSITION_REFERENCE:data/audits/uncrustables-live-main-fetch-20260718-v1/assets/142-WK-ASPD-G9HL-B0H85CF81Y-8851c4b5d386.jpg#sha256=8851c4b5d386da86939a1557154453053d38142bedea50555ed179f4b3172ec5 || OWNER_APPROVED_KIT_ANCHOR:public/bundle-factory/frozen-refs/ref-uncrustables.png#sha256=9c45164a56e3cda1e9e0c2590e7d75d94e6320af012b841bc9e5b73594a1fd33 || OWNER_APPROVED_STYLE_CLASS_FIXTURE:data/audits/uncrustables-gpt-image-2-previews-20260718/02b-retail-boxes-mix-pb-blackberry-24-four-gel-packs.png#sha256=9d0294242508529022a0e2b1cdd2df0adce469ef9dbb8bd2dd7d448031ea839d || OFFICIAL_MANUFACTURER_EXACT_VARIANT_ART:data/audits/uncrustables-official-package-art-20260718/reduced-sugar-strawberry-on-wheat-front-center.jpg#sha256=9beb7a19b7eae773edb3be3da25b0cd09a8b65c857d101b18970aa180a8778ac || OWNER_KEEP_LIVE_MAIN_PRODUCT_EXEMPLAR:data/audits/uncrustables-live-main-fetch-20260718-v1/assets/069-MF-AS0J-YRT4-B0H82NHQCL-fb8d8cc04357.jpg#sha256=fb8d8cc043578e711423f07094ee99576ef2ae6404e65138d21eab1aa58d6c66 || OFFICIAL_MANUFACTURER_EXACT_VARIANT_ART:data/audits/uncrustables-official-package-art-20260718/peanut-butter-front-center.jpg#sha256=c0d65a54fd2c264802b87738a8d8d2152d1b97045346616408b44f282f3d3db3 || LOCAL_DONOR_PRODUCT_REFERENCE:data/audits/uncrustables-gpt-image-2-previews-20260718/donor-peanut-butter.jpg#sha256=19af7bad5c0f6654fb0a923bbea9cded97e695ce4176514a0b04b32cc422273d || OWNER_KEEP_LIVE_MAIN_PRODUCT_EXEMPLAR:data/audits/uncrustables-live-main-fetch-20260718-v1/assets/078-PB-ASAF-G2T6-B0H82K7Y7S-299fd08884d2.jpg#sha256=299fd08884d21bf263d1906638ceed76b4b7932757c3cc71f4e4f68fb29bac58,false
146,WZ-ASXK-ZFAS,B0H85DF1R7,"Uncrustables Frozen Sandwiches Variety Pack, Peanut Butter & Honey Spread and Peanut Butter & Blueberry, 24 Count",FICTIONAL_PACKAGING,24,individual_wraps,burstin-blueberry-protein::12||peanut-butter-honey::12,Smucker's Uncrustables Frozen Peanut Butter & Blueberry Sandwich - 22.4oz/8ct::12||Smucker's Uncrustables Frozen Peanut Butter & Honey Spread Sandwich - 20oz/10ct::12,"Peanut Butter & Honey Spread | 10ct source pack | 12 listing units || Burstin' Blueberry, 12g Protein | 8ct source pack | 12 listing units",GPT_IMAGE_2_EDIT_REPLACE_ALL_PRODUCT_PACKAGING,true,true,ordinal-146-WZ-ASXK-ZFAS,,,,,,data/audits/uncrustables-live-main-fetch-20260718-v1/assets/146-WZ-ASXK-ZFAS-B0H85DF1R7-6aaeefd9b8e5.jpg,/Users/vladimirkuznetsov/SS Command Center/ss-control-center/data/audits/uncrustables-live-main-fetch-20260718-v1/assets/146-WZ-ASXK-ZFAS-B0H85DF1R7-6aaeefd9b8e5.jpg,6aaeefd9b8e5e79d8bee763841cad34e933cea1f7e0a025e2a7db119165a6d76,CURRENT_MAIN_COMPOSITION_REFERENCE:data/audits/uncrustables-live-main-fetch-20260718-v1/assets/146-WZ-ASXK-ZFAS-B0H85DF1R7-6aaeefd9b8e5.jpg#sha256=6aaeefd9b8e5e79d8bee763841cad34e933cea1f7e0a025e2a7db119165a6d76 || OWNER_APPROVED_KIT_ANCHOR:public/bundle-factory/frozen-refs/ref-uncrustables.png#sha256=9c45164a56e3cda1e9e0c2590e7d75d94e6320af012b841bc9e5b73594a1fd33 || OWNER_APPROVED_STYLE_CLASS_FIXTURE:data/audits/uncrustables-gpt-image-2-previews-20260718/03-individual-wraps-mix-hazelnut-berry-24.png#sha256=d2f7ffdd0a3e411725a3dc1dac013f9f5f50c1e6dd9d34164c12cbe5cacc722f || OFFICIAL_MANUFACTURER_EXACT_VARIANT_ART:data/audits/uncrustables-official-package-art-20260718/peanut-butter-honey-front-center.jpg#sha256=bdac28be2b8400b96dcf4f61957a06bbff7b2799f90891adafaf985759bad9cf || OWNER_KEEP_LIVE_MAIN_PRODUCT_EXEMPLAR:data/audits/uncrustables-live-main-fetch-20260718-v1/assets/105-RY-ASMO-6N4F-B0H8493HNR-5ce519f944e6.jpg#sha256=5ce519f944e6e2f74331560b14c9e6753712079d4e763698c9b1c8cb50bbb56c || OFFICIAL_MANUFACTURER_EXACT_VARIANT_ART:data/audits/uncrustables-official-package-art-20260718/burstin-blueberry-protein-front-center.jpg#sha256=384bcaf2946a24d8af384081fa09dbe24e8588f4d6f053f480aafe530d510e7f || OWNER_KEEP_LIVE_MAIN_PRODUCT_EXEMPLAR:data/audits/uncrustables-live-main-fetch-20260718-v1/assets/121-TQ-ASBR-96TC-B0H82BCZ44-8810e48b121e.jpg#sha256=8810e48b121e29ea5aaaf342203da4acab9f1e0a523fe24efec9a3b08c48b8b1,false
163,ZX-ASQU-TKU9,B0H84PVG1G,"Uncrustables Frozen Peanut Butter & Strawberry Jam Sandwiches, Whole Wheat and Classic Variety, Individually Wrapped, 24 Count",FICTIONAL_PACKAGING,24,retail_boxes_mix,peanut-butter-strawberry::12||reduced-sugar-strawberry-on-wheat::12,Smucker's Uncrustables Frozen Peanut Butter & Strawberry Jam Sandwich - 8oz/4ct::12||Smucker's Uncrustables Frozen Whole Wheat Peanut Butter & Strawberry Jam Sandwich - 8oz/4ct::12,Reduced Sugar / Whole Wheat Peanut Butter & Strawberry | 4ct source pack | 12 listing units || Peanut Butter & Strawberry Jam | 4ct source pack | 12 listing units,GPT_IMAGE_2_EDIT_REPLACE_ALL_PRODUCT_PACKAGING,true,true,ordinal-163-ZX-ASQU-TKU9,,,,,,data/audits/uncrustables-live-main-fetch-20260718-v1/assets/163-ZX-ASQU-TKU9-B0H84PVG1G-b448c2ef5e5d.jpg,/Users/vladimirkuznetsov/SS Command Center/ss-control-center/data/audits/uncrustables-live-main-fetch-20260718-v1/assets/163-ZX-ASQU-TKU9-B0H84PVG1G-b448c2ef5e5d.jpg,b448c2ef5e5d110dc12fca50815cd8d17bef8447bd6cccdb320ea3055e1ac2c5,CURRENT_MAIN_COMPOSITION_REFERENCE:data/audits/uncrustables-live-main-fetch-20260718-v1/assets/163-ZX-ASQU-TKU9-B0H84PVG1G-b448c2ef5e5d.jpg#sha256=b448c2ef5e5d110dc12fca50815cd8d17bef8447bd6cccdb320ea3055e1ac2c5 || OWNER_APPROVED_KIT_ANCHOR:public/bundle-factory/frozen-refs/ref-uncrustables.png#sha256=9c45164a56e3cda1e9e0c2590e7d75d94e6320af012b841bc9e5b73594a1fd33 || OWNER_APPROVED_STYLE_CLASS_FIXTURE:data/audits/uncrustables-gpt-image-2-previews-20260718/02b-retail-boxes-mix-pb-blackberry-24-four-gel-packs.png#sha256=9d0294242508529022a0e2b1cdd2df0adce469ef9dbb8bd2dd7d448031ea839d || OFFICIAL_MANUFACTURER_EXACT_VARIANT_ART:data/audits/uncrustables-official-package-art-20260718/reduced-sugar-strawberry-on-wheat-front-center.jpg#sha256=9beb7a19b7eae773edb3be3da25b0cd09a8b65c857d101b18970aa180a8778ac || OWNER_KEEP_LIVE_MAIN_PRODUCT_EXEMPLAR:data/audits/uncrustables-live-main-fetch-20260718-v1/assets/069-MF-AS0J-YRT4-B0H82NHQCL-fb8d8cc04357.jpg#sha256=fb8d8cc043578e711423f07094ee99576ef2ae6404e65138d21eab1aa58d6c66 || OFFICIAL_MANUFACTURER_EXACT_VARIANT_ART:data/audits/uncrustables-official-package-art-20260718/peanut-butter-strawberry-front-center.jpg#sha256=0bac4e5be6f0214a399f85293d26b71e0e5b12615115dc5b366d19a548318a64 || OWNER_KEEP_LIVE_MAIN_PRODUCT_EXEMPLAR:data/audits/uncrustables-live-main-fetch-20260718-v1/assets/032-EW-ASWP-PMZX-B0H891WSZ9-e5b7c0f09ad4.jpg#sha256=e5b7c0f09ad41fbf69c44ba2e15a0e029da8a750080d1bddcc9278b644cffc4f,false
