ordinal,listing_key,sku,asin,tier_count,identity_status,identity_reason_codes,target_regular_base,target_minimum,target_maximum,target_b2b,amazon_regular_base,regular_status,amazon_minimum,minimum_status,amazon_maximum,maximum_status,amazon_b2b,b2b_status,amazon_live_b2c,amazon_list_price,discounted_price_present,discounted_price_active,discounted_price_value,discounted_price_start_at,discounted_price_end_at,promo_arm,promo_lever,promo_discount_percent,promo_owner_approval_status,coupon_live_application_evidence,patch_disposition,patch_mismatch_fields,preserve_discounted_price_exactly,expected_listing_effective_after_patch,live_b2c_vs_expected_after_patch,channelmax_status,amazon_issue_codes
1,amazon:1:AC-AS4J-B64F,AC-AS4J-B64F,B0H82ZZS2P,24,EXACT_SCOPE_MATCH,,76.99,66.95,76.99,76.99,78.76,MISMATCH,66.95,MATCH,76.99,MATCH,76.99,MATCH,76.99,,false,false,,,,B,SALEPRICE_13,13,PROPOSED_OWNER_APPROVAL_REQUIRED,NOT_APPLICABLE,PATCH_REQUIRED,regular_base,true,76.99,MATCH,CANONICAL_CONFIRMED,18701|19038
2,amazon:1:AD-AS4H-QXZD,AD-AS4H-QXZD,B0H82J6V9T,24,EXACT_SCOPE_MATCH,,76.99,66.95,76.99,76.99,78.76,MISMATCH,66.95,MATCH,76.99,MATCH,76.22,MISMATCH,76.99,71.35,true,true,66.98,2026-07-14T00:00:00Z,2026-08-13T23:59:59Z,B,SALEPRICE_13,13,PROPOSED_OWNER_APPROVAL_REQUIRED,NOT_APPLICABLE,PATCH_REQUIRED,regular_base|b2b,true,66.98,MISMATCH,CANONICAL_CONFIRMED,19038
3,amazon:1:AG-ASKV-W9EN,AG-ASKV-W9EN,B0H85B64V2,24,EXACT_SCOPE_MATCH,,76.99,66.95,76.99,76.99,78.76,MISMATCH,66.95,MATCH,76.99,MATCH,76.22,MISMATCH,76.99,71.07,true,true,66.98,2026-07-14T00:00:00Z,2026-08-13T23:59:59Z,B,SALEPRICE_13,13,PROPOSED_OWNER_APPROVAL_REQUIRED,NOT_APPLICABLE,PATCH_REQUIRED,regular_base|b2b,true,66.98,MISMATCH,CANONICAL_CONFIRMED,19038
4,amazon:1:AJ-ASRB-HKC3,AJ-ASRB-HKC3,B0H84G7DHC,24,EXACT_SCOPE_MATCH,,76.99,66.95,76.99,76.99,71.14,MISMATCH,67.81,MISMATCH,78.53,MISMATCH,70.43,MISMATCH,71.14,78.53,true,true,66.98,2026-07-14T00:00:00Z,2026-08-13T23:59:59Z,B,SALEPRICE_13,13,PROPOSED_OWNER_APPROVAL_REQUIRED,NOT_APPLICABLE,PATCH_REQUIRED,regular_base|minimum|maximum|b2b,true,66.98,MISMATCH,CANONICAL_CONFIRMED,18155|18639
5,amazon:1:AN-ASUW-49Y5,AN-ASUW-49Y5,B0H8628LW3,24,EXACT_SCOPE_MATCH,,76.99,66.95,76.99,76.99,78.76,MISMATCH,66.95,MATCH,76.99,MATCH,76.22,MISMATCH,76.99,71.07,true,true,66.98,2026-07-14T00:00:00Z,2026-08-13T23:59:59Z,B,SALEPRICE_13,13,PROPOSED_OWNER_APPROVAL_REQUIRED,NOT_APPLICABLE,PATCH_REQUIRED,regular_base|b2b,true,66.98,MISMATCH,CANONICAL_CONFIRMED,19038
6,amazon:1:AU-AS97-USX8,AU-AS97-USX8,B0H843Q9B5,24,EXACT_SCOPE_MATCH,,76.99,66.95,76.99,76.99,78.76,MISMATCH,62.05,MISMATCH,76.99,MATCH,76.22,MISMATCH,76.99,76.99,false,false,,,,A,COUPON_13,13,PROPOSED_OWNER_APPROVAL_REQUIRED,UNKNOWN_NOT_EXPOSED_BY_SOURCE_SNAPSHOT,PATCH_REQUIRED,regular_base|minimum|b2b,true,76.99,MATCH,CANONICAL_CONFIRMED,19038
7,amazon:1:AV-AS7X-8EXK,AV-AS7X-8EXK,B0H82JTY19,45,EXACT_SCOPE_MATCH,,130.99,114.27,130.99,130.99,134.44,MISMATCH,114.27,MATCH,130.99,MATCH,129.68,MISMATCH,130.99,125.47,false,false,,,,A,COUPON_12,12,PROPOSED_OWNER_APPROVAL_REQUIRED,UNKNOWN_NOT_EXPOSED_BY_SOURCE_SNAPSHOT,PATCH_REQUIRED,regular_base|b2b,true,130.99,MATCH,CANONICAL_CONFIRMED,19038
8,amazon:1:AY-AS5F-JEY9,AY-AS5F-JEY9,B0H83MWTM7,120,EXACT_SCOPE_MATCH,,297.99,258.57,297.99,297.99,304.2,MISMATCH,258.57,MATCH,297.99,MATCH,279.09,MISMATCH,281.91,311.19,true,true,259.25,2026-07-14T00:00:00Z,2026-08-13T23:59:59Z,B,SALEPRICE_13,13,PROPOSED_OWNER_APPROVAL_REQUIRED,NOT_APPLICABLE,PATCH_REQUIRED,regular_base|b2b,true,259.25,MISMATCH,CANONICAL_CONFIRMED,19038
9,amazon:1:AZ-ASMY-VEQ2,AZ-ASMY-VEQ2,B0H788M8WM,30,EXACT_SCOPE_MATCH,,85.99,74.75,85.99,85.99,112.27,MISMATCH,74.75,MATCH,85.99,MATCH,88.05,MISMATCH,112.27,144.84,false,false,,,,A,COUPON_13,13,PROPOSED_OWNER_APPROVAL_REQUIRED,UNKNOWN_NOT_EXPOSED_BY_SOURCE_SNAPSHOT,PATCH_REQUIRED,regular_base|b2b,true,85.99,MISMATCH,CANONICAL_CONFIRMED,19038
10,amazon:1:BD-AS8P-XAW5,BD-AS8P-XAW5,B0H85MXFH8,24,EXACT_SCOPE_MATCH,,76.99,66.95,76.99,76.99,78.76,MISMATCH,66.95,MATCH,76.99,MATCH,70.17,MISMATCH,70.88,78.25,true,true,66.98,2026-07-14T00:00:00Z,2026-08-13T23:59:59Z,B,SALEPRICE_13,13,PROPOSED_OWNER_APPROVAL_REQUIRED,NOT_APPLICABLE,PATCH_REQUIRED,regular_base|b2b,true,66.98,MISMATCH,CANONICAL_CONFIRMED,19038
11,amazon:1:BD-ASGH-LREJ,BD-ASGH-LREJ,B0H86Z59DW,24,EXACT_SCOPE_MATCH,,76.99,66.95,76.99,76.99,78.76,MISMATCH,66.95,MATCH,76.99,MATCH,76.22,MISMATCH,76.99,71.07,false,false,,,,A,COUPON_13,13,PROPOSED_OWNER_APPROVAL_REQUIRED,UNKNOWN_NOT_EXPOSED_BY_SOURCE_SNAPSHOT,PATCH_REQUIRED,regular_base|b2b,true,76.99,MATCH,CANONICAL_CONFIRMED,19038
12,amazon:1:BH-AS7H-D4FV,BH-AS7H-D4FV,B0H853MCYZ,24,EXACT_SCOPE_MATCH,,76.99,66.95,76.99,76.99,78.76,MISMATCH,66.95,MATCH,76.99,MATCH,76.22,MISMATCH,76.99,71.07,true,true,66.98,2026-07-14T00:00:00Z,2026-08-13T23:59:59Z,B,SALEPRICE_13,13,PROPOSED_OWNER_APPROVAL_REQUIRED,NOT_APPLICABLE,PATCH_REQUIRED,regular_base|b2b,true,66.98,MISMATCH,CANONICAL_CONFIRMED,19038
13,amazon:1:BH-ASTN-S4XJ,BH-ASTN-S4XJ,B0H83ZRNCS,24,EXACT_SCOPE_MATCH,,76.99,66.95,76.99,76.99,78.76,MISMATCH,66.95,MATCH,76.99,MATCH,71.42,MISMATCH,72.14,78.25,false,false,,,,A,COUPON_13,13,PROPOSED_OWNER_APPROVAL_REQUIRED,UNKNOWN_NOT_EXPOSED_BY_SOURCE_SNAPSHOT,PATCH_REQUIRED,regular_base|b2b,true,76.99,MISMATCH,CANONICAL_CONFIRMED,19038
14,amazon:1:BH-ASVY-CR8H,BH-ASVY-CR8H,B0H83S368B,120,EXACT_SCOPE_MATCH,,297.99,258.57,297.99,297.99,304.2,MISMATCH,258.57,MATCH,297.99,MATCH,295.01,MISMATCH,297.99,313.95,false,false,,,,A,COUPON_13,13,PROPOSED_OWNER_APPROVAL_REQUIRED,UNKNOWN_NOT_EXPOSED_BY_SOURCE_SNAPSHOT,PATCH_REQUIRED,regular_base|b2b,true,297.99,MATCH,CANONICAL_CONFIRMED,19038
15,amazon:1:BK-AS5Z-8UY5,BK-AS5Z-8UY5,B0H85JF1V1,24,EXACT_SCOPE_MATCH,,76.99,66.95,76.99,76.99,78.76,MISMATCH,66.95,MATCH,76.99,MATCH,76.22,MISMATCH,76.99,70.8,false,false,,,,A,COUPON_13,13,PROPOSED_OWNER_APPROVAL_REQUIRED,UNKNOWN_NOT_EXPOSED_BY_SOURCE_SNAPSHOT,PATCH_REQUIRED,regular_base|b2b,true,76.99,MATCH,CANONICAL_CONFIRMED,19038
16,amazon:1:BM-AS5J-3MQY,BM-AS5J-3MQY,B0H83LSCQQ,90,EXACT_SCOPE_MATCH,,252.99,219.57,252.99,252.99,271.91,MISMATCH,219.57,MATCH,252.99,MATCH,250.46,MISMATCH,271.91,300.15,false,false,,,,A,COUPON_13,13,PROPOSED_OWNER_APPROVAL_REQUIRED,UNKNOWN_NOT_EXPOSED_BY_SOURCE_SNAPSHOT,PATCH_REQUIRED,regular_base|b2b,true,252.99,MISMATCH,CANONICAL_CONFIRMED,19038
17,amazon:1:BQ-ASUE-NT37,BQ-ASUE-NT37,B0H842HL49,24,EXACT_SCOPE_MATCH,,76.99,66.95,76.99,76.99,78.76,MISMATCH,66.95,MATCH,76.99,MATCH,70.17,MISMATCH,70.88,78.25,true,true,66.98,2026-07-14T00:00:00Z,2026-08-13T23:59:59Z,B,SALEPRICE_13,13,PROPOSED_OWNER_APPROVAL_REQUIRED,NOT_APPLICABLE,PATCH_REQUIRED,regular_base|b2b,true,66.98,MISMATCH,CANONICAL_CONFIRMED,19038
18,amazon:1:BX-AS5P-6WQV,BX-AS5P-6WQV,B0H83NM5PX,120,EXACT_SCOPE_MATCH,,297.99,258.57,297.99,297.99,366.91,MISMATCH,258.57,MATCH,297.99,MATCH,295.01,MISMATCH,366.91,405.03,false,false,,,,A,COUPON_13,13,PROPOSED_OWNER_APPROVAL_REQUIRED,UNKNOWN_NOT_EXPOSED_BY_SOURCE_SNAPSHOT,PATCH_REQUIRED,regular_base|b2b,true,297.99,MISMATCH,CANONICAL_CONFIRMED,19038
19,amazon:1:BY-ASY2-8UJJ,BY-ASY2-8UJJ,B0H83789KC,30,EXACT_SCOPE_MATCH,,85.99,74.75,85.99,85.99,87.94,MISMATCH,74.75,MATCH,85.99,MATCH,85.13,MISMATCH,85.99,84.18,false,false,,,,A,COUPON_13,13,PROPOSED_OWNER_APPROVAL_REQUIRED,UNKNOWN_NOT_EXPOSED_BY_SOURCE_SNAPSHOT,PATCH_REQUIRED,regular_base|b2b,true,85.99,MATCH,CANONICAL_CONFIRMED,19038
20,amazon:1:CE-ASGK-ZRHM,CE-ASGK-ZRHM,B0H84651LM,24,EXACT_SCOPE_MATCH,,76.99,66.95,76.99,76.99,79.39,MISMATCH,66.95,MATCH,76.99,MATCH,78.6,MISMATCH,79.39,87.63,true,true,66.98,2026-07-14T00:00:00Z,2026-08-13T23:59:59Z,B,SALEPRICE_13,13,PROPOSED_OWNER_APPROVAL_REQUIRED,NOT_APPLICABLE,PATCH_REQUIRED,regular_base|b2b,true,66.98,MISMATCH,CANONICAL_CONFIRMED,19038
21,amazon:1:CK-ASUM-WT9W,CK-ASUM-WT9W,B0H86PRTWS,24,EXACT_SCOPE_MATCH,,76.99,66.95,76.99,76.99,78.76,MISMATCH,66.95,MATCH,76.99,MATCH,76.22,MISMATCH,76.99,80.46,false,false,,,,A,COUPON_13,13,PROPOSED_OWNER_APPROVAL_REQUIRED,UNKNOWN_NOT_EXPOSED_BY_SOURCE_SNAPSHOT,PATCH_REQUIRED,regular_base|b2b,true,76.99,MATCH,CANONICAL_CONFIRMED,19038
22,amazon:1:CN-ASG6-892G,CN-ASG6-892G,B0H8422DQ1,120,EXACT_SCOPE_MATCH,,297.99,258.57,297.99,297.99,304.2,MISMATCH,258.57,MATCH,297.99,MATCH,281.56,MISMATCH,284.4,313.95,true,true,259.25,2026-07-14T00:00:00Z,2026-08-13T23:59:59Z,B,SALEPRICE_13,13,PROPOSED_OWNER_APPROVAL_REQUIRED,NOT_APPLICABLE,PATCH_REQUIRED,regular_base|b2b,true,259.25,MISMATCH,CANONICAL_CONFIRMED,19038
23,amazon:1:DA-ASF0-D7RG,DA-ASF0-D7RG,B0H83VBTLT,90,EXACT_SCOPE_MATCH,,252.99,219.57,252.99,252.99,258.32,MISMATCH,219.57,MATCH,252.99,MATCH,219.57,MISMATCH,221.27,244.26,true,true,220.1,2026-07-14T00:00:00Z,2026-08-13T23:59:59Z,B,SALEPRICE_13,13,PROPOSED_OWNER_APPROVAL_REQUIRED,NOT_APPLICABLE,PATCH_REQUIRED,regular_base|b2b,true,220.1,MISMATCH,CANONICAL_CONFIRMED,19038
24,amazon:1:DF-ASQT-BLUQ,DF-ASQT-BLUQ,B0H83FKSN6,45,EXACT_SCOPE_MATCH,,130.99,114.27,130.99,130.99,134.44,MISMATCH,114.27,MATCH,130.99,MATCH,114.27,MISMATCH,114.59,126.5,true,true,114.27,2026-07-14T00:00:00Z,2026-08-13T23:59:59Z,B,SALEPRICE_12,12,PROPOSED_OWNER_APPROVAL_REQUIRED,NOT_APPLICABLE,PATCH_REQUIRED,regular_base|b2b,true,114.27,MISMATCH,CANONICAL_CONFIRMED,19038
25,amazon:1:DP-ASQ6-ZPZU,DP-ASQ6-ZPZU,B0H83Y8JH7,24,EXACT_SCOPE_MATCH,,76.99,66.95,76.99,76.99,78.76,MISMATCH,68.29,MISMATCH,79.08,MISMATCH,76.22,MISMATCH,76.99,76.99,false,false,,,,A,COUPON_13,13,PROPOSED_OWNER_APPROVAL_REQUIRED,UNKNOWN_NOT_EXPOSED_BY_SOURCE_SNAPSHOT,PATCH_REQUIRED,regular_base|minimum|maximum|b2b,true,76.99,MATCH,CANONICAL_CONFIRMED,
26,amazon:1:DY-AS8W-6MJG,DY-AS8W-6MJG,B0H82MKPRJ,45,EXACT_SCOPE_MATCH,,130.99,114.27,130.99,130.99,145.54,MISMATCH,114.27,MATCH,130.99,MATCH,129.68,MISMATCH,145.54,160.66,false,false,,,,A,COUPON_12,12,PROPOSED_OWNER_APPROVAL_REQUIRED,UNKNOWN_NOT_EXPOSED_BY_SOURCE_SNAPSHOT,PATCH_REQUIRED,regular_base|b2b,true,130.99,MISMATCH,CANONICAL_CONFIRMED,19038
27,amazon:1:EF-AS4A-JCLU,EF-AS4A-JCLU,B0H83XB855,24,EXACT_SCOPE_MATCH,,76.99,66.95,76.99,76.99,71.14,MISMATCH,67.81,MISMATCH,78.53,MISMATCH,70.43,MISMATCH,71.14,78.53,true,true,66.98,2026-07-14T00:00:00Z,2026-08-13T23:59:59Z,B,SALEPRICE_13,13,PROPOSED_OWNER_APPROVAL_REQUIRED,NOT_APPLICABLE,PATCH_REQUIRED,regular_base|minimum|maximum|b2b,true,66.98,MISMATCH,CANONICAL_CONFIRMED,18155|18639
28,amazon:1:EJ-ASCD-8K87,EJ-ASCD-8K87,B0H82PXWKS,90,EXACT_SCOPE_MATCH,,252.99,219.57,252.99,252.99,258.32,MISMATCH,219.57,MATCH,252.99,MATCH,220.91,MISMATCH,223.14,246.33,true,true,220.1,2026-07-14T00:00:00Z,2026-08-13T23:59:59Z,B,SALEPRICE_13,13,PROPOSED_OWNER_APPROVAL_REQUIRED,NOT_APPLICABLE,PATCH_REQUIRED,regular_base|b2b,true,220.1,MISMATCH,CANONICAL_CONFIRMED,19038
29,amazon:1:ER-ASRK-TPYQ,ER-ASRK-TPYQ,B0H84JH1WN,24,EXACT_SCOPE_MATCH,,76.99,66.95,76.99,76.99,78.76,MISMATCH,66.95,MATCH,76.99,MATCH,76.22,MISMATCH,76.99,80.46,false,false,,,,A,COUPON_13,13,PROPOSED_OWNER_APPROVAL_REQUIRED,UNKNOWN_NOT_EXPOSED_BY_SOURCE_SNAPSHOT,PATCH_REQUIRED,regular_base|b2b,true,76.99,MATCH,CANONICAL_CONFIRMED,19038
30,amazon:1:ES-AS8A-3W3M,ES-AS8A-3W3M,B0H83D8TFQ,30,EXACT_SCOPE_MATCH,,85.99,74.75,85.99,85.99,87.94,MISMATCH,74.75,MATCH,85.99,MATCH,85.13,MISMATCH,85.99,84.87,false,false,,,,A,COUPON_13,13,PROPOSED_OWNER_APPROVAL_REQUIRED,UNKNOWN_NOT_EXPOSED_BY_SOURCE_SNAPSHOT,PATCH_REQUIRED,regular_base|b2b,true,85.99,MATCH,CANONICAL_CONFIRMED,19038
31,amazon:1:EW-ASJ9-E79N,EW-ASJ9-E79N,B0H82MT74H,30,EXACT_SCOPE_MATCH,,85.99,74.75,85.99,85.99,87.94,MISMATCH,74.75,MATCH,85.99,MATCH,76.11,MISMATCH,76.88,84.87,true,true,74.81,2026-07-14T00:00:00Z,2026-08-13T23:59:59Z,B,SALEPRICE_13,13,PROPOSED_OWNER_APPROVAL_REQUIRED,NOT_APPLICABLE,PATCH_REQUIRED,regular_base|b2b,true,74.81,MISMATCH,CANONICAL_CONFIRMED,19038
32,amazon:1:EW-ASWP-PMZX,EW-ASWP-PMZX,B0H891WSZ9,30,EXACT_SCOPE_MATCH,,85.99,74.75,85.99,85.99,87.94,MISMATCH,74.75,MATCH,85.99,MATCH,75.5,MISMATCH,87.94,84.18,true,true,74.81,2026-07-14T00:00:00Z,2026-08-13T23:59:59Z,B,SALEPRICE_13,13,PROPOSED_OWNER_APPROVAL_REQUIRED,NOT_APPLICABLE,PATCH_REQUIRED,regular_base|b2b,true,74.81,MISMATCH,CANONICAL_CONFIRMED,19038
33,amazon:1:EX-ASC0-5CRL,EX-ASC0-5CRL,B0H83JJW1F,120,EXACT_SCOPE_MATCH,,297.99,258.57,297.99,297.99,349.41,MISMATCH,258.57,MATCH,297.99,MATCH,295.01,MISMATCH,349.41,385.71,true,true,259.25,2026-07-14T00:00:00Z,2026-08-13T23:59:59Z,B,SALEPRICE_13,13,PROPOSED_OWNER_APPROVAL_REQUIRED,NOT_APPLICABLE,PATCH_REQUIRED,regular_base|b2b,true,259.25,MISMATCH,CANONICAL_CONFIRMED,19038
34,amazon:1:EZ-ASLA-Y7MZ,EZ-ASLA-Y7MZ,B0H83GBJLW,90,EXACT_SCOPE_MATCH,,252.99,219.57,252.99,252.99,258.32,MISMATCH,219.57,MATCH,252.99,MATCH,250.46,MISMATCH,252.99,244.26,false,false,,,,A,COUPON_13,13,PROPOSED_OWNER_APPROVAL_REQUIRED,UNKNOWN_NOT_EXPOSED_BY_SOURCE_SNAPSHOT,PATCH_REQUIRED,regular_base|b2b,true,252.99,MATCH,CANONICAL_CONFIRMED,19038
35,amazon:1:FK-AS6B-6G25,FK-AS6B-6G25,B0H8259J9G,24,EXACT_SCOPE_MATCH,,76.99,66.95,76.99,76.99,78.76,MISMATCH,66.95,MATCH,76.99,MATCH,76.22,MISMATCH,76.99,70.8,false,false,,,,A,COUPON_13,13,PROPOSED_OWNER_APPROVAL_REQUIRED,UNKNOWN_NOT_EXPOSED_BY_SOURCE_SNAPSHOT,PATCH_REQUIRED,regular_base|b2b,true,76.99,MATCH,CANONICAL_CONFIRMED,19038
36,amazon:1:FM-AS51-S4MT,FM-AS51-S4MT,B0H853VHRF,24,EXACT_SCOPE_MATCH,,76.99,66.95,76.99,76.99,78.76,MISMATCH,66.95,MATCH,76.99,MATCH,76.22,MISMATCH,76.99,71.07,true,true,66.98,2026-07-14T00:00:00Z,2026-08-13T23:59:59Z,B,SALEPRICE_13,13,PROPOSED_OWNER_APPROVAL_REQUIRED,NOT_APPLICABLE,PATCH_REQUIRED,regular_base|b2b,true,66.98,MISMATCH,CANONICAL_CONFIRMED,19038
37,amazon:1:FN-ASVM-UWAG,FN-ASVM-UWAG,B0H85J88LJ,24,EXACT_SCOPE_MATCH,,76.99,66.95,76.99,76.99,78.76,MISMATCH,66.95,MATCH,76.99,MATCH,76.22,MISMATCH,76.99,71.63,true,true,66.98,2026-07-14T00:00:00Z,2026-08-13T23:59:59Z,B,SALEPRICE_13,13,PROPOSED_OWNER_APPROVAL_REQUIRED,NOT_APPLICABLE,PATCH_REQUIRED,regular_base|b2b,true,66.98,MISMATCH,CANONICAL_CONFIRMED,19038
38,amazon:1:FR-AS6X-5KJY,FR-AS6X-5KJY,B0H827V9DJ,24,EXACT_SCOPE_MATCH,,76.99,66.95,76.99,76.99,78.76,MISMATCH,66.95,MATCH,76.99,MATCH,76.22,MISMATCH,76.99,71.35,false,false,,,,A,COUPON_13,13,PROPOSED_OWNER_APPROVAL_REQUIRED,UNKNOWN_NOT_EXPOSED_BY_SOURCE_SNAPSHOT,PATCH_REQUIRED,regular_base|b2b,true,76.99,MATCH,CANONICAL_CONFIRMED,19038
39,amazon:1:FV-AS47-EJZW,FV-AS47-EJZW,B0H82SZSYJ,45,EXACT_SCOPE_MATCH,,130.99,114.27,130.99,130.99,134.44,MISMATCH,114.27,MATCH,130.99,MATCH,129.68,MISMATCH,130.99,125.47,true,true,114.27,2026-07-14T00:00:00Z,2026-08-13T23:59:59Z,B,SALEPRICE_12,12,PROPOSED_OWNER_APPROVAL_REQUIRED,NOT_APPLICABLE,PATCH_REQUIRED,regular_base|b2b,true,114.27,MISMATCH,CANONICAL_CONFIRMED,19038
40,amazon:1:FX-AS2W-KHZT,FX-AS2W-KHZT,B0H827J2XZ,24,EXACT_SCOPE_MATCH,,76.99,66.95,76.99,76.99,76.99,MATCH,74.05,MISMATCH,85.7,MISMATCH,76.22,MISMATCH,76.99,76.99,true,true,66.98,2026-07-14T00:00:00Z,2026-08-13T23:59:59Z,B,SALEPRICE_13,13,PROPOSED_OWNER_APPROVAL_REQUIRED,NOT_APPLICABLE,PATCH_REQUIRED,minimum|maximum|b2b,true,66.98,MISMATCH,CANONICAL_CONFIRMED,18155|18639
41,amazon:1:GG-ASNC-C9WA,GG-ASNC-C9WA,B0H8219Z7T,30,EXACT_SCOPE_MATCH,,85.99,74.75,85.99,85.99,87.94,MISMATCH,74.75,MATCH,85.99,MATCH,76.11,MISMATCH,76.88,84.87,true,true,74.81,2026-07-14T00:00:00Z,2026-08-13T23:59:59Z,B,SALEPRICE_13,13,PROPOSED_OWNER_APPROVAL_REQUIRED,NOT_APPLICABLE,PATCH_REQUIRED,regular_base|b2b,true,74.81,MISMATCH,CANONICAL_CONFIRMED,19038
42,amazon:1:GR-AS0R-YPCF,GR-AS0R-YPCF,B0H82GJ292,30,EXACT_SCOPE_MATCH,,85.99,74.75,85.99,85.99,87.94,MISMATCH,74.75,MATCH,85.99,MATCH,77.35,MISMATCH,78.13,86.25,true,true,74.81,2026-07-14T00:00:00Z,2026-08-13T23:59:59Z,B,SALEPRICE_13,13,PROPOSED_OWNER_APPROVAL_REQUIRED,NOT_APPLICABLE,PATCH_REQUIRED,regular_base|b2b,true,74.81,MISMATCH,CANONICAL_CONFIRMED,19038
43,amazon:1:GR-AS1P-DBB2,GR-AS1P-DBB2,B0H82S7TFG,24,EXACT_SCOPE_MATCH,,76.99,66.95,76.99,76.99,78.76,MISMATCH,66.95,MATCH,76.99,MATCH,76.22,MISMATCH,76.99,70.8,true,true,66.98,2026-07-14T00:00:00Z,2026-08-13T23:59:59Z,B,SALEPRICE_13,13,PROPOSED_OWNER_APPROVAL_REQUIRED,NOT_APPLICABLE,PATCH_REQUIRED,regular_base|b2b,true,66.98,MISMATCH,CANONICAL_CONFIRMED,19038
44,amazon:1:GU-ASQ1-S7M6,GU-ASQ1-S7M6,B0H828GQLP,30,EXACT_SCOPE_MATCH,,85.99,74.75,85.99,85.99,87.94,MISMATCH,74.75,MATCH,85.99,MATCH,85.13,MISMATCH,85.99,84.87,false,false,,,,A,COUPON_13,13,PROPOSED_OWNER_APPROVAL_REQUIRED,UNKNOWN_NOT_EXPOSED_BY_SOURCE_SNAPSHOT,PATCH_REQUIRED,regular_base|b2b,true,85.99,MATCH,CANONICAL_CONFIRMED,19038
45,amazon:1:GX-ASTJ-WHV3,GX-ASTJ-WHV3,B0H83XV9WX,24,EXACT_SCOPE_MATCH,,76.99,66.95,76.99,76.99,76.99,MATCH,74.05,MISMATCH,85.7,MISMATCH,76.22,MISMATCH,76.99,76.99,true,true,66.98,2026-07-14T00:00:00Z,2026-08-13T23:59:59Z,B,SALEPRICE_13,13,PROPOSED_OWNER_APPROVAL_REQUIRED,NOT_APPLICABLE,PATCH_REQUIRED,minimum|maximum|b2b,true,66.98,MISMATCH,CANONICAL_CONFIRMED,18155|18639
46,amazon:1:HA-ASCR-ME3A,HA-ASCR-ME3A,B0H85V287S,24,EXACT_SCOPE_MATCH,,76.99,66.95,76.99,76.99,86.38,MISMATCH,66.95,MATCH,76.99,MATCH,79.75,MISMATCH,86.38,78.53,false,false,,,,A,COUPON_13,13,PROPOSED_OWNER_APPROVAL_REQUIRED,UNKNOWN_NOT_EXPOSED_BY_SOURCE_SNAPSHOT,PATCH_REQUIRED,regular_base|b2b,true,76.99,MISMATCH,CANONICAL_CONFIRMED,19038
47,amazon:1:HD-ASEQ-MFAY,HD-ASEQ-MFAY,B0H83QW85C,90,EXACT_SCOPE_MATCH,,252.99,219.57,252.99,252.99,271.91,MISMATCH,219.57,MATCH,252.99,MATCH,250.46,MISMATCH,271.91,300.15,true,true,220.1,2026-07-14T00:00:00Z,2026-08-13T23:59:59Z,B,SALEPRICE_13,13,PROPOSED_OWNER_APPROVAL_REQUIRED,NOT_APPLICABLE,PATCH_REQUIRED,regular_base|b2b,true,220.1,MISMATCH,CANONICAL_CONFIRMED,19038
48,amazon:1:HR-AS7Q-7ZDF,HR-AS7Q-7ZDF,B0H856RRRK,24,EXACT_SCOPE_MATCH,,76.99,66.95,76.99,76.99,78.76,MISMATCH,66.95,MATCH,76.99,MATCH,76.22,MISMATCH,76.99,76.99,false,false,,,,A,COUPON_13,13,PROPOSED_OWNER_APPROVAL_REQUIRED,UNKNOWN_NOT_EXPOSED_BY_SOURCE_SNAPSHOT,PATCH_REQUIRED,regular_base|b2b,true,76.99,MATCH,CANONICAL_CONFIRMED,19038
49,amazon:1:HU-ASMI-DN3X,HU-ASMI-DN3X,B0H82YMT6K,30,EXACT_SCOPE_MATCH,,85.99,74.75,85.99,85.99,97.51,MISMATCH,74.75,MATCH,85.99,MATCH,85.13,MISMATCH,97.51,107.64,true,true,74.81,2026-07-14T00:00:00Z,2026-08-13T23:59:59Z,B,SALEPRICE_13,13,PROPOSED_OWNER_APPROVAL_REQUIRED,NOT_APPLICABLE,PATCH_REQUIRED,regular_base|b2b,true,74.81,MISMATCH,CANONICAL_CONFIRMED,19038
50,amazon:1:HX-ASO8-XCL2,HX-ASO8-XCL2,B0H832SD15,45,EXACT_SCOPE_MATCH,,130.99,114.27,130.99,130.99,134.44,MISMATCH,114.27,MATCH,130.99,MATCH,129.68,MISMATCH,130.99,125.47,false,false,,,,A,COUPON_12,12,PROPOSED_OWNER_APPROVAL_REQUIRED,UNKNOWN_NOT_EXPOSED_BY_SOURCE_SNAPSHOT,PATCH_REQUIRED,regular_base|b2b,true,130.99,MATCH,CANONICAL_CONFIRMED,19038
51,amazon:1:HZ-ASPS-4L22,HZ-ASPS-4L22,B0H857K38C,24,EXACT_SCOPE_MATCH,,76.99,66.95,76.99,76.99,78.76,MISMATCH,66.95,MATCH,76.99,MATCH,76.22,MISMATCH,76.99,80.18,false,false,,,,A,COUPON_13,13,PROPOSED_OWNER_APPROVAL_REQUIRED,UNKNOWN_NOT_EXPOSED_BY_SOURCE_SNAPSHOT,PATCH_REQUIRED,regular_base|b2b,true,76.99,MATCH,CANONICAL_CONFIRMED,19038
52,amazon:1:JC-ASM4-XXW7,JC-ASM4-XXW7,B0H84ZL156,24,EXACT_SCOPE_MATCH,,76.99,66.95,76.99,76.99,86.08,MISMATCH,66.95,MATCH,76.99,MATCH,79.47,MISMATCH,86.08,78.25,false,false,,,,A,COUPON_13,13,PROPOSED_OWNER_APPROVAL_REQUIRED,UNKNOWN_NOT_EXPOSED_BY_SOURCE_SNAPSHOT,PATCH_REQUIRED,regular_base|b2b,true,76.99,MISMATCH,CANONICAL_CONFIRMED,19038
53,amazon:1:JH-ASV9-Z46X,JH-ASV9-Z46X,B0H8369PMK,24,EXACT_SCOPE_MATCH,,76.99,66.95,76.99,76.99,77.64,MISMATCH,66.95,MATCH,76.99,MATCH,77.39,MISMATCH,77.64,85.7,false,false,,,,A,COUPON_13,13,PROPOSED_OWNER_APPROVAL_REQUIRED,UNKNOWN_NOT_EXPOSED_BY_SOURCE_SNAPSHOT,PATCH_REQUIRED,regular_base|b2b,true,76.99,MISMATCH,CANONICAL_CONFIRMED,19038
54,amazon:1:JL-ASUC-JUZE,JL-ASUC-JUZE,B0H831MXGD,45,EXACT_SCOPE_MATCH,,130.99,114.27,130.99,130.99,134.44,MISMATCH,114.27,MATCH,130.99,MATCH,114.27,MISMATCH,114.59,126.5,true,true,114.27,2026-07-14T00:00:00Z,2026-08-13T23:59:59Z,B,SALEPRICE_12,12,PROPOSED_OWNER_APPROVAL_REQUIRED,NOT_APPLICABLE,PATCH_REQUIRED,regular_base|b2b,true,114.27,MISMATCH,CANONICAL_CONFIRMED,19038
55,amazon:1:JS-AS5F-QB8T,JS-AS5F-QB8T,B0H822TJ7C,30,EXACT_SCOPE_MATCH,,85.99,74.75,85.99,85.99,93.13,MISMATCH,74.75,MATCH,85.99,MATCH,85.13,MISMATCH,93.13,102.81,true,true,74.81,2026-07-14T00:00:00Z,2026-08-13T23:59:59Z,B,SALEPRICE_13,13,PROPOSED_OWNER_APPROVAL_REQUIRED,NOT_APPLICABLE,PATCH_REQUIRED,regular_base|b2b,true,74.81,MISMATCH,CANONICAL_CONFIRMED,19038
56,amazon:1:JT-ASKD-KS8T,JT-ASKD-KS8T,B0H83Z6S3Q,120,EXACT_SCOPE_MATCH,,297.99,258.57,297.99,297.99,304.2,MISMATCH,258.57,MATCH,297.99,MATCH,295.01,MISMATCH,297.99,311.19,false,false,,,,A,COUPON_13,13,PROPOSED_OWNER_APPROVAL_REQUIRED,UNKNOWN_NOT_EXPOSED_BY_SOURCE_SNAPSHOT,PATCH_REQUIRED,regular_base|b2b,true,297.99,MATCH,CANONICAL_CONFIRMED,19038
57,amazon:1:JU-ASM0-KV4Z,JU-ASM0-KV4Z,B0H8462L4S,24,EXACT_SCOPE_MATCH,,76.99,66.95,76.99,76.99,78.76,MISMATCH,66.95,MATCH,76.99,MATCH,76.22,MISMATCH,76.99,71.07,false,false,,,,A,COUPON_13,13,PROPOSED_OWNER_APPROVAL_REQUIRED,UNKNOWN_NOT_EXPOSED_BY_SOURCE_SNAPSHOT,PATCH_REQUIRED,regular_base|b2b,true,76.99,MATCH,CANONICAL_CONFIRMED,19038
58,amazon:1:JU-ASYC-SSJD,JU-ASYC-SSJD,B0H854C7SZ,24,EXACT_SCOPE_MATCH,,76.99,66.95,76.99,76.99,78.76,MISMATCH,66.95,MATCH,76.99,MATCH,76.22,MISMATCH,76.99,70.8,false,false,,,,A,COUPON_13,13,PROPOSED_OWNER_APPROVAL_REQUIRED,UNKNOWN_NOT_EXPOSED_BY_SOURCE_SNAPSHOT,PATCH_REQUIRED,regular_base|b2b,true,76.99,MATCH,CANONICAL_CONFIRMED,19038
59,amazon:1:JY-ASPW-LB4K,JY-ASPW-LB4K,B0H84621N6,24,EXACT_SCOPE_MATCH,,76.99,66.95,76.99,76.99,71.14,MISMATCH,67.81,MISMATCH,78.53,MISMATCH,70.43,MISMATCH,71.14,78.53,true,true,66.98,2026-07-14T00:00:00Z,2026-08-13T23:59:59Z,B,SALEPRICE_13,13,PROPOSED_OWNER_APPROVAL_REQUIRED,NOT_APPLICABLE,PATCH_REQUIRED,regular_base|minimum|maximum|b2b,true,66.98,MISMATCH,CANONICAL_CONFIRMED,18155|18639
60,amazon:1:KD-AS12-8HZ3,KD-AS12-8HZ3,B0H845JBM6,24,EXACT_SCOPE_MATCH,,76.99,66.95,76.99,76.99,78.76,MISMATCH,44.29,MISMATCH,76.99,MATCH,51.77,MISMATCH,52.29,76.99,false,false,,,,A,COUPON_13,13,PROPOSED_OWNER_APPROVAL_REQUIRED,UNKNOWN_NOT_EXPOSED_BY_SOURCE_SNAPSHOT,PATCH_REQUIRED,regular_base|minimum|b2b,true,76.99,MISMATCH,CANONICAL_CONFIRMED,19038
61,amazon:1:KN-ASYZ-ST4M,KN-ASYZ-ST4M,B0H83XBXHX,24,EXACT_SCOPE_MATCH,,76.99,66.95,76.99,76.99,77.52,MISMATCH,66.95,MATCH,76.99,MATCH,76.22,MISMATCH,77.52,78.53,false,false,,,,A,COUPON_13,13,PROPOSED_OWNER_APPROVAL_REQUIRED,UNKNOWN_NOT_EXPOSED_BY_SOURCE_SNAPSHOT,PATCH_REQUIRED,regular_base|b2b,true,76.99,MISMATCH,CANONICAL_CONFIRMED,19038
62,amazon:1:KP-ASYC-RN84,KP-ASYC-RN84,B0H83FYZR3,90,EXACT_SCOPE_MATCH,,252.99,219.57,252.99,252.99,285.02,MISMATCH,219.57,MATCH,252.99,MATCH,250.46,MISMATCH,285.02,314.64,true,true,220.1,2026-07-14T00:00:00Z,2026-08-13T23:59:59Z,B,SALEPRICE_13,13,PROPOSED_OWNER_APPROVAL_REQUIRED,NOT_APPLICABLE,PATCH_REQUIRED,regular_base|b2b,true,220.1,MISMATCH,CANONICAL_CONFIRMED,19038
63,amazon:1:LH-ASP7-KZR4,LH-ASP7-KZR4,B0H82XNFRW,90,EXACT_SCOPE_MATCH,,252.99,219.57,252.99,252.99,258.32,MISMATCH,219.57,MATCH,252.99,MATCH,250.46,MISMATCH,252.99,244.26,false,false,,,,A,COUPON_13,13,PROPOSED_OWNER_APPROVAL_REQUIRED,UNKNOWN_NOT_EXPOSED_BY_SOURCE_SNAPSHOT,PATCH_REQUIRED,regular_base|b2b,true,252.99,MATCH,CANONICAL_CONFIRMED,19038
64,amazon:1:LJ-ASYO-FWJK,LJ-ASYO-FWJK,B0H853SHVC,24,EXACT_SCOPE_MATCH,,76.99,66.95,76.99,76.99,78.76,MISMATCH,66.95,MATCH,76.99,MATCH,76.22,MISMATCH,76.99,71.07,false,false,,,,A,COUPON_13,13,PROPOSED_OWNER_APPROVAL_REQUIRED,UNKNOWN_NOT_EXPOSED_BY_SOURCE_SNAPSHOT,PATCH_REQUIRED,regular_base|b2b,true,76.99,MATCH,CANONICAL_CONFIRMED,19038
65,amazon:1:LK-AS7X-K43B,LK-AS7X-K43B,B0H84CGGXL,24,EXACT_SCOPE_MATCH,,76.99,66.95,76.99,76.99,78.76,MISMATCH,66.95,MATCH,76.99,MATCH,76.22,MISMATCH,76.99,71.07,false,false,,,,A,COUPON_13,13,PROPOSED_OWNER_APPROVAL_REQUIRED,UNKNOWN_NOT_EXPOSED_BY_SOURCE_SNAPSHOT,PATCH_REQUIRED,regular_base|b2b,true,76.99,MATCH,CANONICAL_CONFIRMED,19038
66,amazon:1:LP-AS9J-HSVB,LP-AS9J-HSVB,B0H82B7KK1,24,EXACT_SCOPE_MATCH,,76.99,66.95,76.99,76.99,78.76,MISMATCH,66.95,MATCH,76.99,MATCH,76.22,MISMATCH,76.99,71.35,false,false,,,,A,COUPON_13,13,PROPOSED_OWNER_APPROVAL_REQUIRED,UNKNOWN_NOT_EXPOSED_BY_SOURCE_SNAPSHOT,PATCH_REQUIRED,regular_base|b2b,true,76.99,MATCH,CANONICAL_CONFIRMED,19038
67,amazon:1:LU-ASK0-LSDF,LU-ASK0-LSDF,B0H84YZDB7,24,EXACT_SCOPE_MATCH,,76.99,66.95,76.99,76.99,78.76,MISMATCH,66.95,MATCH,76.99,MATCH,76.22,MISMATCH,76.99,71.63,true,true,66.98,2026-07-14T00:00:00Z,2026-08-13T23:59:59Z,B,SALEPRICE_13,13,PROPOSED_OWNER_APPROVAL_REQUIRED,NOT_APPLICABLE,PATCH_REQUIRED,regular_base|b2b,true,66.98,MISMATCH,CANONICAL_CONFIRMED,19038
68,amazon:1:ME-AS1I-SEX2,ME-AS1I-SEX2,B0H83RVHNF,90,EXACT_SCOPE_MATCH,,252.99,219.57,252.99,252.99,258.32,MISMATCH,219.57,MATCH,252.99,MATCH,250.46,MISMATCH,252.99,246.33,false,false,,,,A,COUPON_13,13,PROPOSED_OWNER_APPROVAL_REQUIRED,UNKNOWN_NOT_EXPOSED_BY_SOURCE_SNAPSHOT,PATCH_REQUIRED,regular_base|b2b,true,252.99,MATCH,CANONICAL_CONFIRMED,19038
69,amazon:1:MF-AS0J-YRT4,MF-AS0J-YRT4,B0H82NHQCL,24,EXACT_SCOPE_MATCH,,76.99,66.95,76.99,76.99,78.76,MISMATCH,66.95,MATCH,76.99,MATCH,76.22,MISMATCH,76.99,70.8,false,false,,,,A,COUPON_13,13,PROPOSED_OWNER_APPROVAL_REQUIRED,UNKNOWN_NOT_EXPOSED_BY_SOURCE_SNAPSHOT,PATCH_REQUIRED,regular_base|b2b,true,76.99,MATCH,CANONICAL_CONFIRMED,19038
70,amazon:1:MP-ASYO-QNU2,MP-ASYO-QNU2,B0H84Z9KWL,24,EXACT_SCOPE_MATCH,,76.99,66.95,76.99,76.99,78.76,MISMATCH,66.95,MATCH,76.99,MATCH,76.22,MISMATCH,76.99,71.07,true,true,66.98,2026-07-14T00:00:00Z,2026-08-13T23:59:59Z,B,SALEPRICE_13,13,PROPOSED_OWNER_APPROVAL_REQUIRED,NOT_APPLICABLE,PATCH_REQUIRED,regular_base|b2b,true,66.98,MISMATCH,CANONICAL_CONFIRMED,19038
71,amazon:1:MP-ASZ9-TKE7,MP-ASZ9-TKE7,B0H837HLKC,30,EXACT_SCOPE_MATCH,,85.99,74.75,85.99,85.99,93.13,MISMATCH,74.75,MATCH,85.99,MATCH,85.13,MISMATCH,93.13,102.81,true,true,74.81,2026-07-14T00:00:00Z,2026-08-13T23:59:59Z,B,SALEPRICE_13,13,PROPOSED_OWNER_APPROVAL_REQUIRED,NOT_APPLICABLE,PATCH_REQUIRED,regular_base|b2b,true,74.81,MISMATCH,CANONICAL_CONFIRMED,19038
72,amazon:1:NC-ASPL-EXE8,NC-ASPL-EXE8,B0H83QRV43,24,EXACT_SCOPE_MATCH,,76.99,66.95,76.99,76.99,70.88,MISMATCH,67.57,MISMATCH,78.25,MISMATCH,70.17,MISMATCH,70.88,78.25,true,true,66.98,2026-07-14T00:00:00Z,2026-08-13T23:59:59Z,B,SALEPRICE_13,13,PROPOSED_OWNER_APPROVAL_REQUIRED,NOT_APPLICABLE,PATCH_REQUIRED,regular_base|minimum|maximum|b2b,true,66.98,MISMATCH,CANONICAL_CONFIRMED,18155|18639
73,amazon:1:NJ-ASAC-PTK2,NJ-ASAC-PTK2,B0H82X48CD,24,EXACT_SCOPE_MATCH,,76.99,66.95,76.99,76.99,78.76,MISMATCH,66.95,MATCH,76.99,MATCH,76.22,MISMATCH,76.99,70.8,false,false,,,,A,COUPON_13,13,PROPOSED_OWNER_APPROVAL_REQUIRED,UNKNOWN_NOT_EXPOSED_BY_SOURCE_SNAPSHOT,PATCH_REQUIRED,regular_base|b2b,true,76.99,MATCH,CANONICAL_CONFIRMED,19038
74,amazon:1:NM-ASEW-S2SK,NM-ASEW-S2SK,B0H86TVN3C,24,EXACT_SCOPE_MATCH,,76.99,66.95,76.99,76.99,78.76,MISMATCH,66.95,MATCH,96.99,MISMATCH,76.86,MISMATCH,77.64,85.7,true,true,66.98,2026-07-14T00:00:00Z,2026-08-13T23:59:59Z,B,SALEPRICE_13,13,PROPOSED_OWNER_APPROVAL_REQUIRED,NOT_APPLICABLE,PATCH_REQUIRED,regular_base|maximum|b2b,true,66.98,MISMATCH,CANONICAL_CONFIRMED,
75,amazon:1:NS-ASSD-B3JJ,NS-ASSD-B3JJ,B0H82L945T,24,EXACT_SCOPE_MATCH,,76.99,66.95,76.99,76.99,78.76,MISMATCH,66.95,MATCH,76.99,MATCH,76.22,MISMATCH,76.99,71.9,true,true,66.98,2026-07-14T00:00:00Z,2026-08-13T23:59:59Z,B,SALEPRICE_13,13,PROPOSED_OWNER_APPROVAL_REQUIRED,NOT_APPLICABLE,PATCH_REQUIRED,regular_base|b2b,true,66.98,MISMATCH,CANONICAL_CONFIRMED,19038
76,amazon:1:NT-ASIL-V5LK,NT-ASIL-V5LK,B0H84547PM,24,EXACT_SCOPE_MATCH,,76.99,66.95,76.99,76.99,78.76,MISMATCH,67.81,MISMATCH,78.53,MISMATCH,76.74,MISMATCH,77.52,76.99,false,false,,,,A,COUPON_13,13,PROPOSED_OWNER_APPROVAL_REQUIRED,UNKNOWN_NOT_EXPOSED_BY_SOURCE_SNAPSHOT,PATCH_REQUIRED,regular_base|minimum|maximum|b2b,true,76.99,MISMATCH,CANONICAL_CONFIRMED,19038
77,amazon:1:NV-AS86-HD44,NV-AS86-HD44,B0H85KQJKS,24,EXACT_SCOPE_MATCH,,76.99,66.95,76.99,76.99,78.76,MISMATCH,66.95,MATCH,76.99,MATCH,76.22,MISMATCH,76.99,71.07,false,false,,,,A,COUPON_13,13,PROPOSED_OWNER_APPROVAL_REQUIRED,UNKNOWN_NOT_EXPOSED_BY_SOURCE_SNAPSHOT,PATCH_REQUIRED,regular_base|b2b,true,76.99,MATCH,CANONICAL_CONFIRMED,19038
78,amazon:1:PB-ASAF-G2T6,PB-ASAF-G2T6,B0H82K7Y7S,24,EXACT_SCOPE_MATCH,,76.99,66.95,76.99,76.99,78.76,MISMATCH,66.95,MATCH,76.99,MATCH,76.22,MISMATCH,76.99,72.45,false,false,,,,A,COUPON_13,13,PROPOSED_OWNER_APPROVAL_REQUIRED,UNKNOWN_NOT_EXPOSED_BY_SOURCE_SNAPSHOT,PATCH_REQUIRED,regular_base|b2b,true,76.99,MATCH,CANONICAL_CONFIRMED,19038
79,amazon:1:PJ-ASAX-6LTG,PJ-ASAX-6LTG,B0H82T12L7,90,EXACT_SCOPE_MATCH,,252.99,219.57,252.99,252.99,271.91,MISMATCH,219.57,MATCH,252.99,MATCH,250.46,MISMATCH,271.91,300.15,false,false,,,,A,COUPON_13,13,PROPOSED_OWNER_APPROVAL_REQUIRED,UNKNOWN_NOT_EXPOSED_BY_SOURCE_SNAPSHOT,PATCH_REQUIRED,regular_base|b2b,true,252.99,MISMATCH,CANONICAL_CONFIRMED,19038
80,amazon:1:PJ-ASDX-E8LW,PJ-ASDX-E8LW,B0H85MGP35,24,EXACT_SCOPE_MATCH,,76.99,66.95,76.99,76.99,48.73,MISMATCH,66.95,MATCH,76.99,MATCH,76.22,MISMATCH,48.73,44.3,true,true,66.98,2026-07-14T00:00:00Z,2026-08-13T23:59:59Z,B,SALEPRICE_13,13,PROPOSED_OWNER_APPROVAL_REQUIRED,NOT_APPLICABLE,PATCH_REQUIRED,regular_base|b2b,true,66.98,MISMATCH,CANONICAL_CONFIRMED,18155
81,amazon:1:PL-ASR9-U94A,PL-ASR9-U94A,B0H83RR2XQ,45,EXACT_SCOPE_MATCH,,130.99,114.27,130.99,130.99,138.98,MISMATCH,114.27,MATCH,130.99,MATCH,129.68,MISMATCH,138.98,153.41,false,false,,,,A,COUPON_12,12,PROPOSED_OWNER_APPROVAL_REQUIRED,UNKNOWN_NOT_EXPOSED_BY_SOURCE_SNAPSHOT,PATCH_REQUIRED,regular_base|b2b,true,130.99,MISMATCH,CANONICAL_CONFIRMED,19038
82,amazon:1:PP-AS23-SPLQ,PP-AS23-SPLQ,B0H84CDNQG,24,EXACT_SCOPE_MATCH,,76.99,66.95,76.99,76.99,78.76,MISMATCH,66.95,MATCH,76.99,MATCH,76.22,MISMATCH,76.99,71.07,true,true,66.98,2026-07-14T00:00:00Z,2026-08-13T23:59:59Z,B,SALEPRICE_13,13,PROPOSED_OWNER_APPROVAL_REQUIRED,NOT_APPLICABLE,PATCH_REQUIRED,regular_base|b2b,true,66.98,MISMATCH,CANONICAL_CONFIRMED,19038
83,amazon:1:PR-AS79-8SDF,PR-AS79-8SDF,B0H82L74PL,30,EXACT_SCOPE_MATCH,,85.99,74.75,85.99,85.99,93.13,MISMATCH,74.75,MATCH,85.99,MATCH,85.13,MISMATCH,93.13,102.81,false,false,,,,A,COUPON_13,13,PROPOSED_OWNER_APPROVAL_REQUIRED,UNKNOWN_NOT_EXPOSED_BY_SOURCE_SNAPSHOT,PATCH_REQUIRED,regular_base|b2b,true,85.99,MISMATCH,CANONICAL_CONFIRMED,19038
84,amazon:1:PT-AS5B-Z2XH,PT-AS5B-Z2XH,B0H84Z6QWY,24,EXACT_SCOPE_MATCH,,76.99,66.95,76.99,76.99,78.76,MISMATCH,66.95,MATCH,76.99,MATCH,76.22,MISMATCH,76.99,70.8,false,false,,,,A,COUPON_13,13,PROPOSED_OWNER_APPROVAL_REQUIRED,UNKNOWN_NOT_EXPOSED_BY_SOURCE_SNAPSHOT,PATCH_REQUIRED,regular_base|b2b,true,76.99,MATCH,CANONICAL_CONFIRMED,19038
85,amazon:1:PU-AS3D-SA5Z,PU-AS3D-SA5Z,B0H83H71F8,120,EXACT_SCOPE_MATCH,,297.99,258.57,297.99,297.99,304.2,MISMATCH,258.57,MATCH,297.99,MATCH,295.01,MISMATCH,297.99,313.95,false,false,,,,A,COUPON_13,13,PROPOSED_OWNER_APPROVAL_REQUIRED,UNKNOWN_NOT_EXPOSED_BY_SOURCE_SNAPSHOT,PATCH_REQUIRED,regular_base|b2b,true,297.99,MATCH,CANONICAL_CONFIRMED,19038
86,amazon:1:PW-ASDZ-CSR8,PW-ASDZ-CSR8,B0H839TPC5,45,EXACT_SCOPE_MATCH,,130.99,114.27,130.99,130.99,138.98,MISMATCH,114.27,MATCH,130.99,MATCH,129.68,MISMATCH,138.98,153.41,false,false,,,,A,COUPON_12,12,PROPOSED_OWNER_APPROVAL_REQUIRED,UNKNOWN_NOT_EXPOSED_BY_SOURCE_SNAPSHOT,PATCH_REQUIRED,regular_base|b2b,true,130.99,MISMATCH,CANONICAL_CONFIRMED,19038
87,amazon:1:PY-ASBM-WX6W,PY-ASBM-WX6W,B0H82B7GV5,24,EXACT_SCOPE_MATCH,,76.99,66.95,76.99,76.99,78.76,MISMATCH,66.95,MATCH,76.99,MATCH,76.22,MISMATCH,76.99,70.8,true,true,66.98,2026-07-14T00:00:00Z,2026-08-13T23:59:59Z,B,SALEPRICE_13,13,PROPOSED_OWNER_APPROVAL_REQUIRED,NOT_APPLICABLE,PATCH_REQUIRED,regular_base|b2b,true,66.98,MISMATCH,CANONICAL_CONFIRMED,19038
88,amazon:1:QC-ASX2-RHPA,QC-ASX2-RHPA,B0H83TQPJB,120,EXACT_SCOPE_MATCH,,297.99,258.57,297.99,297.99,304.2,MISMATCH,258.57,MATCH,297.99,MATCH,295.01,MISMATCH,297.99,311.19,false,false,,,,A,COUPON_13,13,PROPOSED_OWNER_APPROVAL_REQUIRED,UNKNOWN_NOT_EXPOSED_BY_SOURCE_SNAPSHOT,PATCH_REQUIRED,regular_base|b2b,true,297.99,MATCH,CANONICAL_CONFIRMED,19038
89,amazon:1:QE-ASEQ-4YV5,QE-ASEQ-4YV5,B0H82CBLRM,24,EXACT_SCOPE_MATCH,,76.99,66.95,76.99,76.99,78.76,MISMATCH,66.95,MATCH,76.99,MATCH,76.22,MISMATCH,76.99,70.8,false,false,,,,A,COUPON_13,13,PROPOSED_OWNER_APPROVAL_REQUIRED,UNKNOWN_NOT_EXPOSED_BY_SOURCE_SNAPSHOT,PATCH_REQUIRED,regular_base|b2b,true,76.99,MATCH,CANONICAL_CONFIRMED,19038
90,amazon:1:QP-ASAD-PTLX,QP-ASAD-PTLX,B0H85DG2JQ,24,EXACT_SCOPE_MATCH,,76.99,66.95,76.99,76.99,78.76,MISMATCH,66.95,MATCH,76.99,MATCH,70.17,MISMATCH,70.88,78.25,true,true,66.98,2026-07-14T00:00:00Z,2026-08-13T23:59:59Z,B,SALEPRICE_13,13,PROPOSED_OWNER_APPROVAL_REQUIRED,NOT_APPLICABLE,PATCH_REQUIRED,regular_base|b2b,true,66.98,MISMATCH,CANONICAL_CONFIRMED,19038
91,amazon:1:QW-ASRZ-SYKC,QW-ASRZ-SYKC,B0H83MDDBL,120,EXACT_SCOPE_MATCH,,297.99,258.57,297.99,297.99,304.2,MISMATCH,288.39,MISMATCH,319.47,MISMATCH,295.01,MISMATCH,297.99,297.99,false,false,,,,A,COUPON_13,13,PROPOSED_OWNER_APPROVAL_REQUIRED,UNKNOWN_NOT_EXPOSED_BY_SOURCE_SNAPSHOT,PATCH_REQUIRED,regular_base|minimum|maximum|b2b,true,297.99,MATCH,CANONICAL_CONFIRMED,
92,amazon:1:QX-AS89-H8YC,QX-AS89-H8YC,B0H82RQ226,24,EXACT_SCOPE_MATCH,,76.99,66.95,76.99,76.99,77.64,MISMATCH,66.95,MATCH,76.99,MATCH,76.99,MATCH,77.64,,false,false,,,,A,COUPON_13,13,PROPOSED_OWNER_APPROVAL_REQUIRED,UNKNOWN_NOT_EXPOSED_BY_SOURCE_SNAPSHOT,PATCH_REQUIRED,regular_base,true,76.99,MISMATCH,CANONICAL_CONFIRMED,18701|19038
93,amazon:1:QX-ASS6-4T4F,QX-ASS6-4T4F,B0H83B6TYP,90,EXACT_SCOPE_MATCH,,252.99,219.57,252.99,252.99,258.32,MISMATCH,219.57,MATCH,252.99,MATCH,220.91,MISMATCH,223.14,246.33,true,true,220.1,2026-07-14T00:00:00Z,2026-08-13T23:59:59Z,B,SALEPRICE_13,13,PROPOSED_OWNER_APPROVAL_REQUIRED,NOT_APPLICABLE,PATCH_REQUIRED,regular_base|b2b,true,220.1,MISMATCH,CANONICAL_CONFIRMED,19038
94,amazon:1:RB-ASVO-GYCY,RB-ASVO-GYCY,B0H859N8VM,24,EXACT_SCOPE_MATCH,,76.99,66.95,76.99,76.99,78.76,MISMATCH,66.95,MATCH,76.99,MATCH,70.17,MISMATCH,70.88,78.25,true,true,66.98,2026-07-14T00:00:00Z,2026-08-13T23:59:59Z,B,SALEPRICE_13,13,PROPOSED_OWNER_APPROVAL_REQUIRED,NOT_APPLICABLE,PATCH_REQUIRED,regular_base|b2b,true,66.98,MISMATCH,CANONICAL_CONFIRMED,19038
95,amazon:1:RH-ASWA-ER34,RH-ASWA-ER34,B0H85JR6WN,24,EXACT_SCOPE_MATCH,,76.99,66.95,76.99,76.99,78.76,MISMATCH,66.95,MATCH,76.99,MATCH,76.22,MISMATCH,76.99,71.35,true,true,66.98,2026-07-14T00:00:00Z,2026-08-13T23:59:59Z,B,SALEPRICE_13,13,PROPOSED_OWNER_APPROVAL_REQUIRED,NOT_APPLICABLE,PATCH_REQUIRED,regular_base|b2b,true,66.98,MISMATCH,CANONICAL_CONFIRMED,19038
96,amazon:1:RL-AS64-Q8QX,RL-AS64-Q8QX,B0H82LZLM2,30,EXACT_SCOPE_MATCH,,85.99,74.75,85.99,85.99,93.13,MISMATCH,74.75,MATCH,85.99,MATCH,85.13,MISMATCH,93.13,102.81,false,false,,,,A,COUPON_13,13,PROPOSED_OWNER_APPROVAL_REQUIRED,UNKNOWN_NOT_EXPOSED_BY_SOURCE_SNAPSHOT,PATCH_REQUIRED,regular_base|b2b,true,85.99,MISMATCH,CANONICAL_CONFIRMED,19038
97,amazon:1:RM-ASCV-DVA5,RM-ASCV-DVA5,B0H822CVVL,24,EXACT_SCOPE_MATCH,,76.99,66.95,76.99,76.99,78.76,MISMATCH,66.95,MATCH,76.99,MATCH,76.22,MISMATCH,76.99,71.35,true,true,66.98,2026-07-14T00:00:00Z,2026-08-13T23:59:59Z,B,SALEPRICE_13,13,PROPOSED_OWNER_APPROVAL_REQUIRED,NOT_APPLICABLE,PATCH_REQUIRED,regular_base|b2b,true,66.98,MISMATCH,CANONICAL_CONFIRMED,19038
98,amazon:1:RN-ASLP-VH3X,RN-ASLP-VH3X,B0H82JYZQH,30,EXACT_SCOPE_MATCH,,85.99,74.75,85.99,85.99,87.94,MISMATCH,74.75,MATCH,85.99,MATCH,85.13,MISMATCH,85.99,84.18,false,false,,,,A,COUPON_13,13,PROPOSED_OWNER_APPROVAL_REQUIRED,UNKNOWN_NOT_EXPOSED_BY_SOURCE_SNAPSHOT,PATCH_REQUIRED,regular_base|b2b,true,85.99,MATCH,CANONICAL_CONFIRMED,19038
99,amazon:1:RQ-AS0L-9B45,RQ-AS0L-9B45,B0H85MQLHG,24,EXACT_SCOPE_MATCH,,76.99,66.95,76.99,76.99,78.76,MISMATCH,66.95,MATCH,76.99,MATCH,71.42,MISMATCH,72.14,78.53,false,false,,,,A,COUPON_13,13,PROPOSED_OWNER_APPROVAL_REQUIRED,UNKNOWN_NOT_EXPOSED_BY_SOURCE_SNAPSHOT,PATCH_REQUIRED,regular_base|b2b,true,76.99,MISMATCH,CANONICAL_CONFIRMED,19038
100,amazon:1:RQ-AS78-STLZ,RQ-AS78-STLZ,B0H85GR968,24,EXACT_SCOPE_MATCH,,76.99,66.95,76.99,76.99,78.76,MISMATCH,66.95,MATCH,76.99,MATCH,76.22,MISMATCH,76.99,79.08,false,false,,,,A,COUPON_13,13,PROPOSED_OWNER_APPROVAL_REQUIRED,UNKNOWN_NOT_EXPOSED_BY_SOURCE_SNAPSHOT,PATCH_REQUIRED,regular_base|b2b,true,76.99,MATCH,CANONICAL_CONFIRMED,19038
101,amazon:1:RQ-ASM7-T9NN,RQ-ASM7-T9NN,B0H83HNB3B,90,EXACT_SCOPE_MATCH,,252.99,219.57,252.99,252.99,258.32,MISMATCH,219.57,MATCH,252.99,MATCH,219.57,MISMATCH,221.27,244.26,true,true,220.1,2026-07-14T00:00:00Z,2026-08-13T23:59:59Z,B,SALEPRICE_13,13,PROPOSED_OWNER_APPROVAL_REQUIRED,NOT_APPLICABLE,PATCH_REQUIRED,regular_base|b2b,true,220.1,MISMATCH,CANONICAL_CONFIRMED,19038
102,amazon:1:RR-ASG1-JVKV,RR-ASG1-JVKV,B0H8361PYX,45,EXACT_SCOPE_MATCH,,130.99,114.27,130.99,130.99,134.44,MISMATCH,114.27,MATCH,130.99,MATCH,129.68,MISMATCH,130.99,125.47,true,true,114.27,2026-07-14T00:00:00Z,2026-08-13T23:59:59Z,B,SALEPRICE_12,12,PROPOSED_OWNER_APPROVAL_REQUIRED,NOT_APPLICABLE,PATCH_REQUIRED,regular_base|b2b,true,114.27,MISMATCH,CANONICAL_CONFIRMED,19038
103,amazon:1:RS-AS47-M3K3,RS-AS47-M3K3,B0H87748WJ,24,EXACT_SCOPE_MATCH,,76.99,66.95,76.99,76.99,78.76,MISMATCH,66.95,MATCH,76.99,MATCH,76.22,MISMATCH,76.99,71.07,true,true,66.98,2026-07-14T00:00:00Z,2026-08-13T23:59:59Z,B,SALEPRICE_13,13,PROPOSED_OWNER_APPROVAL_REQUIRED,NOT_APPLICABLE,PATCH_REQUIRED,regular_base|b2b,true,66.98,MISMATCH,CANONICAL_CONFIRMED,19038
104,amazon:1:RU-ASC3-4TUS,RU-ASC3-4TUS,B0H83SJFR7,24,EXACT_SCOPE_MATCH,,76.99,66.95,76.99,76.99,77.52,MISMATCH,66.95,MATCH,76.99,MATCH,76.22,MISMATCH,77.52,78.53,false,false,,,,A,COUPON_13,13,PROPOSED_OWNER_APPROVAL_REQUIRED,UNKNOWN_NOT_EXPOSED_BY_SOURCE_SNAPSHOT,PATCH_REQUIRED,regular_base|b2b,true,76.99,MISMATCH,CANONICAL_CONFIRMED,19038
105,amazon:1:RY-ASMO-6N4F,RY-ASMO-6N4F,B0H8493HNR,24,EXACT_SCOPE_MATCH,,76.99,66.95,76.99,76.99,78.76,MISMATCH,66.95,MATCH,76.99,MATCH,76.22,MISMATCH,76.99,71.35,false,false,,,,A,COUPON_13,13,PROPOSED_OWNER_APPROVAL_REQUIRED,UNKNOWN_NOT_EXPOSED_BY_SOURCE_SNAPSHOT,PATCH_REQUIRED,regular_base|b2b,true,76.99,MATCH,CANONICAL_CONFIRMED,19038
106,amazon:1:RY-ASO3-24Q2,RY-ASO3-24Q2,B0H84XMG42,24,EXACT_SCOPE_MATCH,,76.99,66.95,76.99,76.99,77.52,MISMATCH,66.95,MATCH,76.99,MATCH,76.22,MISMATCH,77.52,78.53,false,false,,,,A,COUPON_13,13,PROPOSED_OWNER_APPROVAL_REQUIRED,UNKNOWN_NOT_EXPOSED_BY_SOURCE_SNAPSHOT,PATCH_REQUIRED,regular_base|b2b,true,76.99,MISMATCH,CANONICAL_CONFIRMED,19038
107,amazon:1:RZ-AS26-WLRM,RZ-AS26-WLRM,B0H85PJ516,24,EXACT_SCOPE_MATCH,,76.99,66.95,76.99,76.99,78.76,MISMATCH,66.95,MATCH,76.99,MATCH,76.22,MISMATCH,76.99,76.99,false,false,,,,A,COUPON_13,13,PROPOSED_OWNER_APPROVAL_REQUIRED,UNKNOWN_NOT_EXPOSED_BY_SOURCE_SNAPSHOT,PATCH_REQUIRED,regular_base|b2b,true,76.99,MATCH,CANONICAL_CONFIRMED,19038
108,amazon:1:SA-ASCK-J2B2,SA-ASCK-J2B2,B0H82XP1MM,45,EXACT_SCOPE_MATCH,,130.99,114.27,130.99,130.99,138.98,MISMATCH,114.27,MATCH,130.99,MATCH,129.68,MISMATCH,138.98,153.41,false,false,,,,A,COUPON_12,12,PROPOSED_OWNER_APPROVAL_REQUIRED,UNKNOWN_NOT_EXPOSED_BY_SOURCE_SNAPSHOT,PATCH_REQUIRED,regular_base|b2b,true,130.99,MISMATCH,CANONICAL_CONFIRMED,19038
109,amazon:1:SA-ASDW-SNEW,SA-ASDW-SNEW,B0H82SMZ2M,45,EXACT_SCOPE_MATCH,,130.99,114.27,130.99,130.99,134.44,MISMATCH,114.27,MATCH,130.99,MATCH,129.68,MISMATCH,130.99,127.54,false,false,,,,A,COUPON_12,12,PROPOSED_OWNER_APPROVAL_REQUIRED,UNKNOWN_NOT_EXPOSED_BY_SOURCE_SNAPSHOT,PATCH_REQUIRED,regular_base|b2b,true,130.99,MATCH,CANONICAL_CONFIRMED,19038
110,amazon:1:SC-ASH8-4RQG,SC-ASH8-4RQG,B0H856DWVS,24,EXACT_SCOPE_MATCH,,76.99,66.95,76.99,76.99,78.76,MISMATCH,66.95,MATCH,90,MISMATCH,78.6,MISMATCH,79.39,87.63,true,true,66.98,2026-07-14T00:00:00Z,2026-08-13T23:59:59Z,B,SALEPRICE_13,13,PROPOSED_OWNER_APPROVAL_REQUIRED,NOT_APPLICABLE,PATCH_REQUIRED,regular_base|maximum|b2b,true,66.98,MISMATCH,CANONICAL_CONFIRMED,
111,amazon:1:SG-AS32-LZ9Y,SG-AS32-LZ9Y,B0H8564C6D,24,EXACT_SCOPE_MATCH,,76.99,66.95,76.99,76.99,78.76,MISMATCH,66.95,MATCH,76.99,MATCH,76.22,MISMATCH,76.99,71.35,false,false,,,,A,COUPON_13,13,PROPOSED_OWNER_APPROVAL_REQUIRED,UNKNOWN_NOT_EXPOSED_BY_SOURCE_SNAPSHOT,PATCH_REQUIRED,regular_base|b2b,true,76.99,MATCH,CANONICAL_CONFIRMED,19038
112,amazon:1:SG-ASLB-M2DG,SG-ASLB-M2DG,B0H84PFKYC,24,EXACT_SCOPE_MATCH,,76.99,66.95,76.99,76.99,78.76,MISMATCH,66.95,MATCH,76.99,MATCH,76.22,MISMATCH,76.99,71.07,true,true,66.98,2026-07-14T00:00:00Z,2026-08-13T23:59:59Z,B,SALEPRICE_13,13,PROPOSED_OWNER_APPROVAL_REQUIRED,NOT_APPLICABLE,PATCH_REQUIRED,regular_base|b2b,true,66.98,MISMATCH,CANONICAL_CONFIRMED,19038
113,amazon:1:SH-ASO0-PW37,SH-ASO0-PW37,B0H83ZH3TB,24,EXACT_SCOPE_MATCH,,76.99,66.95,76.99,76.99,77.52,MISMATCH,66.95,MATCH,76.99,MATCH,76.22,MISMATCH,77.52,78.25,false,false,,,,A,COUPON_13,13,PROPOSED_OWNER_APPROVAL_REQUIRED,UNKNOWN_NOT_EXPOSED_BY_SOURCE_SNAPSHOT,PATCH_REQUIRED,regular_base|b2b,true,76.99,MISMATCH,CANONICAL_CONFIRMED,19038
114,amazon:1:SS-AS9K-U9TV,SS-AS9K-U9TV,B0H831889Q,45,EXACT_SCOPE_MATCH,,130.99,114.27,130.99,130.99,134.44,MISMATCH,114.27,MATCH,130.99,MATCH,129.68,MISMATCH,130.99,126.5,false,false,,,,A,COUPON_12,12,PROPOSED_OWNER_APPROVAL_REQUIRED,UNKNOWN_NOT_EXPOSED_BY_SOURCE_SNAPSHOT,PATCH_REQUIRED,regular_base|b2b,true,130.99,MATCH,CANONICAL_CONFIRMED,19038
115,amazon:1:SU-ASS4-RV6R,SU-ASS4-RV6R,B0H853HGHC,24,EXACT_SCOPE_MATCH,,76.99,66.95,76.99,76.99,86.08,MISMATCH,66.95,MATCH,76.99,MATCH,79.47,MISMATCH,86.08,78.25,false,false,,,,A,COUPON_13,13,PROPOSED_OWNER_APPROVAL_REQUIRED,UNKNOWN_NOT_EXPOSED_BY_SOURCE_SNAPSHOT,PATCH_REQUIRED,regular_base|b2b,true,76.99,MISMATCH,CANONICAL_CONFIRMED,19038
116,amazon:1:SV-AS87-D6SV,SV-AS87-D6SV,B0H83ZGN22,24,EXACT_SCOPE_MATCH,,76.99,66.95,76.99,76.99,78.76,MISMATCH,66.95,MATCH,76.99,MATCH,70.17,MISMATCH,70.88,78.25,true,true,66.98,2026-07-14T00:00:00Z,2026-08-13T23:59:59Z,B,SALEPRICE_13,13,PROPOSED_OWNER_APPROVAL_REQUIRED,NOT_APPLICABLE,PATCH_REQUIRED,regular_base|b2b,true,66.98,MISMATCH,CANONICAL_CONFIRMED,19038
117,amazon:1:SZ-ASPI-JFAT,SZ-ASPI-JFAT,B0H776M5B5,24,HOLD_IDENTITY,AMAZON_8541_PRODUCT_IDENTITY_BLOCKER|CHANNELMAX_IDENTITY_MISMATCH,76.99,66.95,76.99,76.99,119.68,MISMATCH,66.95,MATCH,76.99,MATCH,133.86,MISMATCH,119.68,132.12,false,false,,,,A,COUPON_13,13,PROPOSED_OWNER_APPROVAL_REQUIRED,UNKNOWN_NOT_EXPOSED_BY_SOURCE_SNAPSHOT,HOLD_IDENTITY,regular_base|b2b,true,76.99,MISMATCH,HOLD_IDENTITY,18320|19038
118,amazon:1:TH-AS6D-CCES,TH-AS6D-CCES,B0H845HSDZ,24,EXACT_SCOPE_MATCH,,76.99,66.95,76.99,76.99,78.76,MISMATCH,66.95,MATCH,76.99,MATCH,76.22,MISMATCH,76.99,71.35,true,true,66.98,2026-07-14T00:00:00Z,2026-08-13T23:59:59Z,B,SALEPRICE_13,13,PROPOSED_OWNER_APPROVAL_REQUIRED,NOT_APPLICABLE,PATCH_REQUIRED,regular_base|b2b,true,66.98,MISMATCH,CANONICAL_CONFIRMED,19038
119,amazon:1:TL-ASHN-ZRKG,TL-ASHN-ZRKG,B0H85P9F3R,24,EXACT_SCOPE_MATCH,,76.99,66.95,76.99,76.99,78.76,MISMATCH,66.95,MATCH,76.99,MATCH,70.43,MISMATCH,71.14,78.53,true,true,66.98,2026-07-14T00:00:00Z,2026-08-13T23:59:59Z,B,SALEPRICE_13,13,PROPOSED_OWNER_APPROVAL_REQUIRED,NOT_APPLICABLE,PATCH_REQUIRED,regular_base|b2b,true,66.98,MISMATCH,CANONICAL_CONFIRMED,19038
120,amazon:1:TP-AS91-8PAZ,TP-AS91-8PAZ,B0H835T5HN,30,EXACT_SCOPE_MATCH,,85.99,74.75,85.99,85.99,87.94,MISMATCH,74.75,MATCH,85.99,MATCH,76.73,MISMATCH,77.51,85.56,true,true,74.81,2026-07-14T00:00:00Z,2026-08-13T23:59:59Z,B,SALEPRICE_13,13,PROPOSED_OWNER_APPROVAL_REQUIRED,NOT_APPLICABLE,PATCH_REQUIRED,regular_base|b2b,true,74.81,MISMATCH,CANONICAL_CONFIRMED,19038
121,amazon:1:TQ-ASBR-96TC,TQ-ASBR-96TC,B0H82BCZ44,24,EXACT_SCOPE_MATCH,,76.99,66.95,76.99,76.99,81.14,MISMATCH,66.95,MATCH,76.99,MATCH,76.22,MISMATCH,81.14,89.57,true,true,66.98,2026-07-14T00:00:00Z,2026-08-13T23:59:59Z,B,SALEPRICE_13,13,PROPOSED_OWNER_APPROVAL_REQUIRED,NOT_APPLICABLE,PATCH_REQUIRED,regular_base|b2b,true,66.98,MISMATCH,CANONICAL_CONFIRMED,19038
122,amazon:1:TQ-ASC4-P2NP,TQ-ASC4-P2NP,B0H839G6RQ,90,EXACT_SCOPE_MATCH,,252.99,219.57,252.99,252.99,258.32,MISMATCH,219.57,MATCH,252.99,MATCH,250.46,MISMATCH,252.99,244.26,false,false,,,,A,COUPON_13,13,PROPOSED_OWNER_APPROVAL_REQUIRED,UNKNOWN_NOT_EXPOSED_BY_SOURCE_SNAPSHOT,PATCH_REQUIRED,regular_base|b2b,true,252.99,MATCH,CANONICAL_CONFIRMED,19038
123,amazon:1:TY-AST2-JE9P,TY-AST2-JE9P,B0H84WQRXB,24,HOLD_IDENTITY,AMAZON_8541_PRODUCT_IDENTITY_BLOCKER|CATALOG_IDENTITY_CONFLICT_8541,76.99,66.95,76.99,76.99,48.73,MISMATCH,66.95,MATCH,76.99,MATCH,48.24,MISMATCH,48.73,44.3,true,true,66.98,2026-07-14T00:00:00Z,2026-08-13T23:59:59Z,B,SALEPRICE_13,13,PROPOSED_OWNER_APPROVAL_REQUIRED,NOT_APPLICABLE,HOLD_IDENTITY,regular_base|b2b,true,66.98,MISMATCH,HOLD_IDENTITY,18155
124,amazon:1:UA-ASAO-RE7Q,UA-ASAO-RE7Q,B0H784LMG6,45,EXACT_SCOPE_MATCH,,130.99,114.27,130.99,130.99,144.24,MISMATCH,114.27,MATCH,130.99,MATCH,142.8,MISMATCH,144.24,174.54,false,false,,,,A,COUPON_12,12,PROPOSED_OWNER_APPROVAL_REQUIRED,UNKNOWN_NOT_EXPOSED_BY_SOURCE_SNAPSHOT,PATCH_REQUIRED,regular_base|b2b,true,130.99,MISMATCH,CANONICAL_CONFIRMED,19038
125,amazon:1:UD-AS9J-QNY6,UD-AS9J-QNY6,B0H834L7P6,90,EXACT_SCOPE_MATCH,,252.99,219.57,252.99,252.99,258.32,MISMATCH,219.57,MATCH,252.99,MATCH,220.91,MISMATCH,223.14,246.33,true,true,220.1,2026-07-14T00:00:00Z,2026-08-13T23:59:59Z,B,SALEPRICE_13,13,PROPOSED_OWNER_APPROVAL_REQUIRED,NOT_APPLICABLE,PATCH_REQUIRED,regular_base|b2b,true,220.1,MISMATCH,CANONICAL_CONFIRMED,19038
126,amazon:1:UE-ASA6-CLLY,UE-ASA6-CLLY,B0H83ZHZ4S,24,EXACT_SCOPE_MATCH,,76.99,66.95,76.99,76.99,78.76,MISMATCH,66.95,MATCH,76.99,MATCH,76.22,MISMATCH,76.99,71.07,true,true,66.98,2026-07-14T00:00:00Z,2026-08-13T23:59:59Z,B,SALEPRICE_13,13,PROPOSED_OWNER_APPROVAL_REQUIRED,NOT_APPLICABLE,PATCH_REQUIRED,regular_base|b2b,true,66.98,MISMATCH,CANONICAL_CONFIRMED,19038
127,amazon:1:UF-ASA1-GN5P,UF-ASA1-GN5P,B0H854DM3X,24,EXACT_SCOPE_MATCH,,76.99,66.95,76.99,76.99,78.76,MISMATCH,66.95,MATCH,76.99,MATCH,76.22,MISMATCH,76.99,71.63,true,true,66.98,2026-07-14T00:00:00Z,2026-08-13T23:59:59Z,B,SALEPRICE_13,13,PROPOSED_OWNER_APPROVAL_REQUIRED,NOT_APPLICABLE,PATCH_REQUIRED,regular_base|b2b,true,66.98,MISMATCH,CANONICAL_CONFIRMED,19038
128,amazon:1:UG-ASUO-L4D9,UG-ASUO-L4D9,B0H83FP8WW,90,EXACT_SCOPE_MATCH,,252.99,219.57,252.99,252.99,258.32,MISMATCH,219.57,MATCH,252.99,MATCH,250.46,MISMATCH,252.99,244.26,false,false,,,,A,COUPON_13,13,PROPOSED_OWNER_APPROVAL_REQUIRED,UNKNOWN_NOT_EXPOSED_BY_SOURCE_SNAPSHOT,PATCH_REQUIRED,regular_base|b2b,true,252.99,MATCH,CANONICAL_CONFIRMED,19038
129,amazon:1:UJ-ASQ1-9FNR,UJ-ASQ1-9FNR,B0H82P651P,24,EXACT_SCOPE_MATCH,,76.99,66.95,76.99,76.99,77.64,MISMATCH,66.95,MATCH,76.99,MATCH,76.22,MISMATCH,77.64,85.7,true,true,66.98,2026-07-14T00:00:00Z,2026-08-13T23:59:59Z,B,SALEPRICE_13,13,PROPOSED_OWNER_APPROVAL_REQUIRED,NOT_APPLICABLE,PATCH_REQUIRED,regular_base|b2b,true,66.98,MISMATCH,CANONICAL_CONFIRMED,19038
130,amazon:1:UY-AS5N-A2E4,UY-AS5N-A2E4,B0H83R4M3R,120,EXACT_SCOPE_MATCH,,297.99,258.57,297.99,297.99,349.41,MISMATCH,258.57,MATCH,297.99,MATCH,295.01,MISMATCH,349.41,385.71,true,true,259.25,2026-07-14T00:00:00Z,2026-08-13T23:59:59Z,B,SALEPRICE_13,13,PROPOSED_OWNER_APPROVAL_REQUIRED,NOT_APPLICABLE,PATCH_REQUIRED,regular_base|b2b,true,259.25,MISMATCH,CANONICAL_CONFIRMED,19038
131,amazon:1:VA-ASOK-QJCA,VA-ASOK-QJCA,B0H85RZDX5,24,EXACT_SCOPE_MATCH,,76.99,66.95,76.99,76.99,78.76,MISMATCH,55,MISMATCH,76.99,MATCH,56.06,MISMATCH,56.63,76.99,true,true,66.98,2026-07-14T00:00:00Z,2026-08-13T23:59:59Z,B,SALEPRICE_13,13,PROPOSED_OWNER_APPROVAL_REQUIRED,NOT_APPLICABLE,PATCH_REQUIRED,regular_base|minimum|b2b,true,66.98,MISMATCH,CANONICAL_CONFIRMED,19038
132,amazon:1:VC-ASQE-L5Z5,VC-ASQE-L5Z5,B0H82QYM85,45,EXACT_SCOPE_MATCH,,130.99,114.27,130.99,130.99,134.44,MISMATCH,114.27,MATCH,130.99,MATCH,114.27,MISMATCH,114.59,126.5,true,true,114.27,2026-07-14T00:00:00Z,2026-08-13T23:59:59Z,B,SALEPRICE_12,12,PROPOSED_OWNER_APPROVAL_REQUIRED,NOT_APPLICABLE,PATCH_REQUIRED,regular_base|b2b,true,114.27,MISMATCH,CANONICAL_CONFIRMED,19038
133,amazon:1:VC-ASV1-378P,VC-ASV1-378P,B0H786L5MW,90,EXACT_SCOPE_MATCH,,252.99,219.57,252.99,252.99,289.28,MISMATCH,219.57,MATCH,252.99,MATCH,255.97,MISMATCH,289.28,263.64,false,false,,,,A,COUPON_13,13,PROPOSED_OWNER_APPROVAL_REQUIRED,UNKNOWN_NOT_EXPOSED_BY_SOURCE_SNAPSHOT,PATCH_REQUIRED,regular_base|b2b,true,252.99,MISMATCH,CANONICAL_CONFIRMED,19038
134,amazon:1:VH-ASHZ-TJEE,VH-ASHZ-TJEE,B0H856VWD6,24,EXACT_SCOPE_MATCH,,76.99,66.95,76.99,76.99,48.43,MISMATCH,66.95,MATCH,76.99,MATCH,76.22,MISMATCH,48.43,44.03,true,true,66.98,2026-07-14T00:00:00Z,2026-08-13T23:59:59Z,B,SALEPRICE_13,13,PROPOSED_OWNER_APPROVAL_REQUIRED,NOT_APPLICABLE,PATCH_REQUIRED,regular_base|b2b,true,66.98,MISMATCH,CANONICAL_CONFIRMED,18155
135,amazon:1:VK-ASSB-3YFK,VK-ASSB-3YFK,B0H85FY28F,24,EXACT_SCOPE_MATCH,,76.99,66.95,76.99,76.99,78.76,MISMATCH,66.95,MATCH,76.99,MATCH,76.22,MISMATCH,76.99,71.07,true,true,66.98,2026-07-14T00:00:00Z,2026-08-13T23:59:59Z,B,SALEPRICE_13,13,PROPOSED_OWNER_APPROVAL_REQUIRED,NOT_APPLICABLE,PATCH_REQUIRED,regular_base|b2b,true,66.98,MISMATCH,CANONICAL_CONFIRMED,19038
136,amazon:1:VN-AS1A-D572,VN-AS1A-D572,B0H82PKK18,45,HOLD_IDENTITY,CATALOG_IDENTITY_CONFLICT_8541|CHANNELMAX_ASIN_IDENTITY_MISMATCH,130.99,114.27,130.99,130.99,129.59,MISMATCH,116.57,MISMATCH,156,MISMATCH,128.29,MISMATCH,129.59,125.47,false,false,,,,,,,PROPOSED_OWNER_APPROVAL_REQUIRED,NOT_APPLICABLE,HOLD_IDENTITY,regular_base|minimum|maximum|b2b,true,130.99,MISMATCH,HOLD_IDENTITY,
137,amazon:1:VN-AS6Q-5AE9,VN-AS6Q-5AE9,B0H8538L32,24,EXACT_SCOPE_MATCH,,76.99,66.95,76.99,76.99,78.76,MISMATCH,66.95,MATCH,76.99,MATCH,76.22,MISMATCH,76.99,71.9,true,true,66.98,2026-07-14T00:00:00Z,2026-08-13T23:59:59Z,B,SALEPRICE_13,13,PROPOSED_OWNER_APPROVAL_REQUIRED,NOT_APPLICABLE,PATCH_REQUIRED,regular_base|b2b,true,66.98,MISMATCH,CANONICAL_CONFIRMED,19038
138,amazon:1:VT-ASTH-B6LM,VT-ASTH-B6LM,B0H85CL8JD,24,EXACT_SCOPE_MATCH,,76.99,66.95,76.99,76.99,78.76,MISMATCH,66.95,MATCH,76.99,MATCH,70.92,MISMATCH,71.64,79.08,true,true,66.98,2026-07-14T00:00:00Z,2026-08-13T23:59:59Z,B,SALEPRICE_13,13,PROPOSED_OWNER_APPROVAL_REQUIRED,NOT_APPLICABLE,PATCH_REQUIRED,regular_base|b2b,true,66.98,MISMATCH,CANONICAL_CONFIRMED,19038
139,amazon:1:WC-ASH5-EFN6,WC-ASH5-EFN6,B0H833W54L,30,EXACT_SCOPE_MATCH,,85.99,74.75,85.99,85.99,93.13,MISMATCH,74.75,MATCH,85.99,MATCH,85.13,MISMATCH,93.13,102.81,false,false,,,,A,COUPON_13,13,PROPOSED_OWNER_APPROVAL_REQUIRED,UNKNOWN_NOT_EXPOSED_BY_SOURCE_SNAPSHOT,PATCH_REQUIRED,regular_base|b2b,true,85.99,MISMATCH,CANONICAL_CONFIRMED,19038
140,amazon:1:WK-AS2R-FJUW,WK-AS2R-FJUW,B0H82XBNVN,90,EXACT_SCOPE_MATCH,,252.99,219.57,252.99,252.99,258.32,MISMATCH,219.57,MATCH,252.99,MATCH,224.62,MISMATCH,226.89,250.47,true,true,220.1,2026-07-14T00:00:00Z,2026-08-13T23:59:59Z,B,SALEPRICE_13,13,PROPOSED_OWNER_APPROVAL_REQUIRED,NOT_APPLICABLE,PATCH_REQUIRED,regular_base|b2b,true,220.1,MISMATCH,CANONICAL_CONFIRMED,19038|20000
141,amazon:1:WK-AS7E-M3CE,WK-AS7E-M3CE,B0H843R64X,24,EXACT_SCOPE_MATCH,,76.99,66.95,76.99,76.99,76.99,MATCH,74.05,MISMATCH,85.7,MISMATCH,76.22,MISMATCH,76.99,76.99,true,true,66.98,2026-07-14T00:00:00Z,2026-08-13T23:59:59Z,B,SALEPRICE_13,13,PROPOSED_OWNER_APPROVAL_REQUIRED,NOT_APPLICABLE,PATCH_REQUIRED,minimum|maximum|b2b,true,66.98,MISMATCH,CANONICAL_CONFIRMED,18155|18639
142,amazon:1:WK-ASPD-G9HL,WK-ASPD-G9HL,B0H85CF81Y,24,EXACT_SCOPE_MATCH,,76.99,66.95,76.99,76.99,78.76,MISMATCH,66.95,MATCH,76.99,MATCH,76.22,MISMATCH,76.99,71.63,false,false,,,,A,COUPON_13,13,PROPOSED_OWNER_APPROVAL_REQUIRED,UNKNOWN_NOT_EXPOSED_BY_SOURCE_SNAPSHOT,PATCH_REQUIRED,regular_base|b2b,true,76.99,MATCH,CANONICAL_CONFIRMED,19038
143,amazon:1:WN-AS33-UFEA,WN-AS33-UFEA,B0H83RCTVV,120,EXACT_SCOPE_MATCH,,297.99,258.57,297.99,297.99,304.2,MISMATCH,258.57,MATCH,297.99,MATCH,295.01,MISMATCH,297.99,313.95,false,false,,,,A,COUPON_13,13,PROPOSED_OWNER_APPROVAL_REQUIRED,UNKNOWN_NOT_EXPOSED_BY_SOURCE_SNAPSHOT,PATCH_REQUIRED,regular_base|b2b,true,297.99,MATCH,CANONICAL_CONFIRMED,19038
144,amazon:1:WR-ASR5-AVWE,WR-ASR5-AVWE,B0H859VYXH,24,EXACT_SCOPE_MATCH,,76.99,66.95,76.99,76.99,86.38,MISMATCH,66.95,MATCH,76.99,MATCH,79.75,MISMATCH,86.38,78.53,false,false,,,,A,COUPON_13,13,PROPOSED_OWNER_APPROVAL_REQUIRED,UNKNOWN_NOT_EXPOSED_BY_SOURCE_SNAPSHOT,PATCH_REQUIRED,regular_base|b2b,true,76.99,MISMATCH,CANONICAL_CONFIRMED,19038
145,amazon:1:WR-ASTH-TPXV,WR-ASTH-TPXV,B0H85DRT93,24,EXACT_SCOPE_MATCH,,76.99,66.95,76.99,76.99,78.76,MISMATCH,66.95,MATCH,96.99,MISMATCH,77.39,MISMATCH,78.17,85.7,false,false,,,,A,COUPON_13,13,PROPOSED_OWNER_APPROVAL_REQUIRED,UNKNOWN_NOT_EXPOSED_BY_SOURCE_SNAPSHOT,PATCH_REQUIRED,regular_base|maximum|b2b,true,76.99,MISMATCH,CANONICAL_CONFIRMED,
146,amazon:1:WZ-ASXK-ZFAS,WZ-ASXK-ZFAS,B0H85DF1R7,24,EXACT_SCOPE_MATCH,,76.99,66.95,76.99,76.99,78.76,MISMATCH,66.95,MATCH,76.99,MATCH,76.22,MISMATCH,76.99,80.46,false,false,,,,A,COUPON_13,13,PROPOSED_OWNER_APPROVAL_REQUIRED,UNKNOWN_NOT_EXPOSED_BY_SOURCE_SNAPSHOT,PATCH_REQUIRED,regular_base|b2b,true,76.99,MATCH,CANONICAL_CONFIRMED,19038
147,amazon:1:XE-ASK1-BNRB,XE-ASK1-BNRB,B0H81WMJBP,45,EXACT_SCOPE_MATCH,,130.99,114.27,130.99,130.99,134.44,MISMATCH,114.27,MATCH,130.99,MATCH,114.27,MISMATCH,114.59,126.5,true,true,114.27,2026-07-14T00:00:00Z,2026-08-13T23:59:59Z,B,SALEPRICE_12,12,PROPOSED_OWNER_APPROVAL_REQUIRED,NOT_APPLICABLE,PATCH_REQUIRED,regular_base|b2b,true,114.27,MISMATCH,CANONICAL_CONFIRMED,19038
148,amazon:1:XJ-ASVD-CDMW,XJ-ASVD-CDMW,B0H82MSTD9,45,EXACT_SCOPE_MATCH,,130.99,114.27,130.99,130.99,138.98,MISMATCH,114.27,MATCH,130.99,MATCH,129.68,MISMATCH,138.98,153.41,true,true,114.27,2026-07-14T00:00:00Z,2026-08-13T23:59:59Z,B,SALEPRICE_12,12,PROPOSED_OWNER_APPROVAL_REQUIRED,NOT_APPLICABLE,PATCH_REQUIRED,regular_base|b2b,true,114.27,MISMATCH,CANONICAL_CONFIRMED,19038
149,amazon:1:XV-ASEU-GDUX,XV-ASEU-GDUX,B0H82YRTS3,45,EXACT_SCOPE_MATCH,,130.99,114.27,130.99,130.99,138.98,MISMATCH,114.27,MATCH,130.99,MATCH,129.68,MISMATCH,138.98,153.41,true,true,114.27,2026-07-14T00:00:00Z,2026-08-13T23:59:59Z,B,SALEPRICE_12,12,PROPOSED_OWNER_APPROVAL_REQUIRED,NOT_APPLICABLE,PATCH_REQUIRED,regular_base|b2b,true,114.27,MISMATCH,CANONICAL_CONFIRMED,19038
150,amazon:1:XW-ASSI-SZZT,XW-ASSI-SZZT,B0H858GF4N,24,EXACT_SCOPE_MATCH,,76.99,66.95,76.99,76.99,78.76,MISMATCH,66.95,MATCH,76.99,MATCH,76.22,MISMATCH,76.99,71.9,true,true,66.98,2026-07-14T00:00:00Z,2026-08-13T23:59:59Z,B,SALEPRICE_13,13,PROPOSED_OWNER_APPROVAL_REQUIRED,NOT_APPLICABLE,PATCH_REQUIRED,regular_base|b2b,true,66.98,MISMATCH,CANONICAL_CONFIRMED,19038
151,amazon:1:YA-ASX6-PZE7,YA-ASX6-PZE7,B0H82YB4PD,30,EXACT_SCOPE_MATCH,,85.99,74.75,85.99,85.99,87.94,MISMATCH,74.75,MATCH,85.99,MATCH,85.13,MISMATCH,85.99,84.18,false,false,,,,A,COUPON_13,13,PROPOSED_OWNER_APPROVAL_REQUIRED,UNKNOWN_NOT_EXPOSED_BY_SOURCE_SNAPSHOT,PATCH_REQUIRED,regular_base|b2b,true,85.99,MATCH,CANONICAL_CONFIRMED,19038
152,amazon:1:YF-ASZJ-8BBH,YF-ASZJ-8BBH,B0H822MPKC,30,EXACT_SCOPE_MATCH,,85.99,74.75,85.99,85.99,87.94,MISMATCH,74.75,MATCH,85.99,MATCH,85.13,MISMATCH,85.99,84.87,false,false,,,,A,COUPON_13,13,PROPOSED_OWNER_APPROVAL_REQUIRED,UNKNOWN_NOT_EXPOSED_BY_SOURCE_SNAPSHOT,PATCH_REQUIRED,regular_base|b2b,true,85.99,MATCH,CANONICAL_CONFIRMED,19038
153,amazon:1:YG-ASH6-BCXX,YG-ASH6-BCXX,B0H8511Y5G,24,EXACT_SCOPE_MATCH,,76.99,66.95,76.99,76.99,78.76,MISMATCH,66.95,MATCH,76.99,MATCH,76.22,MISMATCH,76.99,71.63,true,true,66.98,2026-07-14T00:00:00Z,2026-08-13T23:59:59Z,B,SALEPRICE_13,13,PROPOSED_OWNER_APPROVAL_REQUIRED,NOT_APPLICABLE,PATCH_REQUIRED,regular_base|b2b,true,66.98,MISMATCH,CANONICAL_CONFIRMED,19038
154,amazon:1:YH-ASQ8-45ED,YH-ASQ8-45ED,B0H82QPCJL,45,EXACT_SCOPE_MATCH,,130.99,114.27,130.99,130.99,134.44,MISMATCH,114.27,MATCH,130.99,MATCH,129.68,MISMATCH,130.99,128.57,false,false,,,,A,COUPON_12,12,PROPOSED_OWNER_APPROVAL_REQUIRED,UNKNOWN_NOT_EXPOSED_BY_SOURCE_SNAPSHOT,PATCH_REQUIRED,regular_base|b2b,true,130.99,MATCH,CANONICAL_CONFIRMED,19038
155,amazon:1:YM-AS7P-ZX44,YM-AS7P-ZX44,B0H83S1LDG,120,EXACT_SCOPE_MATCH,,297.99,258.57,297.99,297.99,304.2,MISMATCH,258.57,MATCH,297.99,MATCH,279.09,MISMATCH,281.91,311.19,true,true,259.25,2026-07-14T00:00:00Z,2026-08-13T23:59:59Z,B,SALEPRICE_13,13,PROPOSED_OWNER_APPROVAL_REQUIRED,NOT_APPLICABLE,PATCH_REQUIRED,regular_base|b2b,true,259.25,MISMATCH,CANONICAL_CONFIRMED,19038|20000
156,amazon:1:YV-AST8-LMKN,YV-AST8-LMKN,B0H859JMGJ,24,EXACT_SCOPE_MATCH,,76.99,66.95,76.99,76.99,78.76,MISMATCH,66.95,MATCH,76.99,MATCH,76.22,MISMATCH,76.99,71.35,false,false,,,,A,COUPON_13,13,PROPOSED_OWNER_APPROVAL_REQUIRED,UNKNOWN_NOT_EXPOSED_BY_SOURCE_SNAPSHOT,PATCH_REQUIRED,regular_base|b2b,true,76.99,MATCH,CANONICAL_CONFIRMED,19038
157,amazon:1:ZB-ASKL-9W8G,ZB-ASKL-9W8G,B0H82LKBYH,45,EXACT_SCOPE_MATCH,,130.99,114.27,130.99,130.99,134.44,MISMATCH,114.27,MATCH,130.99,MATCH,129.68,MISMATCH,130.99,125.47,true,true,114.27,2026-07-14T00:00:00Z,2026-08-13T23:59:59Z,B,SALEPRICE_12,12,PROPOSED_OWNER_APPROVAL_REQUIRED,NOT_APPLICABLE,PATCH_REQUIRED,regular_base|b2b,true,114.27,MISMATCH,CANONICAL_CONFIRMED,19038
158,amazon:1:ZC-ASDC-3QMV,ZC-ASDC-3QMV,B0H83TSB5J,120,EXACT_SCOPE_MATCH,,297.99,258.57,297.99,297.99,304.2,MISMATCH,258.57,MATCH,297.99,MATCH,279.09,MISMATCH,281.91,311.19,true,true,259.25,2026-07-14T00:00:00Z,2026-08-13T23:59:59Z,B,SALEPRICE_13,13,PROPOSED_OWNER_APPROVAL_REQUIRED,NOT_APPLICABLE,PATCH_REQUIRED,regular_base|b2b,true,259.25,MISMATCH,CANONICAL_CONFIRMED,19038
159,amazon:1:ZE-AS5W-FKH3,ZE-AS5W-FKH3,B0H8531B8B,24,EXACT_SCOPE_MATCH,,76.99,66.95,76.99,76.99,49.34,MISMATCH,56.95,MISMATCH,76.99,MATCH,48.95,MISMATCH,49.34,44.85,false,false,,,,A,COUPON_13,13,PROPOSED_OWNER_APPROVAL_REQUIRED,UNKNOWN_NOT_EXPOSED_BY_SOURCE_SNAPSHOT,PATCH_REQUIRED,regular_base|minimum|b2b,true,76.99,MISMATCH,CANONICAL_CONFIRMED,18155
160,amazon:1:ZH-AS8W-G5MN,ZH-AS8W-G5MN,B0H82LMD9Z,30,EXACT_SCOPE_MATCH,,85.99,74.75,85.99,85.99,87.94,MISMATCH,74.75,MATCH,85.99,MATCH,75.5,MISMATCH,87.94,84.18,true,true,74.81,2026-07-14T00:00:00Z,2026-08-13T23:59:59Z,B,SALEPRICE_13,13,PROPOSED_OWNER_APPROVAL_REQUIRED,NOT_APPLICABLE,PATCH_REQUIRED,regular_base|b2b,true,74.81,MISMATCH,CANONICAL_CONFIRMED,19038
161,amazon:1:ZP-ASJD-X7ZD,ZP-ASJD-X7ZD,B0H85N7X8W,24,EXACT_SCOPE_MATCH,,76.99,66.95,76.99,76.99,78.76,MISMATCH,66.95,MATCH,76.99,MATCH,71.42,MISMATCH,72.14,78.25,false,false,,,,A,COUPON_13,13,PROPOSED_OWNER_APPROVAL_REQUIRED,UNKNOWN_NOT_EXPOSED_BY_SOURCE_SNAPSHOT,PATCH_REQUIRED,regular_base|b2b,true,76.99,MISMATCH,CANONICAL_CONFIRMED,19038
162,amazon:1:ZX-AS2C-GT8Q,ZX-AS2C-GT8Q,B0H82L3LRT,30,EXACT_SCOPE_MATCH,,85.99,74.75,85.99,85.99,87.94,MISMATCH,74.75,MATCH,85.99,MATCH,75.5,MISMATCH,76.26,84.18,true,true,74.81,2026-07-14T00:00:00Z,2026-08-13T23:59:59Z,B,SALEPRICE_13,13,PROPOSED_OWNER_APPROVAL_REQUIRED,NOT_APPLICABLE,PATCH_REQUIRED,regular_base|b2b,true,74.81,MISMATCH,CANONICAL_CONFIRMED,19038
163,amazon:1:ZX-ASQU-TKU9,ZX-ASQU-TKU9,B0H84PVG1G,24,EXACT_SCOPE_MATCH,,76.99,66.95,76.99,76.99,78.76,MISMATCH,66.95,MATCH,76.99,MATCH,76.22,MISMATCH,76.99,70.8,false,false,,,,A,COUPON_13,13,PROPOSED_OWNER_APPROVAL_REQUIRED,UNKNOWN_NOT_EXPOSED_BY_SOURCE_SNAPSHOT,PATCH_REQUIRED,regular_base|b2b,true,76.99,MATCH,CANONICAL_CONFIRMED,19038
164,amazon:1:ZY-ASZ4-QM5U,ZY-ASZ4-QM5U,B0H83T9QZV,120,EXACT_SCOPE_MATCH,,297.99,258.57,297.99,297.99,349.41,MISMATCH,258.57,MATCH,297.99,MATCH,295.01,MISMATCH,349.41,385.71,true,true,259.25,2026-07-14T00:00:00Z,2026-08-13T23:59:59Z,B,SALEPRICE_13,13,PROPOSED_OWNER_APPROVAL_REQUIRED,NOT_APPLICABLE,PATCH_REQUIRED,regular_base|b2b,true,259.25,MISMATCH,CANONICAL_CONFIRMED,19038
