ordinal,sku,asin,decision,severity,effective_total_units,previous_effective_decision,newly_discovered_false_keep,reason_codes,reuse_donor_status,asset_sha256,asset_local_path,title,observation
1,AC-AS4J-B64F,B0H82ZZS2P,REPAIR,BLOCKING_DEFECT,24,KEEP,true,RETAILER_BADGE_VISIBLE|MIXED_CARTON_PACK_COUNTS_SINGLE_FLAVOR,,6b7f1b519a2be868871a3fe767d5d284d567a4a00466a4cb0d5576bbb691bedb,data/audits/uncrustables-live-main-fetch-20260718-v1/assets/001-AC-AS4J-B64F-B0H82ZZS2P-6b7f1b519a2b.jpg,"Uncrustables Peanut Butter & Chocolate Flavored Spread Sandwiches, 2 oz Each, Frozen, 24 Count",Single flavor is represented as 10 + 10 + 4 retail cartons. The 10-count art also carries a visible Walmart badge.
2,AD-AS4H-QXZD,B0H82J6V9T,REPAIR,BLOCKING_DEFECT,24,KEEP,true,MIXED_CARTON_PACK_COUNTS_SINGLE_FLAVOR,,cf0d3b06d0c438d19d2844bc23c51d6363fb7df73ac3d842d772945e51774c7f,data/audits/uncrustables-live-main-fetch-20260718-v1/assets/002-AD-AS4H-QXZD-B0H82J6V9T-cf0d3b06d0c4.jpg,"Uncrustables Peanut Butter & Honey Spread Frozen Sandwiches, 2 oz Each, 24 Count","Single flavor is represented by mixed 10-count and 4-count carton designs (10 + 10 + 4), violating the one-design rule."
3,AG-ASKV-W9EN,B0H85B64V2,REPAIR,BLOCKING_DEFECT,24,KEEP,true,CARTON_COUNT_MATH_MISMATCH|WRONG_FLAVOR_VISIBLE|MISSING_RECIPE_COMPONENT|FICTIONAL_OR_ALTERED_PACKAGE_ART,,7e274540b591bd781c7d019d8f09138f0c0f68a6819377dcce05edafe017492b,data/audits/uncrustables-live-main-fetch-20260718-v1/assets/003-AG-ASKV-W9EN-B0H85B64V2-7e274540b591.jpg,"Uncrustables Frozen Peanut Butter Sandwiches Variety Pack, 24 Count - Honey Spread & Strawberry Jam","Visible retail-carton count/pack-size arithmetic does not exactly reconcile to every recipe quantity. At least one visible product/flavor is not the exact recipe product. At least one required recipe component is not visibly represented. Visible package art is fabricated, corrupted, or materially altered from reviewed genuine art."
4,AJ-ASRB-HKC3,B0H84G7DHC,REPAIR,BLOCKING_DEFECT,24,REGENERATE,false,MISSING_RECIPE_COMPONENT,,97369434e19236edbe55e1b5c987c48b0771f5aac07b2bdb85efdcac94dd17d9,data/audits/uncrustables-live-main-fetch-20260718-v1/assets/004-AJ-ASRB-HKC3-B0H84G7DHC-97369434e192.jpg,"Uncrustables Peanut Butter Sandwiches Variety Pack, Raspberry Spread and Morning Protein Mixed Berry Spread, 2 oz Each, 24 Count, Frozen",At least one required recipe component is not visibly represented.
5,AN-ASUW-49Y5,B0H8628LW3,REPAIR,BLOCKING_DEFECT,24,REGENERATE,false,NO_APPROVED_COOLER_SCENE,,2710053915e6b3cb248bea6d987b9ca15d996817b95d3fc1fe276a8568f59630,data/audits/uncrustables-live-main-fetch-20260718-v1/assets/005-AN-ASUW-49Y5-B0H8628LW3-2710053915e6.jpg,"Uncrustables Frozen Sandwiches, Chocolate Hazelnut Spread & Peanut Butter Strawberry Jam Variety Pack, 24 Count",The approved Salutem cooler/gel-pack frozen-shipping scene is absent.
6,AU-AS97-USX8,B0H843Q9B5,REPAIR,BLOCKING_DEFECT,24,KEEP,true,CARTON_COUNT_MATH_MISMATCH,,9e71cf5d6f5b7b446eecd30bc1844a9ce04d99ad026e08135a429f6be665d4c5,data/audits/uncrustables-live-main-fetch-20260718-v1/assets/006-AU-AS97-USX8-B0H843Q9B5-9e71cf5d6f5b.jpg,"Uncrustables Peanut Butter & Raspberry Spread and Peanut Butter Frozen Sandwiches, 2 oz Each, Variety Pack, 24 Count","Visible 4-count cartons imply 16 units of each component, not the required 12 + 12."
7,AV-AS7X-8EXK,B0H82JTY19,KEEP,VISUAL_PASS,45,KEEP,false,,,b396b5cf187557a3f773d206abcc3cbed72e7c671ee08678f121bd3a7113616c,data/audits/uncrustables-live-main-fetch-20260718-v1/assets/007-AV-AS7X-8EXK-B0H82JTY19-b396b5cf1875.jpg,"Uncrustables Whole Wheat Peanut Butter & Strawberry Jam Sandwich, Reduced Sugar, Frozen, 2 oz Each, 45 Count","Original-resolution visual review found the exact recipe presentation, a visually reconciled carton/wrapper count plan, the approved cooler/Salutem scene, exactly 2 inside + 2 outside gel packs, and no concrete forbidden mark or package-art defect."
8,AY-AS5F-JEY9,B0H83MWTM7,KEEP,VISUAL_PASS,120,KEEP,false,,,044e5ca43a82de25389e70d0438793dc81685e152af9d59e11a290d7b0f0bceb,data/audits/uncrustables-live-main-fetch-20260718-v1/assets/008-AY-AS5F-JEY9-B0H83MWTM7-044e5ca43a82.jpg,"Uncrustables Whole Wheat Peanut Butter & Strawberry Jam Sandwiches, 2 oz, Reduced Sugar, Individually Wrapped, 120 Count","Original-resolution visual review found the exact recipe presentation, a visually reconciled carton/wrapper count plan, the approved cooler/Salutem scene, exactly 2 inside + 2 outside gel packs, and no concrete forbidden mark or package-art defect."
9,AZ-ASMY-VEQ2,B0H788M8WM,REPAIR,BLOCKING_DEFECT,30,KEEP,true,CARTON_COUNT_MATH_MISMATCH|FICTIONAL_OR_ALTERED_PACKAGE_ART,,9b8f93057114a28e79e7f7115f39defa1f9a4a67fc4c604cfdefe983ad73c39b,data/audits/uncrustables-live-main-fetch-20260718-v1/assets/009-AZ-ASMY-VEQ2-B0H788M8WM-9b8f93057114.jpg,"Uncrustables Peanut Butter & Strawberry Jam Sandwiches, 30 Count, 2 oz Each, Frozen Multipack","Visible retail-carton count/pack-size arithmetic does not exactly reconcile to every recipe quantity. Visible package art is fabricated, corrupted, or materially altered from reviewed genuine art."
10,BD-AS8P-XAW5,B0H85MXFH8,REPAIR,BLOCKING_DEFECT,24,REGENERATE,false,NO_APPROVED_COOLER_SCENE,,0124cb930fb56fce7760407b429d6831bce14bb61704227592e273bb277eae74,data/audits/uncrustables-live-main-fetch-20260718-v1/assets/010-BD-AS8P-XAW5-B0H85MXFH8-0124cb930fb5.jpg,"Uncrustables Frozen Peanut Butter Sandwich Variety Pack, Apple Cinnamon Jelly Protein & Grape Jelly, 24 Count",The approved Salutem cooler/gel-pack frozen-shipping scene is absent.
11,BD-ASGH-LREJ,B0H86Z59DW,REPAIR,BLOCKING_DEFECT,24,KEEP,true,CARTON_COUNT_MATH_MISMATCH,,f945e50022696343cd3b1486f90de1adfa8290e703664bf684b0a23f867f3442,data/audits/uncrustables-live-main-fetch-20260718-v1/assets/011-BD-ASGH-LREJ-B0H86Z59DW-f945e5002269.jpg,"Uncrustables Frozen Sandwiches Variety Pack, 24 Count – Peanut Butter & Honey Spread and Whole Wheat Peanut Butter & Strawberry Jam",Visible retail-carton count/pack-size arithmetic does not exactly reconcile to every recipe quantity.
12,BH-AS7H-D4FV,B0H853MCYZ,KEEP,VISUAL_PASS,24,KEEP,false,,,8963818335ec717ed451d04303545d823cc58d040fb8621e52c1a9840cb03005,data/audits/uncrustables-live-main-fetch-20260718-v1/assets/012-BH-AS7H-D4FV-B0H853MCYZ-8963818335ec.jpg,"Uncrustables Frozen Peanut Butter & Honey and Peanut Butter & Blackberry Spread Sandwiches, Variety Pack, 24 Count","Original-resolution visual review found the exact recipe presentation, a visually reconciled carton/wrapper count plan, the approved cooler/Salutem scene, exactly 2 inside + 2 outside gel packs, and no concrete forbidden mark or package-art defect."
13,BH-ASTN-S4XJ,B0H83ZRNCS,REPAIR,BLOCKING_DEFECT,24,REGENERATE,false,WRONG_FLAVOR_VISIBLE|MISSING_RECIPE_COMPONENT|WRONG_NUTRITION_OR_VARIANT_TEXT,,e7aa2aee84abbe0f7efcccdb10c264515d832eb6042caf2fed88481547a5ef72,data/audits/uncrustables-live-main-fetch-20260718-v1/assets/013-BH-ASTN-S4XJ-B0H83ZRNCS-e7aa2aee84ab.jpg,"Uncrustables Frozen Peanut Butter & Strawberry Jam Protein and Peanut Butter & Blackberry Spread Sandwiches, Variety Pack, 24 Count",At least one visible product/flavor is not the exact recipe product. At least one required recipe component is not visibly represented. Visible package text/nutrition identifies the wrong product variant.
14,BH-ASVY-CR8H,B0H83S368B,REPAIR,BLOCKING_DEFECT,120,KEEP,true,CARTON_COUNT_MATH_MISMATCH,,508feec6218e07feb577ab447324be84f2f7cb125be3a0a5db2652d605bcfc09,data/audits/uncrustables-live-main-fetch-20260718-v1/assets/014-BH-ASVY-CR8H-B0H83S368B-508feec6218e.jpg,"Uncrustables Peanut Butter & Raspberry Spread Sandwiches, 2 oz Each, Frozen, 120 Count","Ten visible 10-count raspberry cartons communicate 100 units, not the required 120."
15,BK-AS5Z-8UY5,B0H85JF1V1,KEEP,VISUAL_PASS,24,KEEP,false,,,d61f1d41c5d5f719df8a4e82f44d5dababd670b27e484ca05c306dcbfb4deed1,data/audits/uncrustables-live-main-fetch-20260718-v1/assets/015-BK-AS5Z-8UY5-B0H85JF1V1-d61f1d41c5d5.jpg,"Uncrustables Frozen Sandwich Variety Pack, Whole Wheat Peanut Butter & Strawberry Jam and Peanut Butter & Blackberry Spread, 24 Count","Original-resolution visual review found the exact recipe presentation, a visually reconciled carton/wrapper count plan, the approved cooler/Salutem scene, exactly 2 inside + 2 outside gel packs, and no concrete forbidden mark or package-art defect."
16,BM-AS5J-3MQY,B0H83LSCQQ,REPAIR,BLOCKING_DEFECT,90,KEEP,true,INDIVIDUAL_WRAPPER_HAS_CARTON_COUNT_BADGE|MINI_CARTON_PRESENTED_AS_WRAPPER,,5f985044fe6b0f37645fc6f8466da8785a70148e0c8e307784b84c0cba5732d2,data/audits/uncrustables-live-main-fetch-20260718-v1/assets/016-BM-AS5J-3MQY-B0H83LSCQQ-5f985044fe6b.jpg,"Uncrustables Morning Protein Peanut Butter & Mixed Berry Spread Sandwich, 2.8 oz Each, 90 Count",Every purported Beamin' Berry wrapper visibly retains an 8-count retail-carton badge.
17,BQ-ASUE-NT37,B0H842HL49,REPAIR,BLOCKING_DEFECT,24,REGENERATE,false,GENERIC_OR_UNBRANDED_PACKAGE,,c32e209b1f761bde77a26edf75d078370372769cc187f908560555380889610a,data/audits/uncrustables-live-main-fetch-20260718-v1/assets/017-BQ-ASUE-NT37-B0H842HL49-c32e209b1f76.jpg,"Uncrustables Frozen Sandwich Variety Pack, Peanut Butter & Strawberry Jam (12g Protein) and Whole Wheat Peanut Butter & Grape Jelly, 24 Count",Visible package is generic or lacks authentic readable Smucker's/Uncrustables identity.
18,BX-AS5P-6WQV,B0H83NM5PX,KEEP,VISUAL_PASS,120,KEEP,false,,,e1d784167ae4c611c925233f4f00e23f3c1ce0d8e70623432e04b24887884c3a,data/audits/uncrustables-live-main-fetch-20260718-v1/assets/018-BX-AS5P-6WQV-B0H83NM5PX-e1d784167ae4.jpg,"Smucker's Uncrustables Frozen Peanut Butter & Blueberry Sandwich, 2.8 oz Each, 120 Count","Original-resolution visual review found the exact recipe presentation, a visually reconciled carton/wrapper count plan, the approved cooler/Salutem scene, exactly 2 inside + 2 outside gel packs, and no concrete forbidden mark or package-art defect."
19,BY-ASY2-8UJJ,B0H83789KC,REPAIR,BLOCKING_DEFECT,30,KEEP,true,INDIVIDUAL_WRAPPER_HAS_CARTON_COUNT_BADGE|MINI_CARTON_PRESENTED_AS_WRAPPER,,765eb5479ae7c9002ec92f4a5395c7f102243289a76ba306bc3a69a2e04f474d,data/audits/uncrustables-live-main-fetch-20260718-v1/assets/019-BY-ASY2-8UJJ-B0H83789KC-765eb5479ae7.jpg,"Uncrustables Whole Wheat Peanut Butter & Strawberry Jam Frozen Sandwiches, 2 oz Each, 30 Count",Every purported individual whole-wheat strawberry wrapper visibly retains a 4-count retail-carton badge.
20,CE-ASGK-ZRHM,B0H84651LM,REPAIR,BLOCKING_DEFECT,24,REGENERATE,false,GENERIC_OR_UNBRANDED_PACKAGE,,21e1dcf6533d4b6ca5fe54583b663a23defe7d285f181b85e8e5650d73a4191c,data/audits/uncrustables-live-main-fetch-20260718-v1/assets/020-CE-ASGK-ZRHM-B0H84651LM-21e1dcf6533d.jpg,"Uncrustables Frozen Peanut Butter & Strawberry Jam Protein and Peanut Butter & Blueberry Sandwich Variety Pack, 24 Count",Visible package is generic or lacks authentic readable Smucker's/Uncrustables identity.
21,CK-ASUM-WT9W,B0H86PRTWS,REPAIR,BLOCKING_DEFECT,24,KEEP,true,WRONG_FLAVOR_VISIBLE|MISSING_RECIPE_COMPONENT|FICTIONAL_OR_ALTERED_PACKAGE_ART|WRONG_NUTRITION_OR_VARIANT_TEXT,,24b03ca34785d46db380b5f8d289751eb84b86791e065f8a5de160c99aa9f1d8,data/audits/uncrustables-live-main-fetch-20260718-v1/assets/021-CK-ASUM-WT9W-B0H86PRTWS-24b03ca34785.jpg,"Uncrustables Frozen Sandwiches, Chocolate Flavored Hazelnut Spread & Peanut Butter Blueberry Variety Pack, 24 Count","At least one visible product/flavor is not the exact recipe product. At least one required recipe component is not visibly represented. Visible package art is fabricated, corrupted, or materially altered from reviewed genuine art. Visible package text/nutrition identifies the wrong product variant."
22,CN-ASG6-892G,B0H8422DQ1,REPAIR,BLOCKING_DEFECT,120,KEEP,true,RETAILER_BADGE_VISIBLE,,c2ac920c6fbcb6d4636dca6c936d9d203749b1360d8c6934de57d0b0d84c3696,data/audits/uncrustables-live-main-fetch-20260718-v1/assets/022-CN-ASG6-892G-B0H8422DQ1-c2ac920c6fbc.jpg,"Uncrustables Peanut Butter & Chocolate Flavored Spread Sandwiches, 2 oz Each, Frozen, 120 Count","Twelve 10-count cartons reconcile to 120, but every carton visibly carries the retailer-exclusive Walmart mark."
23,DA-ASF0-D7RG,B0H83VBTLT,REPAIR,BLOCKING_DEFECT,90,KEEP,true,CARTON_COUNT_MATH_MISMATCH,,bea6b4a1c0d6cbd3742f7965244155f927f860337332dd12b274ed85189c4fd5,data/audits/uncrustables-live-main-fetch-20260718-v1/assets/023-DA-ASF0-D7RG-B0H83VBTLT-bea6b4a1c0d6.jpg,"Smucker's Uncrustables Frozen Peanut Butter & Grape Jelly Sandwich, 2 oz Each, 90 Count",The image uses 4-count retail cartons for a 90-unit recipe; 90 / 4 is not exact.
24,DF-ASQT-BLUQ,B0H83FKSN6,REPAIR,BLOCKING_DEFECT,45,KEEP,true,INDIVIDUAL_WRAPPER_HAS_CARTON_COUNT_BADGE|MINI_CARTON_PRESENTED_AS_WRAPPER,,f72c8e7e4a642f43539d8175a0cb4f7dcb9cda53f3190255bf30378048ff5b22,data/audits/uncrustables-live-main-fetch-20260718-v1/assets/024-DF-ASQT-BLUQ-B0H83FKSN6-f72c8e7e4a64.jpg,"Uncrustables Peanut Butter & Chocolate Flavored Spread Sandwiches, 2 oz Each, Frozen, 45 Count",A purported individual wrapper visibly retains a retail carton pack-count badge. Retail carton front art was shrunk onto a crimped pouch and presented as an individual wrapper.
25,DP-ASQ6-ZPZU,B0H83Y8JH7,REPAIR,BLOCKING_DEFECT,24,KEEP,true,CARTON_COUNT_MATH_MISMATCH,,31b34e45454fc81e8c93c4af80d64192e14d7bb600321c193a17d9711e435e18,data/audits/uncrustables-live-main-fetch-20260718-v1/assets/025-DP-ASQ6-ZPZU-B0H83Y8JH7-31b34e45454f.jpg,"Uncrustables Frozen Peanut Butter & Strawberry Jam Protein Sandwich and Peanut Butter Sandwich, 24 Count Variety Pack",Visible retail-carton count/pack-size arithmetic does not exactly reconcile to every recipe quantity.
26,DY-AS8W-6MJG,B0H82MKPRJ,REPAIR,BLOCKING_DEFECT,45,KEEP,true,INDIVIDUAL_WRAPPER_HAS_CARTON_COUNT_BADGE|MINI_CARTON_PRESENTED_AS_WRAPPER,,a745d4c7ecfe6322716a8634f538c01c1a021f30eae47569d0f05456a3253da7,data/audits/uncrustables-live-main-fetch-20260718-v1/assets/026-DY-AS8W-6MJG-B0H82MKPRJ-a745d4c7ecfe.jpg,"Smucker's Uncrustables Frozen Peanut Butter & Blueberry Sandwich, 2.8 oz Each, 45 Count",Every purported blueberry wrapper visibly retains an 8-count retail-carton badge.
27,EF-AS4A-JCLU,B0H83XB855,REPAIR,BLOCKING_DEFECT,24,KEEP,true,CARTON_COUNT_MATH_MISMATCH|FICTIONAL_OR_ALTERED_PACKAGE_ART|WRONG_NUTRITION_OR_VARIANT_TEXT,,6be4b3427805bf85e4c53fdcd927b34e52ef6734c66c5000a1c5b6c3db7e19b2,data/audits/uncrustables-live-main-fetch-20260718-v1/assets/027-EF-AS4A-JCLU-B0H83XB855-6be4b3427805.jpg,"Uncrustables Frozen Sandwich Variety Pack, Peanut Butter & Strawberry Jam Protein and Chocolate Hazelnut, 24 Count","Visible retail-carton count/pack-size arithmetic does not exactly reconcile to every recipe quantity. Visible package art is fabricated, corrupted, or materially altered from reviewed genuine art. Visible package text/nutrition identifies the wrong product variant."
28,EJ-ASCD-8K87,B0H82PXWKS,KEEP,VISUAL_PASS,90,KEEP,false,,,7cf148b1c1befe3b49ee1bd56ef9bfb3d59a1c4d3d573e44ae0929970e52013e,data/audits/uncrustables-live-main-fetch-20260718-v1/assets/028-EJ-ASCD-8K87-B0H82PXWKS-7cf148b1c1be.jpg,"Uncrustables Peanut Butter & Raspberry Spread Sandwiches, 2 oz Each, Frozen, 90 Count","Original-resolution visual review found the exact recipe presentation, a visually reconciled carton/wrapper count plan, the approved cooler/Salutem scene, exactly 2 inside + 2 outside gel packs, and no concrete forbidden mark or package-art defect."
29,ER-ASRK-TPYQ,B0H84JH1WN,REPAIR,BLOCKING_DEFECT,24,REGENERATE,false,WRONG_FLAVOR_VISIBLE|MISSING_RECIPE_COMPONENT,,2f56be3d1c10f53cc42daff033122f78bb94a762a93b69e6a7702c788917e749,data/audits/uncrustables-live-main-fetch-20260718-v1/assets/029-ER-ASRK-TPYQ-B0H84JH1WN-2f56be3d1c10.jpg,"Uncrustables Peanut Butter & Raspberry Spread and Peanut Butter & Blueberry Sandwiches, 2 oz Each, Variety Pack, 24 Count, Frozen",At least one visible product/flavor is not the exact recipe product. At least one required recipe component is not visibly represented.
30,ES-AS8A-3W3M,B0H83D8TFQ,REPAIR,BLOCKING_DEFECT,30,KEEP,true,RETAILER_BADGE_VISIBLE,,f51a9ba054bb9b34bff577c01e1030c1e45fa932be714b9ad82ca77b2e47d5f8,data/audits/uncrustables-live-main-fetch-20260718-v1/assets/030-ES-AS8A-3W3M-B0H83D8TFQ-f51a9ba054bb.jpg,"Uncrustables Peanut Butter & Chocolate Flavored Spread Sandwiches, 2 oz Each, 30 Count, Frozen","Three 10-count cartons reconcile to 30, but the cartons visibly say Only at Walmart."
31,EW-ASJ9-E79N,B0H82MT74H,REPAIR,BLOCKING_DEFECT,30,KEEP,true,RETAILER_BADGE_VISIBLE,,ca85c103d9791e5790d0854f78d835a849bf41903052ec259ffdb46b997b92ab,data/audits/uncrustables-live-main-fetch-20260718-v1/assets/031-EW-ASJ9-E79N-B0H82MT74H-ca85c103d979.jpg,"Uncrustables Peanut Butter & Chocolate Flavored Spread Sandwiches, 2 oz Each, Frozen, 30 Count","Three 10-count cartons reconcile to 30, but the cartons visibly say Only at Walmart."
32,EW-ASWP-PMZX,B0H891WSZ9,KEEP,VISUAL_PASS,30,KEEP,false,,,e5b7c0f09ad41fbf69c44ba2e15a0e029da8a750080d1bddcc9278b644cffc4f,data/audits/uncrustables-live-main-fetch-20260718-v1/assets/032-EW-ASWP-PMZX-B0H891WSZ9-e5b7c0f09ad4.jpg,"Smucker's Uncrustables Frozen Peanut Butter & Strawberry Jam Sandwiches, 2 oz Each, 30 Count","Original-resolution visual review found the exact recipe presentation, a visually reconciled carton/wrapper count plan, the approved cooler/Salutem scene, exactly 2 inside + 2 outside gel packs, and no concrete forbidden mark or package-art defect."
33,EX-ASC0-5CRL,B0H83JJW1F,REPAIR,BLOCKING_DEFECT,120,KEEP,true,RETAILER_BADGE_VISIBLE,,18c8f3e1e2c184e29ad2a930308e82c492b27b8690fbdd9025a684f99c3803c4,data/audits/uncrustables-live-main-fetch-20260718-v1/assets/033-EX-ASC0-5CRL-B0H83JJW1F-18c8f3e1e2c1.jpg,"Uncrustables Morning Protein Peanut Butter & Mixed Berry Spread Sandwich, 2.8 oz, Wheat Bread, Frozen, 120 Count",Beamin' Berry cartons visibly retain Only at Target badges.
34,EZ-ASLA-Y7MZ,B0H83GBJLW,REPAIR,BLOCKING_DEFECT,90,KEEP,true,INDIVIDUAL_WRAPPER_HAS_CARTON_COUNT_BADGE|MINI_CARTON_PRESENTED_AS_WRAPPER,,23a56c090dc8377327232e8017e67699b8d699fa46654c622b68df9ac3c42347,data/audits/uncrustables-live-main-fetch-20260718-v1/assets/034-EZ-ASLA-Y7MZ-B0H83GBJLW-23a56c090dc8.jpg,"Uncrustables Whole Wheat Peanut Butter & Strawberry Jam Frozen Sandwich, 2 oz, Reduced Sugar, 90 Count",Every purported strawberry wrapper visibly retains a 4-count retail-carton badge.
35,FK-AS6B-6G25,B0H8259J9G,KEEP,VISUAL_PASS,24,KEEP,false,,,a15332be530c8a05bf32c94ea0a507c071de904664aeac005e677c83dd820366,data/audits/uncrustables-live-main-fetch-20260718-v1/assets/035-FK-AS6B-6G25-B0H8259J9G-a15332be530c.jpg,"Uncrustables Peanut Butter & Blackberry Spread Frozen Sandwiches, 2 oz Each, 24 Count","Original-resolution visual review found the exact recipe presentation, a visually reconciled carton/wrapper count plan, the approved cooler/Salutem scene, exactly 2 inside + 2 outside gel packs, and no concrete forbidden mark or package-art defect."
36,FM-AS51-S4MT,B0H853VHRF,REPAIR,BLOCKING_DEFECT,24,KEEP,true,CARTON_COUNT_MATH_MISMATCH|MISSING_RECIPE_COMPONENT,,1272120c4f094b3eca0a21025973ad7e2238e470f8808e074573dc46f70a28a6,data/audits/uncrustables-live-main-fetch-20260718-v1/assets/036-FM-AS51-S4MT-B0H853VHRF-1272120c4f09.jpg,"Uncrustables Frozen Sandwiches Variety Pack, Whole Wheat Peanut Butter & Strawberry Jam and Peanut Butter & Chocolate Flavored Spread, 24 Count",Visible retail-carton count/pack-size arithmetic does not exactly reconcile to every recipe quantity. At least one required recipe component is not visibly represented.
37,FN-ASVM-UWAG,B0H85J88LJ,KEEP,VISUAL_PASS,24,KEEP,false,,,4122fdcdc76688d6f884a4ea901f27bfd0728bc9eddf8fcb95d60895c73ed696,data/audits/uncrustables-live-main-fetch-20260718-v1/assets/037-FN-ASVM-UWAG-B0H85J88LJ-4122fdcdc766.jpg,"Uncrustables Frozen Sandwich Variety Pack, 24 Count - Peanut Butter and Whole Wheat Peanut Butter & Grape Jelly","Original-resolution visual review found the exact recipe presentation, a visually reconciled carton/wrapper count plan, the approved cooler/Salutem scene, exactly 2 inside + 2 outside gel packs, and no concrete forbidden mark or package-art defect."
38,FR-AS6X-5KJY,B0H827V9DJ,REPAIR,BLOCKING_DEFECT,24,KEEP,true,MIXED_CARTON_PACK_COUNTS_SINGLE_FLAVOR,,025e677a6b5c69874bf43f640611b6201bfe019152a93cba5ac19f59fae7e895,data/audits/uncrustables-live-main-fetch-20260718-v1/assets/038-FR-AS6X-5KJY-B0H827V9DJ-025e677a6b5c.jpg,"Uncrustables Chocolate Flavored Hazelnut Spread Frozen Sandwiches, Individually Wrapped, 24 Count",Single flavor is represented as 10 + 10 + 4 retail cartons instead of one reviewed count/design.
39,FV-AS47-EJZW,B0H82SZSYJ,KEEP,VISUAL_PASS,45,KEEP,false,,,8ef9bceded1c40a8e0c18c3d34700ea8d81c57bba896e7ba5c3befb2eedf73ff,data/audits/uncrustables-live-main-fetch-20260718-v1/assets/039-FV-AS47-EJZW-B0H82SZSYJ-8ef9bceded1c.jpg,"Smucker's Uncrustables Whole Wheat Peanut Butter & Grape Jelly Sandwiches, Frozen, 45 Count","Original-resolution visual review found the exact recipe presentation, a visually reconciled carton/wrapper count plan, the approved cooler/Salutem scene, exactly 2 inside + 2 outside gel packs, and no concrete forbidden mark or package-art defect."
40,FX-AS2W-KHZT,B0H827J2XZ,REPAIR,BLOCKING_DEFECT,24,REGENERATE,false,WRONG_FLAVOR_VISIBLE|FICTIONAL_OR_ALTERED_PACKAGE_ART|WRONG_NUTRITION_OR_VARIANT_TEXT|GENERIC_OR_UNBRANDED_PACKAGE,,9783df8a5ce066aeb4e163c1cce37bf59eb4f397c1eda664acf69d5e26ba5297,data/audits/uncrustables-live-main-fetch-20260718-v1/assets/040-FX-AS2W-KHZT-B0H827J2XZ-9783df8a5ce0.jpg,"Uncrustables Peanut Butter & Strawberry Jam Frozen Sandwiches, 12g Protein, 2.8 oz Each, 24 Count","At least one visible product/flavor is not the exact recipe product. Visible package art is fabricated, corrupted, or materially altered from reviewed genuine art. Visible package text/nutrition identifies the wrong product variant. Visible package is generic or lacks authentic readable Smucker's/Uncrustables identity."
41,GG-ASNC-C9WA,B0H8219Z7T,KEEP,VISUAL_PASS,30,KEEP,false,,,f123caa9ff3e1b4c58993731258217c2fa5a92c9775782de651b2f9b9fc12949,data/audits/uncrustables-live-main-fetch-20260718-v1/assets/041-GG-ASNC-C9WA-B0H8219Z7T-f123caa9ff3e.jpg,"Uncrustables Chocolate Flavored Hazelnut Spread Frozen Sandwiches, 1.8 oz Each, 30 Count","Original-resolution visual review found the exact recipe presentation, a visually reconciled carton/wrapper count plan, the approved cooler/Salutem scene, exactly 2 inside + 2 outside gel packs, and no concrete forbidden mark or package-art defect."
42,GR-AS0R-YPCF,B0H82GJ292,REPAIR,BLOCKING_DEFECT,30,KEEP,true,INDIVIDUAL_WRAPPER_HAS_CARTON_COUNT_BADGE|MINI_CARTON_PRESENTED_AS_WRAPPER,,f49770fa06f91e6860ad6469f1cd22b9ed9736d0e6a271db8b900437922217d6,data/audits/uncrustables-live-main-fetch-20260718-v1/assets/042-GR-AS0R-YPCF-B0H82GJ292-f49770fa06f9.jpg,"Uncrustables Frozen Peanut Butter Sandwich, 1.8 oz Each, 30 Count",Every purported peanut-butter wrapper visibly retains a 4-count retail-carton badge.
43,GR-AS1P-DBB2,B0H82S7TFG,KEEP,VISUAL_PASS,24,KEEP,false,,,11543394de63f52e84ca23d40b4f17019406022772c56011c82477a4efae6503,data/audits/uncrustables-live-main-fetch-20260718-v1/assets/043-GR-AS1P-DBB2-B0H82S7TFG-11543394de63.jpg,"Smucker's Uncrustables Frozen Peanut Butter & Grape Jelly Sandwiches, 2 oz Each, 24 Count","Original-resolution visual review found the exact recipe presentation, a visually reconciled carton/wrapper count plan, the approved cooler/Salutem scene, exactly 2 inside + 2 outside gel packs, and no concrete forbidden mark or package-art defect."
44,GU-ASQ1-S7M6,B0H828GQLP,KEEP,VISUAL_PASS,30,KEEP,false,,,ac4d801e2c9430c0559bc52454eeda922b371344a08cf9262df92c955b3695e3,data/audits/uncrustables-live-main-fetch-20260718-v1/assets/044-GU-ASQ1-S7M6-B0H828GQLP-ac4d801e2c94.jpg,"Uncrustables Peanut Butter & Raspberry Spread Sandwiches, 2 oz Each, Frozen, 30 Count","Original-resolution visual review found the exact recipe presentation, a visually reconciled carton/wrapper count plan, the approved cooler/Salutem scene, exactly 2 inside + 2 outside gel packs, and no concrete forbidden mark or package-art defect."
45,GX-ASTJ-WHV3,B0H83XV9WX,REPAIR,BLOCKING_DEFECT,24,KEEP,true,CARTON_COUNT_MATH_MISMATCH|MISSING_RECIPE_COMPONENT,,8cf7af0ae8ebad5844d3b730a269fa1ddddc16aaef464cc289d38dcb9146ebb9,data/audits/uncrustables-live-main-fetch-20260718-v1/assets/045-GX-ASTJ-WHV3-B0H83XV9WX-8cf7af0ae8eb.jpg,"Uncrustables Frozen Peanut Butter & Strawberry Jam and Apple Cinnamon Jelly Protein Sandwiches, 2.8 oz, Variety Pack – 24 Count",Visible retail-carton count/pack-size arithmetic does not exactly reconcile to every recipe quantity. At least one required recipe component is not visibly represented.
46,HA-ASCR-ME3A,B0H85V287S,REPAIR,BLOCKING_DEFECT,24,KEEP,true,CARTON_COUNT_MATH_MISMATCH,,03e9749b052a72b529b38cd9d4112bb16ef743f09e17048648af31c1584f49ae,data/audits/uncrustables-live-main-fetch-20260718-v1/assets/046-HA-ASCR-ME3A-B0H85V287S-03e9749b052a.jpg,"Uncrustables Frozen Sandwich Variety Pack, Peanut Butter & Apple Cinnamon Jelly Protein and Peanut Butter & Chocolate Flavored Spread, 24 Count",Visible retail-carton count/pack-size arithmetic does not exactly reconcile to every recipe quantity.
47,HD-ASEQ-MFAY,B0H83QW85C,REPAIR,BLOCKING_DEFECT,90,KEEP,true,INDIVIDUAL_WRAPPER_HAS_CARTON_COUNT_BADGE|MINI_CARTON_PRESENTED_AS_WRAPPER,,73ed45d913d690048cf8f1c8b80b8f6b398343f61c153f408098f08a6cb559de,data/audits/uncrustables-live-main-fetch-20260718-v1/assets/047-HD-ASEQ-MFAY-B0H83QW85C-73ed45d913d6.jpg,"Uncrustables Frozen Peanut Butter & Apple Cinnamon Jelly Sandwich, 12g Protein, 2.8 oz, 90 Count",A purported individual wrapper visibly retains a retail carton pack-count badge. Retail carton front art was shrunk onto a crimped pouch and presented as an individual wrapper.
48,HR-AS7Q-7ZDF,B0H856RRRK,REPAIR,BLOCKING_DEFECT,24,KEEP,true,CARTON_COUNT_MATH_MISMATCH|FICTIONAL_OR_ALTERED_PACKAGE_ART,,d8e837772fac23dbd42605aa0a80180d7a996b4fa9a910605008f0be6659cfb5,data/audits/uncrustables-live-main-fetch-20260718-v1/assets/048-HR-AS7Q-7ZDF-B0H856RRRK-d8e837772fac.jpg,"Uncrustables Frozen Sandwiches Variety Pack, Peanut Butter and Peanut Butter & Chocolate Flavored Spread, 24 Count","Only five cartons are visible for a 12 + 12 mix; the selected chocolate source is 10ct, so 12 / 10 is not exact, and its printed counts are erased."
49,HU-ASMI-DN3X,B0H82YMT6K,REPAIR,BLOCKING_DEFECT,30,KEEP,true,INDIVIDUAL_WRAPPER_HAS_CARTON_COUNT_BADGE|MINI_CARTON_PRESENTED_AS_WRAPPER,,cd43761c0aff666fcd9675be7d4375b83e76c6aed3b4a6d1c88f2d12a839e6a1,data/audits/uncrustables-live-main-fetch-20260718-v1/assets/049-HU-ASMI-DN3X-B0H82YMT6K-cd43761c0aff.jpg,"Smucker's Uncrustables Frozen Peanut Butter & Blueberry Sandwich, 2.8 oz Each, 30 Count",Every purported blueberry wrapper visibly retains an 8-count retail-carton badge.
50,HX-ASO8-XCL2,B0H832SD15,KEEP,VISUAL_PASS,45,KEEP,false,,,5f6904abd7c503dd145cf2d65d8185ee6f33f20a7fd035e364bca733aa71d1bf,data/audits/uncrustables-live-main-fetch-20260718-v1/assets/050-HX-ASO8-XCL2-B0H832SD15-5f6904abd7c5.jpg,"Smucker's Uncrustables Frozen Peanut Butter & Grape Jelly Sandwiches, 2 oz Each, 45 Count","Original-resolution visual review found the exact recipe presentation, a visually reconciled carton/wrapper count plan, the approved cooler/Salutem scene, exactly 2 inside + 2 outside gel packs, and no concrete forbidden mark or package-art defect."
51,HZ-ASPS-4L22,B0H857K38C,REPAIR,BLOCKING_DEFECT,24,REGENERATE,false,GENERIC_OR_UNBRANDED_PACKAGE,,8cd1ddd15697ad14279e1899d1dbbbcb593f7c1a3c38b90f43ed5df11f4f7f0a,data/audits/uncrustables-live-main-fetch-20260718-v1/assets/051-HZ-ASPS-4L22-B0H857K38C-8cd1ddd15697.jpg,"Uncrustables Frozen Peanut Butter Sandwiches, Whole Wheat Strawberry Jam & Blueberry Variety, 24 Count",Visible package is generic or lacks authentic readable Smucker's/Uncrustables identity.
52,JC-ASM4-XXW7,B0H84ZL156,REPAIR,BLOCKING_DEFECT,24,REGENERATE,false,WRONG_NUTRITION_OR_VARIANT_TEXT,,6a68177cc400d2227585f11d9576895815ef6fc3cdc0fb7bea86f170f9d477c7,data/audits/uncrustables-live-main-fetch-20260718-v1/assets/052-JC-ASM4-XXW7-B0H84ZL156-6a68177cc400.jpg,"Uncrustables Frozen Sandwich Variety Pack, 24 Count – Peanut Butter & Apple Cinnamon Jelly Protein and Peanut Butter & Blackberry Spread","The visible Up & Apple wrappers state 6g protein, conflicting with the required 12g Protein component."
53,JH-ASV9-Z46X,B0H8369PMK,KEEP,VISUAL_PASS,24,KEEP,false,,,8151d5a8077738985b01e2bd12b3606628f03a0ff276971687c71e0811632099,data/audits/uncrustables-live-main-fetch-20260718-v1/assets/053-JH-ASV9-Z46X-B0H8369PMK-8151d5a80777.jpg,"Uncrustables Frozen Peanut Butter & Apple Cinnamon Jelly Sandwich, 12g Protein, Crustless, 2.8 oz Each, 24 Count","Original-resolution visual review found the exact recipe presentation, a visually reconciled carton/wrapper count plan, the approved cooler/Salutem scene, exactly 2 inside + 2 outside gel packs, and no concrete forbidden mark or package-art defect."
54,JL-ASUC-JUZE,B0H831MXGD,KEEP,VISUAL_PASS,45,KEEP,false,,,919d4340b674f38957f8e1b65767d5a6790b70ed88934911c69c3fc91debcea5,data/audits/uncrustables-live-main-fetch-20260718-v1/assets/054-JL-ASUC-JUZE-B0H831MXGD-919d4340b674.jpg,"Uncrustables Peanut Butter & Honey Spread Frozen Sandwiches, 2 oz Each, 45 Count","Original-resolution visual review found the exact recipe presentation, a visually reconciled carton/wrapper count plan, the approved cooler/Salutem scene, exactly 2 inside + 2 outside gel packs, and no concrete forbidden mark or package-art defect."
55,JS-AS5F-QB8T,B0H822TJ7C,REPAIR,BLOCKING_DEFECT,30,KEEP,true,GEL_PACK_COUNT_OR_LAYOUT_FAIL,,e90d69bd62ebd1783094f047737a09e3ebc5ab173a99fdb7ced7b640f5adf2a5,data/audits/uncrustables-live-main-fetch-20260718-v1/assets/055-JS-AS5F-QB8T-B0H822TJ7C-e90d69bd62eb.jpg,"Uncrustables Frozen Peanut Butter & Apple Cinnamon Jelly Sandwiches, 12g Protein, Individually Wrapped, 30 Count","Three gel packs are visible inside the cooler plus two outside (five total), not the required 2 + 2."
56,JT-ASKD-KS8T,B0H83Z6S3Q,KEEP,VISUAL_PASS,120,KEEP,false,,,c0e02a77cf9db95e6bfeef5a7fe052cba75c648b34c5b90c1b092ba32913d45a,data/audits/uncrustables-live-main-fetch-20260718-v1/assets/056-JT-ASKD-KS8T-B0H83Z6S3Q-c0e02a77cf9d.jpg,"Smucker's Uncrustables Frozen Peanut Butter & Grape Jelly Sandwiches, 2 oz Each, 120 Count","Original-resolution visual review found the exact recipe presentation, a visually reconciled carton/wrapper count plan, the approved cooler/Salutem scene, exactly 2 inside + 2 outside gel packs, and no concrete forbidden mark or package-art defect."
57,JU-ASM0-KV4Z,B0H8462L4S,KEEP,VISUAL_PASS,24,KEEP,false,,,cf187ffefdc4dd7bcccf130ead59fe5f560e03dc2ec5d489d0b0ba5a04d703fb,data/audits/uncrustables-live-main-fetch-20260718-v1/assets/057-JU-ASM0-KV4Z-B0H8462L4S-cf187ffefdc4.jpg,"Uncrustables Frozen Sandwiches Variety Pack, Peanut Butter & Raspberry Spread and Whole Wheat Peanut Butter & Grape Jelly, 2 oz Each, 24 Count","Original-resolution visual review found the exact recipe presentation, a visually reconciled carton/wrapper count plan, the approved cooler/Salutem scene, exactly 2 inside + 2 outside gel packs, and no concrete forbidden mark or package-art defect."
58,JU-ASYC-SSJD,B0H854C7SZ,REPAIR,BLOCKING_DEFECT,24,REGENERATE,false,GENERIC_OR_UNBRANDED_PACKAGE|PRODUCT_PHYSICAL_SEATING_FAIL,,9088a19c31a6c11188cdb29fda27f35b8b047228975ff3581958b2744674f312,data/audits/uncrustables-live-main-fetch-20260718-v1/assets/058-JU-ASYC-SSJD-B0H854C7SZ-9088a19c31a6.jpg,"Uncrustables Whole Wheat Peanut Butter Sandwiches, Strawberry Jam & Grape Jelly Variety, 24 Count","Visible package is generic or lacks authentic readable Smucker's/Uncrustables identity. Products are pasted, floating, outside, or otherwise not physically seated behind the cooler rim."
59,JY-ASPW-LB4K,B0H84621N6,REPAIR,BLOCKING_DEFECT,24,REGENERATE,false,WRONG_FLAVOR_VISIBLE|MISSING_RECIPE_COMPONENT,,9d3f5b2767778d4f2e5382aaf410509f8d62fc3c6039450c957322cf4f7fc4ed,data/audits/uncrustables-live-main-fetch-20260718-v1/assets/059-JY-ASPW-LB4K-B0H84621N6-9d3f5b276777.jpg,"Uncrustables Frozen Peanut Butter Sandwiches Variety Pack – Raspberry Spread and Apple Cinnamon Jelly Protein, 24 Count",At least one visible product/flavor is not the exact recipe product. At least one required recipe component is not visibly represented.
60,KD-AS12-8HZ3,B0H845JBM6,REPAIR,BLOCKING_DEFECT,24,KEEP,true,CARTON_COUNT_MATH_MISMATCH,INVALID_FOR_REUSE,3504b902388fddb7cc06d67e7cd648c0cd007f7d7ba35bf902a198f89835691f,data/audits/uncrustables-live-main-fetch-20260718-v1/assets/060-KD-AS12-8HZ3-B0H845JBM6-3504b902388f.jpg,"Uncrustables Frozen Crustless Sandwiches, Peanut Butter & Strawberry Jam Protein and Peanut Butter & Mixed Berry, 2.8 oz, 24 Count","Two 8-count cartons are shown for each component (16 + 16), not the required 12 + 12."
61,KN-ASYZ-ST4M,B0H83XBXHX,REPAIR,BLOCKING_DEFECT,24,KEEP,true,CARTON_COUNT_MATH_MISMATCH,,5e67693753e6185ccf2f7130c2023448bba4eb61b0dae1d36b60d2e700203de4,data/audits/uncrustables-live-main-fetch-20260718-v1/assets/061-KN-ASYZ-ST4M-B0H83XBXHX-5e67693753e6.jpg,"Uncrustables Frozen Peanut Butter Sandwich Variety Pack, Strawberry Jam Protein & Raspberry Spread, 24 Count",Visible retail-carton count/pack-size arithmetic does not exactly reconcile to every recipe quantity.
62,KP-ASYC-RN84,B0H83FYZR3,KEEP,VISUAL_PASS,90,KEEP,false,,,61d1f58a8f4d4461d50577f65c6a432dbd26dd6f59cbc914044155ff65f0516d,data/audits/uncrustables-live-main-fetch-20260718-v1/assets/062-KP-ASYC-RN84-B0H83FYZR3-61d1f58a8f4d.jpg,"Smucker's Uncrustables Frozen Peanut Butter & Blueberry Sandwich, 2.8 oz Each, 90 Count","Original-resolution visual review found the exact recipe presentation, a visually reconciled carton/wrapper count plan, the approved cooler/Salutem scene, exactly 2 inside + 2 outside gel packs, and no concrete forbidden mark or package-art defect."
63,LH-ASP7-KZR4,B0H82XNFRW,REPAIR,BLOCKING_DEFECT,90,KEEP,true,INDIVIDUAL_WRAPPER_HAS_CARTON_COUNT_BADGE|MINI_CARTON_PRESENTED_AS_WRAPPER,,0bc9eed0bf8829f1786da67bffe3033f831a40f271972e667a15a0b3d0bfa0da,data/audits/uncrustables-live-main-fetch-20260718-v1/assets/063-LH-ASP7-KZR4-B0H82XNFRW-0bc9eed0bf88.jpg,"Uncrustables Whole Wheat Peanut Butter & Strawberry Jam Sandwich, Reduced Sugar, Individually Wrapped, Frozen, 90 Count",Every purported whole-wheat strawberry wrapper visibly retains a 4-count retail-carton badge.
64,LJ-ASYO-FWJK,B0H853SHVC,KEEP,VISUAL_PASS,24,KEEP,false,,,bd9392143b1dc529893ef739548398e80702626212c010fdfdd9f4dd917e99d5,data/audits/uncrustables-live-main-fetch-20260718-v1/assets/064-LJ-ASYO-FWJK-B0H853SHVC-bd9392143b1d.jpg,"Uncrustables Frozen Sandwiches Variety Pack, Whole Wheat Peanut Butter & Strawberry Jam and Chocolate Flavored Hazelnut Spread, 24 Count","Original-resolution visual review found the exact recipe presentation, a visually reconciled carton/wrapper count plan, the approved cooler/Salutem scene, exactly 2 inside + 2 outside gel packs, and no concrete forbidden mark or package-art defect."
65,LK-AS7X-K43B,B0H84CGGXL,REPAIR,BLOCKING_DEFECT,24,REGENERATE,false,FICTIONAL_OR_ALTERED_PACKAGE_ART|GENERIC_OR_UNBRANDED_PACKAGE,,7561ca68cb626ac5d464b3fd13f5c20faa74191192111cc588ad9b26bd03a536,data/audits/uncrustables-live-main-fetch-20260718-v1/assets/065-LK-AS7X-K43B-B0H84CGGXL-7561ca68cb62.jpg,"Uncrustables Peanut Butter Sandwich Variety Pack, 24 Count – 12 Raspberry Spread & 12 Strawberry Jam, 2 oz Each, Frozen","Visible package art is fabricated, corrupted, or materially altered from reviewed genuine art. Visible package is generic or lacks authentic readable Smucker's/Uncrustables identity."
66,LP-AS9J-HSVB,B0H82B7KK1,REPAIR,BLOCKING_DEFECT,24,KEEP,true,CARTON_COUNT_MATH_MISMATCH,,734e2b65b1fddfa895755eb0253cd7ff82b79ee5958b840eb58daf8456bc5776,data/audits/uncrustables-live-main-fetch-20260718-v1/assets/066-LP-AS9J-HSVB-B0H82B7KK1-734e2b65b1fd.jpg,"Uncrustables Peanut Butter & Raspberry Spread Frozen Sandwiches, 2 oz Each, 24 Count",Visible retail-carton count/pack-size arithmetic does not exactly reconcile to every recipe quantity.
67,LU-ASK0-LSDF,B0H84YZDB7,REPAIR,BLOCKING_DEFECT,24,REGENERATE,false,CARTON_COUNT_MATH_MISMATCH|FICTIONAL_OR_ALTERED_PACKAGE_ART|GENERIC_OR_UNBRANDED_PACKAGE,,cef974d62abaed6194ce5d98c3a720f6ee34b84c1c7f9a670985eb0721393738,data/audits/uncrustables-live-main-fetch-20260718-v1/assets/067-LU-ASK0-LSDF-B0H84YZDB7-cef974d62aba.jpg,"Uncrustables Frozen Peanut Butter and Peanut Butter & Grape Jelly Sandwich Variety Pack, 24 Count","Visible retail-carton count/pack-size arithmetic does not exactly reconcile to every recipe quantity. Visible package art is fabricated, corrupted, or materially altered from reviewed genuine art. Visible package is generic or lacks authentic readable Smucker's/Uncrustables identity."
68,ME-AS1I-SEX2,B0H83RVHNF,REPAIR,BLOCKING_DEFECT,90,KEEP,true,CARTON_COUNT_MATH_MISMATCH,,8f965df2f380c33d05217b010468b97c23e857f8879beb409789000f9c85f43e,data/audits/uncrustables-live-main-fetch-20260718-v1/assets/068-ME-AS1I-SEX2-B0H83RVHNF-8f965df2f380.jpg,"Uncrustables Peanut Butter & Chocolate Flavored Spread Sandwiches, Frozen, 2 oz Each, 90 Count",Visible retail-carton count/pack-size arithmetic does not exactly reconcile to every recipe quantity.
69,MF-AS0J-YRT4,B0H82NHQCL,KEEP,VISUAL_PASS,24,KEEP,false,,,fb8d8cc043578e711423f07094ee99576ef2ae6404e65138d21eab1aa58d6c66,data/audits/uncrustables-live-main-fetch-20260718-v1/assets/069-MF-AS0J-YRT4-B0H82NHQCL-fb8d8cc04357.jpg,"Uncrustables Whole Wheat Peanut Butter & Strawberry Jam Sandwich, Reduced Sugar, 2 oz, Frozen, 24 Count","Original-resolution visual review found the exact recipe presentation, a visually reconciled carton/wrapper count plan, the approved cooler/Salutem scene, exactly 2 inside + 2 outside gel packs, and no concrete forbidden mark or package-art defect."
70,MP-ASYO-QNU2,B0H84Z9KWL,REPAIR,BLOCKING_DEFECT,24,KEEP,true,CARTON_COUNT_MATH_MISMATCH,,57ded73ec4e431ab1f4ea89491f6b79ad920bc5fb35b5e377f0d5014520bb1df,data/audits/uncrustables-live-main-fetch-20260718-v1/assets/070-MP-ASYO-QNU2-B0H84Z9KWL-57ded73ec4e4.jpg,"Uncrustables Frozen Peanut Butter Sandwich Variety Pack, Honey Spread & Grape Jelly, 24 Count",Visible retail-carton count/pack-size arithmetic does not exactly reconcile to every recipe quantity.
71,MP-ASZ9-TKE7,B0H837HLKC,KEEP,VISUAL_PASS,30,KEEP,false,,VISUAL_PASS_ONLY,3398bb472d684a29a8a7f98f976497a32be31eac8dcb908712eceba1ec69f93b,data/audits/uncrustables-live-main-fetch-20260718-v1/assets/071-MP-ASZ9-TKE7-B0H837HLKC-3398bb472d68.jpg,"Uncrustables Morning Protein Peanut Butter & Mixed Berry Spread Sandwich, 2.8 oz, Frozen, 30 Count","Original-resolution visual review found the exact recipe presentation, a visually reconciled carton/wrapper count plan, the approved cooler/Salutem scene, exactly 2 inside + 2 outside gel packs, and no concrete forbidden mark or package-art defect."
72,NC-ASPL-EXE8,B0H83QRV43,REPAIR,BLOCKING_DEFECT,24,KEEP,true,CARTON_COUNT_MATH_MISMATCH,,796c5556f0963eb830e315eac9934737608a58970b9976d9a3d6051d79214324,data/audits/uncrustables-live-main-fetch-20260718-v1/assets/072-NC-ASPL-EXE8-B0H83QRV43-796c5556f096.jpg,"Uncrustables Frozen Peanut Butter & Strawberry Jam Sandwiches, Variety Pack, 24 Count – Protein & Whole Wheat",Visible retail-carton count/pack-size arithmetic does not exactly reconcile to every recipe quantity.
73,NJ-ASAC-PTK2,B0H82X48CD,KEEP,VISUAL_PASS,24,KEEP,false,,,0ea952dcb9485fa04e1c781e0d1d799c846f0814779376eba1563eac0d370cbf,data/audits/uncrustables-live-main-fetch-20260718-v1/assets/073-NJ-ASAC-PTK2-B0H82X48CD-0ea952dcb948.jpg,"Uncrustables Whole Wheat Peanut Butter & Strawberry Jam Frozen Sandwiches, 2 oz Each, 24 Count","Original-resolution visual review found the exact recipe presentation, a visually reconciled carton/wrapper count plan, the approved cooler/Salutem scene, exactly 2 inside + 2 outside gel packs, and no concrete forbidden mark or package-art defect."
74,NM-ASEW-S2SK,B0H86TVN3C,REPAIR,BLOCKING_DEFECT,24,KEEP,true,RETAILER_BADGE_VISIBLE,,7062e7027abd90e43f86422a7ec17b95d2ba63f52296a56b90c2d24e59a4df4f,data/audits/uncrustables-live-main-fetch-20260718-v1/assets/074-NM-ASEW-S2SK-B0H86TVN3C-7062e7027abd.jpg,"Uncrustables Morning Protein Peanut Butter & Mixed Berry Spread Sandwich, 2.8 oz, 24 Count","Three 8-count cartons reconcile to 24, but each visibly carries Only at Target."
75,NS-ASSD-B3JJ,B0H82L945T,REPAIR,BLOCKING_DEFECT,24,KEEP,true,RETAILER_BADGE_VISIBLE,,280f0bb428672068188c14792ca9c2ffcfbca9408468e95bcb86ea75b3a938f5,data/audits/uncrustables-live-main-fetch-20260718-v1/assets/075-NS-ASSD-B3JJ-B0H82L945T-280f0bb42867.jpg,"Uncrustables Peanut Butter & Mixed Berry Spread Frozen Sandwiches, 2 oz Each, 24 Count","Six 4-count Red, White & Berry cartons reconcile to 24, but each visibly carries Only at Walmart."
76,NT-ASIL-V5LK,B0H84547PM,REPAIR,BLOCKING_DEFECT,24,KEEP,true,CARTON_COUNT_MATH_MISMATCH,,4d1ceae4cc0d14877ad8426868a24cdec648eb7c56dffc6f51471b18145c69ce,data/audits/uncrustables-live-main-fetch-20260718-v1/assets/076-NT-ASIL-V5LK-B0H84547PM-4d1ceae4cc0d.jpg,"Uncrustables Frozen Sandwiches Variety Pack, Peanut Butter & Strawberry Jam Protein and Peanut Butter & Chocolate Flavored Spread, 24 Count",Visible retail-carton count/pack-size arithmetic does not exactly reconcile to every recipe quantity.
77,NV-AS86-HD44,B0H85KQJKS,REPAIR,BLOCKING_DEFECT,24,KEEP,true,CARTON_COUNT_MATH_MISMATCH,,0d4a6515e485ca690b1c8ebb2e24a92a54382aaa6ca0a89cb81a555372b3ea6e,data/audits/uncrustables-live-main-fetch-20260718-v1/assets/077-NV-AS86-HD44-B0H85KQJKS-0d4a6515e485.jpg,"Uncrustables Frozen Sandwiches Variety Pack, Chocolate Hazelnut & Whole Wheat Peanut Butter Grape Jelly, 24 Count",Visible retail-carton count/pack-size arithmetic does not exactly reconcile to every recipe quantity.
78,PB-ASAF-G2T6,B0H82K7Y7S,KEEP,VISUAL_PASS,24,KEEP,false,,,299fd08884d21bf263d1906638ceed76b4b7932757c3cc71f4e4f68fb29bac58,data/audits/uncrustables-live-main-fetch-20260718-v1/assets/078-PB-ASAF-G2T6-B0H82K7Y7S-299fd08884d2.jpg,"Uncrustables Frozen Peanut Butter Sandwiches, No Crust, Individually Wrapped, 24 Count","Original-resolution visual review found the exact recipe presentation, a visually reconciled carton/wrapper count plan, the approved cooler/Salutem scene, exactly 2 inside + 2 outside gel packs, and no concrete forbidden mark or package-art defect."
79,PJ-ASAX-6LTG,B0H82T12L7,REPAIR,BLOCKING_DEFECT,90,KEEP,true,INDIVIDUAL_WRAPPER_HAS_CARTON_COUNT_BADGE|MINI_CARTON_PRESENTED_AS_WRAPPER,,44bd2da8b3c588488c2c44bb310407be5fcfd277317949cda41de1796db01b21,data/audits/uncrustables-live-main-fetch-20260718-v1/assets/079-PJ-ASAX-6LTG-B0H82T12L7-44bd2da8b3c5.jpg,"Uncrustables Frozen Peanut Butter & Strawberry Jam Sandwiches, 12g Protein, 2.8 oz Each, 90 Count",Every purported Bright-Eyed Berry wrapper visibly retains an 8-count retail-carton badge.
80,PJ-ASDX-E8LW,B0H85MGP35,REPAIR,BLOCKING_DEFECT,24,REGENERATE,false,WRONG_FLAVOR_VISIBLE|MISSING_RECIPE_COMPONENT,,a2bb4733ed0c6c8211d4522f46ac8deca3b3760ea35c88694b80bca78bc858a8,data/audits/uncrustables-live-main-fetch-20260718-v1/assets/080-PJ-ASDX-E8LW-B0H85MGP35-a2bb4733ed0c.jpg,"Uncrustables Frozen Peanut Butter & Honey Spread and Peanut Butter & Mixed Berry Spread Sandwiches, 24 Count Variety Pack",At least one visible product/flavor is not the exact recipe product. At least one required recipe component is not visibly represented.
81,PL-ASR9-U94A,B0H83RR2XQ,REPAIR,BLOCKING_DEFECT,45,KEEP,true,INDIVIDUAL_WRAPPER_HAS_CARTON_COUNT_BADGE|MINI_CARTON_PRESENTED_AS_WRAPPER,,ee2a2d60a5b6dc41e92487a4c24eeb7a950f4904c30fc53ab12047ef97a4fb23,data/audits/uncrustables-live-main-fetch-20260718-v1/assets/081-PL-ASR9-U94A-B0H83RR2XQ-ee2a2d60a5b6.jpg,"Uncrustables Morning Protein Peanut Butter & Mixed Berry Spread Sandwich, 2.8 oz, Wheat Bread, 45 Count, Frozen",Every purported Beamin' Berry wrapper visibly retains an 8-count retail-carton badge.
82,PP-AS23-SPLQ,B0H84CDNQG,REPAIR,BLOCKING_DEFECT,24,KEEP,true,CARTON_COUNT_MATH_MISMATCH,,de25dc4dafdef66aa4ebeabae68a278f5f3fbe982d889db6d7f9fc21121bbfb8,data/audits/uncrustables-live-main-fetch-20260718-v1/assets/082-PP-AS23-SPLQ-B0H84CDNQG-de25dc4dafde.jpg,"Uncrustables Peanut Butter Sandwich Variety Pack, 2 oz Each, 24 Count - Raspberry Spread and Whole Wheat Strawberry Jam",Visible retail-carton count/pack-size arithmetic does not exactly reconcile to every recipe quantity.
83,PR-AS79-8SDF,B0H82L74PL,REPAIR,BLOCKING_DEFECT,30,KEEP,true,INDIVIDUAL_WRAPPER_HAS_CARTON_COUNT_BADGE|MINI_CARTON_PRESENTED_AS_WRAPPER,,91e6bb7a7a190824e2ad4f7aa3995612caacf32ac06238a824733162560f543f,data/audits/uncrustables-live-main-fetch-20260718-v1/assets/083-PR-AS79-8SDF-B0H82L74PL-91e6bb7a7a19.jpg,"Uncrustables Frozen Peanut Butter & Strawberry Jam Sandwich, 12g Protein, 2.8 oz, 30 Count",Every purported Bright-Eyed Berry wrapper visibly retains an 8-count retail-carton badge.
84,PT-AS5B-Z2XH,B0H84Z6QWY,REPAIR,BLOCKING_DEFECT,24,REGENERATE,false,FICTIONAL_OR_ALTERED_PACKAGE_ART|GENERIC_OR_UNBRANDED_PACKAGE,,c68598f94e3880d0c0a5e3b2e3437d06a1d082ba2d2ef92fd9c70f0a4dc56300,data/audits/uncrustables-live-main-fetch-20260718-v1/assets/084-PT-AS5B-Z2XH-B0H84Z6QWY-c68598f94e38.jpg,"Uncrustables Frozen Peanut Butter & Jelly Sandwich Variety Pack, 24 Count — Whole Wheat Strawberry Jam & Grape Jelly, 2 oz Each","Visible package art is fabricated, corrupted, or materially altered from reviewed genuine art. Visible package is generic or lacks authentic readable Smucker's/Uncrustables identity."
85,PU-AS3D-SA5Z,B0H83H71F8,KEEP,VISUAL_PASS,120,KEEP,false,,,3332a98d8963d6662a8e38946193c233f9bf232b15f3954fc08024091ee4b703,data/audits/uncrustables-live-main-fetch-20260718-v1/assets/085-PU-AS3D-SA5Z-B0H83H71F8-3332a98d8963.jpg,"Uncrustables Chocolate Flavored Hazelnut Spread Frozen Sandwiches, Individually Wrapped, 120 Count","Original-resolution visual review found the exact recipe presentation, a visually reconciled carton/wrapper count plan, the approved cooler/Salutem scene, exactly 2 inside + 2 outside gel packs, and no concrete forbidden mark or package-art defect."
86,PW-ASDZ-CSR8,B0H839TPC5,REPAIR,BLOCKING_DEFECT,45,KEEP,true,INDIVIDUAL_WRAPPER_HAS_CARTON_COUNT_BADGE|MINI_CARTON_PRESENTED_AS_WRAPPER,,45458bffece45980c5e290511a0d3993cf7d934699d74a63e0bd84d14635a1e1,data/audits/uncrustables-live-main-fetch-20260718-v1/assets/086-PW-ASDZ-CSR8-B0H839TPC5-45458bffece4.jpg,"Uncrustables Frozen Peanut Butter & Apple Cinnamon Jelly Sandwich, 12g Protein, 2.8 oz Each, 45 Count",Every purported Up & Apple wrapper visibly retains the 8-count carton badge/NEW panel.
87,PY-ASBM-WX6W,B0H82B7GV5,KEEP,VISUAL_PASS,24,KEEP,false,,,622776a2516db99ed95a918fa5bbe3b53f6351d57d529e763de7212eef8dbdd7,data/audits/uncrustables-live-main-fetch-20260718-v1/assets/087-PY-ASBM-WX6W-B0H82B7GV5-622776a2516d.jpg,"Smucker's Uncrustables Whole Wheat Peanut Butter and Grape Jelly Frozen Sandwiches, 2 oz Each, 24 Count","Original-resolution visual review found the exact recipe presentation, a visually reconciled carton/wrapper count plan, the approved cooler/Salutem scene, exactly 2 inside + 2 outside gel packs, and no concrete forbidden mark or package-art defect."
88,QC-ASX2-RHPA,B0H83TQPJB,KEEP,VISUAL_PASS,120,KEEP,false,,,d306716faf104a288f354987f88355504e1b2cf85e82246b18dd439716242802,data/audits/uncrustables-live-main-fetch-20260718-v1/assets/088-QC-ASX2-RHPA-B0H83TQPJB-d306716faf10.jpg,"Smucker's Uncrustables Frozen Whole Wheat Peanut Butter & Grape Jelly Sandwiches, 2 oz Each, 120 Count","Original-resolution visual review found the exact recipe presentation, a visually reconciled carton/wrapper count plan, the approved cooler/Salutem scene, exactly 2 inside + 2 outside gel packs, and no concrete forbidden mark or package-art defect."
89,QE-ASEQ-4YV5,B0H82CBLRM,REPAIR,BLOCKING_DEFECT,24,KEEP,true,CARTON_COUNT_MATH_MISMATCH,,21b8446d87886aab32356a816061014cdfd3ecd72d264f0126b772cbfaa85d0d,data/audits/uncrustables-live-main-fetch-20260718-v1/assets/089-QE-ASEQ-4YV5-B0H82CBLRM-21b8446d8788.jpg,"Smucker's Uncrustables Frozen Peanut Butter & Strawberry Jam Sandwich, 2 oz Each, 24 Count",Visible retail-carton count/pack-size arithmetic does not exactly reconcile to every recipe quantity.
90,QP-ASAD-PTLX,B0H85DG2JQ,REPAIR,BLOCKING_DEFECT,24,REGENERATE,false,FICTIONAL_OR_ALTERED_PACKAGE_ART|GENERIC_OR_UNBRANDED_PACKAGE,,c7197b56b2bfba023856875c4661041eca8f53136edb0b5be4be800e951debac,data/audits/uncrustables-live-main-fetch-20260718-v1/assets/090-QP-ASAD-PTLX-B0H85DG2JQ-c7197b56b2bf.jpg,"Uncrustables Frozen Sandwich Variety Pack, Whole Wheat Peanut Butter & Strawberry Jam and Peanut Butter & Apple Cinnamon Jelly Protein, 24 Count","Visible package art is fabricated, corrupted, or materially altered from reviewed genuine art. Visible package is generic or lacks authentic readable Smucker's/Uncrustables identity."
91,QW-ASRZ-SYKC,B0H83MDDBL,KEEP,VISUAL_PASS,120,KEEP,false,,,eea2b2355a2a11fa55a35051742bea4e37d644072beb728117eb28b5e0208b97,data/audits/uncrustables-live-main-fetch-20260718-v1/assets/091-QW-ASRZ-SYKC-B0H83MDDBL-eea2b2355a2a.jpg,"Uncrustables Frozen Peanut Butter Sandwich, Individually Wrapped, 120 Count","Original-resolution visual review found the exact recipe presentation, a visually reconciled carton/wrapper count plan, the approved cooler/Salutem scene, exactly 2 inside + 2 outside gel packs, and no concrete forbidden mark or package-art defect."
92,QX-AS89-H8YC,B0H82RQ226,KEEP,VISUAL_PASS,24,KEEP,false,,,efe39efc6ba505b24bfc2a142a59ada3be5cb54ee8caae5611cf4f607dab2425,data/audits/uncrustables-live-main-fetch-20260718-v1/assets/092-QX-AS89-H8YC-B0H82RQ226-efe39efc6ba5.jpg,"Uncrustables Frozen Peanut Butter & Apple Cinnamon Jelly Sandwiches, 2.8 oz Each, 12g Protein, 24 Count","Original-resolution visual review found the exact recipe presentation, a visually reconciled carton/wrapper count plan, the approved cooler/Salutem scene, exactly 2 inside + 2 outside gel packs, and no concrete forbidden mark or package-art defect."
93,QX-ASS6-4T4F,B0H83B6TYP,KEEP,VISUAL_PASS,90,KEEP,false,,,84507ce6a672937db639e49f632d24979b8e6d0142852cafad42e20952a88b7a,data/audits/uncrustables-live-main-fetch-20260718-v1/assets/093-QX-ASS6-4T4F-B0H83B6TYP-84507ce6a672.jpg,"Uncrustables Chocolate Flavored Hazelnut Spread Frozen Sandwiches, Individually Wrapped, 90 Count","Original-resolution visual review found the exact recipe presentation, a visually reconciled carton/wrapper count plan, the approved cooler/Salutem scene, exactly 2 inside + 2 outside gel packs, and no concrete forbidden mark or package-art defect."
94,RB-ASVO-GYCY,B0H859N8VM,REPAIR,BLOCKING_DEFECT,24,KEEP,true,FICTIONAL_OR_ALTERED_PACKAGE_ART|GENERIC_OR_UNBRANDED_PACKAGE,,7bb8529b296b574da1ea71c84d1b935875e3d707e0959a30dd1cac7435c06240,data/audits/uncrustables-live-main-fetch-20260718-v1/assets/094-RB-ASVO-GYCY-B0H859N8VM-7bb8529b296b.jpg,"Uncrustables Frozen Peanut Butter Sandwich Variety Pack, Apple Cinnamon Jelly & Strawberry Jam, 24 Count","Visible package art is fabricated, corrupted, or materially altered from reviewed genuine art. Visible package is generic or lacks authentic readable Smucker's/Uncrustables identity."
95,RH-ASWA-ER34,B0H85JR6WN,REPAIR,BLOCKING_DEFECT,24,KEEP,true,CARTON_COUNT_MATH_MISMATCH,,a5aea0c3ada43ebd9ad4dadb8eac51bef22425cd8a7c8c3fc2cc99e70c3ffac5,data/audits/uncrustables-live-main-fetch-20260718-v1/assets/095-RH-ASWA-ER34-B0H85JR6WN-a5aea0c3ada4.jpg,"Uncrustables Frozen Sandwiches Variety Pack, 24 Count - Peanut Butter & Honey Spread and Chocolate Flavored Hazelnut Spread",Visible retail-carton count/pack-size arithmetic does not exactly reconcile to every recipe quantity.
96,RL-AS64-Q8QX,B0H82LZLM2,REPAIR,BLOCKING_DEFECT,30,REGENERATE,false,FICTIONAL_OR_ALTERED_PACKAGE_ART|WRONG_NUTRITION_OR_VARIANT_TEXT,,016d2b0daf4efad42eb3af55230da484414cabc9cab39a8d55561438b94d4b5a,data/audits/uncrustables-live-main-fetch-20260718-v1/assets/096-RL-AS64-Q8QX-B0H82LZLM2-016d2b0daf4e.jpg,"Uncrustables Morning Protein Peanut Butter & Mixed Berry Spread on Wheat Bread, 2.8 oz, 30 Count",The image invents 15-count Beamin' Berry cartons; the reviewed source is an 8-count carton.
97,RM-ASCV-DVA5,B0H822CVVL,REPAIR,BLOCKING_DEFECT,24,REGENERATE,false,RETAILER_BADGE_VISIBLE|MIXED_CARTON_PACK_COUNTS_SINGLE_FLAVOR,,fc60c412c32ab812203943b58240e1b5348f80f6e87b7cb741f8a95a0cb2eb1f,data/audits/uncrustables-live-main-fetch-20260718-v1/assets/097-RM-ASCV-DVA5-B0H822CVVL-fc60c412c32a.jpg,"Uncrustables Peanut Butter & Chocolate Flavored Spread Sandwiches, 2 oz Each, Frozen, 24 Count",Single flavor is represented as 10 + 10 + 4 cartons and the 10-count cartons retain Walmart badges.
98,RN-ASLP-VH3X,B0H82JYZQH,REPAIR,BLOCKING_DEFECT,30,KEEP,true,INDIVIDUAL_WRAPPER_HAS_CARTON_COUNT_BADGE|MINI_CARTON_PRESENTED_AS_WRAPPER,,e0bce1b554185359178ab8125054819eaae727d25f62ab68c017ebc9f3643caf,data/audits/uncrustables-live-main-fetch-20260718-v1/assets/098-RN-ASLP-VH3X-B0H82JYZQH-e0bce1b55418.jpg,"Smucker's Uncrustables Frozen Whole Wheat Peanut Butter & Grape Jelly Sandwiches, 2 oz Each, 30 Count",Every purported grape wrapper visibly retains a 4-count retail-carton badge.
99,RQ-AS0L-9B45,B0H85MQLHG,REPAIR,BLOCKING_DEFECT,24,REGENERATE,false,WRONG_NUTRITION_OR_VARIANT_TEXT|VISIBLE_UNIT_COUNT_NOT_RECONCILED,,0a5998261f436a8b6bf83bdf5bacba8385b6eb1453183b947189f7bbcf9b6fc0,data/audits/uncrustables-live-main-fetch-20260718-v1/assets/099-RQ-AS0L-9B45-B0H85MQLHG-0a5998261f43.jpg,"Uncrustables Frozen Sandwiches Variety Pack, Peanut Butter & Honey and Peanut Butter & Apple Cinnamon Jelly Protein, 24 Count","The Apple wrappers visibly show 6g rather than the selected 12g Protein variant, and the visible unit rows exceed 12 + 12."
100,RQ-AS78-STLZ,B0H85GR968,REPAIR,BLOCKING_DEFECT,24,KEEP,true,INDIVIDUAL_WRAPPER_HAS_CARTON_COUNT_BADGE|MINI_CARTON_PRESENTED_AS_WRAPPER|VISIBLE_UNIT_COUNT_NOT_RECONCILED,INVALID_FOR_REUSE,963cd9952ff50dbffdf5e7fd9b7e1059df18dd8a3e5ff8b1b9829a9b1d95b097,data/audits/uncrustables-live-main-fetch-20260718-v1/assets/100-RQ-AS78-STLZ-B0H85GR968-963cd9952ff5.jpg,"Uncrustables Frozen Sandwich Variety Pack, 24 Count - Peanut Butter and Morning Protein Peanut Butter & Mixed Berry Spread",The purported wrappers retain 4-count retail-carton badges; only 8 + 8 visible units are shown for a 12 + 12 recipe.
101,RQ-ASM7-T9NN,B0H83HNB3B,REPAIR,BLOCKING_DEFECT,90,KEEP,true,VISIBLE_UNIT_COUNT_NOT_RECONCILED,,82d6d62dbe748e202c9f45f8a2de3c3a874258175a5ee2bf2a79b9778b2e087f,data/audits/uncrustables-live-main-fetch-20260718-v1/assets/101-RQ-ASM7-T9NN-B0H83HNB3B-82d6d62dbe74.jpg,"Smucker's Uncrustables Whole Wheat Peanut Butter & Grape Jelly Sandwiches, 2 oz, Frozen, 90 Count",Visible individual-unit quantities do not reconcile to the recipe quantity/components.
102,RR-ASG1-JVKV,B0H8361PYX,REPAIR,BLOCKING_DEFECT,45,KEEP,true,INDIVIDUAL_WRAPPER_HAS_CARTON_COUNT_BADGE|MINI_CARTON_PRESENTED_AS_WRAPPER,,dbcb745c5b488cf05c3a32d44487ee1aa8538c2411935daf3c16a468ba747e60,data/audits/uncrustables-live-main-fetch-20260718-v1/assets/102-RR-ASG1-JVKV-B0H8361PYX-dbcb745c5b48.jpg,"Uncrustables Whole Wheat Peanut Butter & Strawberry Jam Sandwich, 45 Count, Individually Wrapped, Frozen",Every purported strawberry wrapper visibly retains a 4-count retail-carton badge.
103,RS-AS47-M3K3,B0H87748WJ,REPAIR,BLOCKING_DEFECT,24,REGENERATE,false,NO_APPROVED_COOLER_SCENE,,403c79ba73d02fe0d458284cb3bb22a6a4591e223c5094e089ec65636ef726aa,data/audits/uncrustables-live-main-fetch-20260718-v1/assets/103-RS-AS47-M3K3-B0H87748WJ-403c79ba73d0.jpg,"Uncrustables Frozen Sandwich Variety Pack, Chocolate Flavored Hazelnut Spread & Peanut Butter Grape Jelly, 24 Count",The approved Salutem cooler/gel-pack frozen-shipping scene is absent.
104,RU-ASC3-4TUS,B0H83SJFR7,REPAIR,BLOCKING_DEFECT,24,KEEP,true,CARTON_COUNT_MATH_MISMATCH,,c407a3374a4d56a41a1844c056b6c35e2a8561611d84f459256dd642668879db,data/audits/uncrustables-live-main-fetch-20260718-v1/assets/104-RU-ASC3-4TUS-B0H83SJFR7-c407a3374a4d.jpg,"Uncrustables Frozen Peanut Butter Sandwich Variety, Strawberry Jam Protein & Honey Spread, 24 Count",Visible retail-carton count/pack-size arithmetic does not exactly reconcile to every recipe quantity.
105,RY-ASMO-6N4F,B0H8493HNR,KEEP,VISUAL_PASS,24,KEEP,false,,,5ce519f944e6e2f74331560b14c9e6753712079d4e763698c9b1c8cb50bbb56c,data/audits/uncrustables-live-main-fetch-20260718-v1/assets/105-RY-ASMO-6N4F-B0H8493HNR-5ce519f944e6.jpg,"Uncrustables Peanut Butter & Raspberry Spread and Peanut Butter & Honey Spread Frozen Sandwiches, 2 oz Each, 24 Count","Original-resolution visual review found the exact recipe presentation, a visually reconciled carton/wrapper count plan, the approved cooler/Salutem scene, exactly 2 inside + 2 outside gel packs, and no concrete forbidden mark or package-art defect."
106,RY-ASO3-24Q2,B0H84XMG42,REPAIR,BLOCKING_DEFECT,24,KEEP,true,VISIBLE_UNIT_COUNT_NOT_RECONCILED,INVALID_FOR_REUSE,d596dece64ba6e143531819ad38cefd532f38b67fd7cf5c1f74f446af0cbe9d6,data/audits/uncrustables-live-main-fetch-20260718-v1/assets/106-RY-ASO3-24Q2-B0H84XMG42-d596dece64ba.jpg,"Uncrustables Frozen Sandwich Variety Pack, Peanut Butter & Honey and Morning Protein Peanut Butter & Mixed Berry, 24 Count","Approximately 20 honey plus 20 mixed-berry wrappers are visible, not the required 12 + 12."
107,RZ-AS26-WLRM,B0H85PJ516,KEEP,VISUAL_PASS,24,KEEP,false,,,d30551fb1c2e5738c2bf526fd59c7f37695f82e113724bc9bbd7199bb2e6f8e9,data/audits/uncrustables-live-main-fetch-20260718-v1/assets/107-RZ-AS26-WLRM-B0H85PJ516-d30551fb1c2e.jpg,"Uncrustables Frozen Sandwiches Variety Pack, Chocolate Flavored Hazelnut Spread and Peanut Butter Blackberry, 24 Count","Original-resolution visual review found the exact recipe presentation, a visually reconciled carton/wrapper count plan, the approved cooler/Salutem scene, exactly 2 inside + 2 outside gel packs, and no concrete forbidden mark or package-art defect."
108,SA-ASCK-J2B2,B0H82XP1MM,REPAIR,BLOCKING_DEFECT,45,KEEP,true,INDIVIDUAL_WRAPPER_HAS_CARTON_COUNT_BADGE|MINI_CARTON_PRESENTED_AS_WRAPPER,,568c9dbeabd4c66145254de843cf713c662fb701728e1ff5814266503e2cb4fc,data/audits/uncrustables-live-main-fetch-20260718-v1/assets/108-SA-ASCK-J2B2-B0H82XP1MM-568c9dbeabd4.jpg,"Uncrustables Frozen Peanut Butter & Apple Cinnamon Jelly Sandwiches, 12g Protein, 2.8 oz, 45 Count",Every purported Up & Apple wrapper retains the retail 8-count/NEW badge.
109,SA-ASDW-SNEW,B0H82SMZ2M,REPAIR,BLOCKING_DEFECT,45,KEEP,true,INDIVIDUAL_WRAPPER_HAS_CARTON_COUNT_BADGE|MINI_CARTON_PRESENTED_AS_WRAPPER,,1ec89af13f2ee2155f5728ced342993d5329774d003d500b7ff213ce82a9a764,data/audits/uncrustables-live-main-fetch-20260718-v1/assets/109-SA-ASDW-SNEW-B0H82SMZ2M-1ec89af13f2e.jpg,"Uncrustables Peanut Butter & Mixed Berry Spread Sandwiches, 2 oz Each, Frozen, 45 Count","Every purported Red, White & Berry wrapper visibly retains a 4-count retail-carton badge."
110,SC-ASH8-4RQG,B0H856DWVS,REPAIR,BLOCKING_DEFECT,24,REGENERATE,false,MISSING_RECIPE_COMPONENT|FICTIONAL_OR_ALTERED_PACKAGE_ART|GENERIC_OR_UNBRANDED_PACKAGE,,922a0ab21a15a4bc319729d422158edacd2407f458159e2eaaa00d1e48c1945b,data/audits/uncrustables-live-main-fetch-20260718-v1/assets/110-SC-ASH8-4RQG-B0H856DWVS-922a0ab21a15.jpg,"Uncrustables Frozen Sandwiches, Peanut Butter & Apple Cinnamon Jelly and Peanut Butter & Blueberry, 24 Count","At least one required recipe component is not visibly represented. Visible package art is fabricated, corrupted, or materially altered from reviewed genuine art. Visible package is generic or lacks authentic readable Smucker's/Uncrustables identity."
111,SG-AS32-LZ9Y,B0H8564C6D,REPAIR,BLOCKING_DEFECT,24,KEEP,true,CARTON_COUNT_MATH_MISMATCH,,db99dbd1972691b5744c32838803844333f3fb7c975eb99deb76f2fc6c29a129,data/audits/uncrustables-live-main-fetch-20260718-v1/assets/111-SG-AS32-LZ9Y-B0H8564C6D-db99dbd19726.jpg,"Uncrustables Peanut Butter & Raspberry Spread and Peanut Butter & Chocolate Flavored Spread Sandwiches, 24 Count, 2 oz Each, Frozen",Visible retail-carton count/pack-size arithmetic does not exactly reconcile to every recipe quantity.
112,SG-ASLB-M2DG,B0H84PFKYC,REPAIR,BLOCKING_DEFECT,24,KEEP,true,CARTON_COUNT_MATH_MISMATCH,,9b04ed4a9c2a11a1110b9aa3ea33a1a6e1884195708309d044dd2c077cd8d6e0,data/audits/uncrustables-live-main-fetch-20260718-v1/assets/112-SG-ASLB-M2DG-B0H84PFKYC-9b04ed4a9c2a.jpg,"Uncrustables - Peanut Butter Sandwich Variety Pack, Frozen, 2 oz Each, 24 Count, Raspberry Spread & Grape Jelly",Visible retail-carton count/pack-size arithmetic does not exactly reconcile to every recipe quantity.
113,SH-ASO0-PW37,B0H83ZH3TB,REPAIR,BLOCKING_DEFECT,24,REGENERATE,false,WRONG_FLAVOR_VISIBLE|MISSING_RECIPE_COMPONENT|FICTIONAL_OR_ALTERED_PACKAGE_ART|WRONG_NUTRITION_OR_VARIANT_TEXT,,0c42babddbb923ddf7829ba429a749d50311b483429eaae0e1ec33df80417b82,data/audits/uncrustables-live-main-fetch-20260718-v1/assets/113-SH-ASO0-PW37-B0H83ZH3TB-0c42babddbb9.jpg,"Uncrustables Frozen Crustless Sandwiches Variety Pack, Peanut Butter & Strawberry Jam and Peanut Butter & Grape Jelly, 24 Count","At least one visible product/flavor is not the exact recipe product. At least one required recipe component is not visibly represented. Visible package art is fabricated, corrupted, or materially altered from reviewed genuine art. Visible package text/nutrition identifies the wrong product variant."
114,SS-AS9K-U9TV,B0H831889Q,REPAIR,BLOCKING_DEFECT,45,KEEP,true,INDIVIDUAL_WRAPPER_HAS_CARTON_COUNT_BADGE|MINI_CARTON_PRESENTED_AS_WRAPPER,,3dc42751657d5a691cebbbebcb4738a65998d7eccba49613158bc8d1c731453e,data/audits/uncrustables-live-main-fetch-20260718-v1/assets/114-SS-AS9K-U9TV-B0H831889Q-3dc42751657d.jpg,"Uncrustables Peanut Butter & Chocolate Flavored Spread Sandwiches, 2 oz Each, Frozen, 45 Count",Every purported peanut-butter chocolate wrapper visibly retains a 4-count retail-carton badge.
115,SU-ASS4-RV6R,B0H853HGHC,REPAIR,BLOCKING_DEFECT,24,KEEP,true,WRONG_FLAVOR_VISIBLE|MISSING_RECIPE_COMPONENT|FICTIONAL_OR_ALTERED_PACKAGE_ART,,4b496dc05906b11d852353bac3deb9dddbeb937c7be52c3e3d50a4f67ee172ec,data/audits/uncrustables-live-main-fetch-20260718-v1/assets/115-SU-ASS4-RV6R-B0H853HGHC-4b496dc05906.jpg,"Uncrustables Frozen Sandwich Variety Pack, 24 Count – Peanut Butter Apple Cinnamon Jelly Protein & Whole Wheat Grape Jelly","At least one visible product/flavor is not the exact recipe product. At least one required recipe component is not visibly represented. Visible package art is fabricated, corrupted, or materially altered from reviewed genuine art."
116,SV-AS87-D6SV,B0H83ZGN22,REPAIR,BLOCKING_DEFECT,24,REGENERATE,false,FICTIONAL_OR_ALTERED_PACKAGE_ART|WRONG_NUTRITION_OR_VARIANT_TEXT|GENERIC_OR_UNBRANDED_PACKAGE,,d0cf5a806b640e59a8260698c24cdf633072446fef824a7bd0b84989ab82fea8,data/audits/uncrustables-live-main-fetch-20260718-v1/assets/116-SV-AS87-D6SV-B0H83ZGN22-d0cf5a806b64.jpg,"Uncrustables Frozen Peanut Butter & Strawberry Jam Sandwiches, 24 Count – Classic & 12g Protein Varieties, Individually Wrapped","Visible package art is fabricated, corrupted, or materially altered from reviewed genuine art. Visible package text/nutrition identifies the wrong product variant. Visible package is generic or lacks authentic readable Smucker's/Uncrustables identity."
117,SZ-ASPI-JFAT,B0H776M5B5,KEEP,VISUAL_PASS,24,KEEP,false,,,a6788be1cb2310fc1f49d5a71b270433cef5b973506a38107bd686835d53881e,data/audits/uncrustables-live-main-fetch-20260718-v1/assets/117-SZ-ASPI-JFAT-B0H776M5B5-a6788be1cb23.jpg,"Uncrustables Frozen Peanut Butter & Blackberry Spread Sandwiches, 8oz/4ct - Pack of 6 (24 Sandwiches Total)","Original-resolution visual review found the exact recipe presentation, a visually reconciled carton/wrapper count plan, the approved cooler/Salutem scene, exactly 2 inside + 2 outside gel packs, and no concrete forbidden mark or package-art defect."
118,TH-AS6D-CCES,B0H845HSDZ,KEEP,VISUAL_PASS,24,KEEP,false,,,cdd5b1f216a865e4eb26334f8e6f633bd97bbc0940cc7d649d06d0f7d1f6d817,data/audits/uncrustables-live-main-fetch-20260718-v1/assets/118-TH-AS6D-CCES-B0H845HSDZ-cdd5b1f216a8.jpg,"Uncrustables Peanut Butter & Raspberry Spread and Chocolate Hazelnut Spread Frozen Sandwiches, 2 oz Each, 24 Count","Original-resolution visual review found the exact recipe presentation, a visually reconciled carton/wrapper count plan, the approved cooler/Salutem scene, exactly 2 inside + 2 outside gel packs, and no concrete forbidden mark or package-art defect."
119,TL-ASHN-ZRKG,B0H85P9F3R,REPAIR,BLOCKING_DEFECT,24,KEEP,true,VISIBLE_UNIT_COUNT_NOT_RECONCILED,INVALID_FOR_24_COUNT_REUSE,846005feea2a43108672aa5d4c65f272511d4332c5f7d449ba2ee437633c4e2b,data/audits/uncrustables-live-main-fetch-20260718-v1/assets/119-TL-ASHN-ZRKG-B0H85P9F3R-846005feea2a.jpg,"Uncrustables Frozen Sandwiches Variety Pack, Chocolate Flavored Hazelnut Spread & Morning Protein Peanut Butter Mixed Berry, 24 Count","Exactly 8 hazelnut and 8 mixed-berry wrappers are visible (16 total), not the required 12 + 12 (24)."
120,TP-AS91-8PAZ,B0H835T5HN,KEEP,VISUAL_PASS,30,REGENERATE,false,,,ee8780cfa3d3a9f436939107d615026ca2132b392fe98bd3af1148b175101eaa,data/audits/uncrustables-live-main-fetch-20260718-v1/assets/120-TP-AS91-8PAZ-B0H835T5HN-ee8780cfa3d3.jpg,"Uncrustables Peanut Butter & Mixed Berry Spread Frozen Crustless Sandwiches, 2 oz, 30 Count","Original-resolution visual review found the exact recipe presentation, a visually reconciled carton/wrapper count plan, the approved cooler/Salutem scene, exactly 2 inside + 2 outside gel packs, and no concrete forbidden mark or package-art defect."
121,TQ-ASBR-96TC,B0H82BCZ44,KEEP,VISUAL_PASS,24,KEEP,false,,,8810e48b121e29ea5aaaf342203da4acab9f1e0a523fe24efec9a3b08c48b8b1,data/audits/uncrustables-live-main-fetch-20260718-v1/assets/121-TQ-ASBR-96TC-B0H82BCZ44-8810e48b121e.jpg,"Smucker's Uncrustables Frozen Peanut Butter & Blueberry Sandwich, 2.8 oz Each, 24 Count","Original-resolution visual review found the exact recipe presentation, a visually reconciled carton/wrapper count plan, the approved cooler/Salutem scene, exactly 2 inside + 2 outside gel packs, and no concrete forbidden mark or package-art defect."
122,TQ-ASC4-P2NP,B0H839G6RQ,REPAIR,BLOCKING_DEFECT,90,KEEP,true,INDIVIDUAL_WRAPPER_HAS_CARTON_COUNT_BADGE|MINI_CARTON_PRESENTED_AS_WRAPPER,,b9cf0cdf21c87806e74f3411b0dac9f2d138cb12ab1309f1849d0343e480a362,data/audits/uncrustables-live-main-fetch-20260718-v1/assets/122-TQ-ASC4-P2NP-B0H839G6RQ-b9cf0cdf21c8.jpg,"Uncrustables Peanut Butter & Blackberry Spread Frozen Sandwiches, 90 Count",The blackberry high-count wrapper scene uses carton-front/count-badge art rather than reviewed individual wrapper art.
123,TY-AST2-JE9P,B0H84WQRXB,REPAIR,BLOCKING_DEFECT,24,REGENERATE,false,WRONG_FLAVOR_VISIBLE|MISSING_RECIPE_COMPONENT,,ee5bf3bb4907bbbaf088657009993d185464fa893374f6508a06aff8d97da896,data/audits/uncrustables-live-main-fetch-20260718-v1/assets/123-TY-AST2-JE9P-B0H84WQRXB-ee5bf3bb4907.jpg,"Uncrustables Peanut Butter & Raspberry Spread and Peanut Butter & Mixed Berry Spread Frozen Sandwiches, 2 oz Each, 24 Count",At least one visible product/flavor is not the exact recipe product. At least one required recipe component is not visibly represented.
124,UA-ASAO-RE7Q,B0H784LMG6,REPAIR,BLOCKING_DEFECT,45,KEEP,true,CARTON_COUNT_MATH_MISMATCH,,1df01f9942ea52ccfbc3913978690bddd28ca2529072045f8cb124fa69b93137,data/audits/uncrustables-live-main-fetch-20260718-v1/assets/124-UA-ASAO-RE7Q-B0H784LMG6-1df01f9942ea.jpg,"Uncrustables Peanut Butter & Strawberry Jam Sandwiches, Frozen, 2 oz Each, 45 Count Multipack",Visible retail-carton count/pack-size arithmetic does not exactly reconcile to every recipe quantity.
125,UD-AS9J-QNY6,B0H834L7P6,KEEP,VISUAL_PASS,90,KEEP,false,,,6c2f0b8ce339a4b0858bcf6e2543ffee97c4d4b1a4c89866ab469d574471a7c5,data/audits/uncrustables-live-main-fetch-20260718-v1/assets/125-UD-AS9J-QNY6-B0H834L7P6-6c2f0b8ce339.jpg,"Uncrustables Peanut Butter & Honey Spread Frozen Sandwiches, Individually Wrapped, 90 Count","Original-resolution visual review found the exact recipe presentation, a visually reconciled carton/wrapper count plan, the approved cooler/Salutem scene, exactly 2 inside + 2 outside gel packs, and no concrete forbidden mark or package-art defect."
126,UE-ASA6-CLLY,B0H83ZHZ4S,KEEP,VISUAL_PASS,24,KEEP,false,,,2114b973cdb9492e7f856a477b74bf61922b5ffa25c67fc31a6061ef4b06036a,data/audits/uncrustables-live-main-fetch-20260718-v1/assets/126-UE-ASA6-CLLY-B0H83ZHZ4S-2114b973cdb9.jpg,"Uncrustables Peanut Butter & Raspberry Spread and Peanut Butter & Blackberry Spread Frozen Sandwiches, 2 oz Each, 24 Count","Original-resolution visual review found the exact recipe presentation, a visually reconciled carton/wrapper count plan, the approved cooler/Salutem scene, exactly 2 inside + 2 outside gel packs, and no concrete forbidden mark or package-art defect."
127,UF-ASA1-GN5P,B0H854DM3X,KEEP,VISUAL_PASS,24,KEEP,false,,,bfd0bb2e2bb51aa0ec11b1195dbb2feb591bf740097ae0ba8a37eb5089a2f868,data/audits/uncrustables-live-main-fetch-20260718-v1/assets/127-UF-ASA1-GN5P-B0H854DM3X-bfd0bb2e2bb5.jpg,"Uncrustables Frozen Peanut Butter and Peanut Butter & Strawberry Jam Sandwich Variety Pack, 24 Count","Original-resolution visual review found the exact recipe presentation, a visually reconciled carton/wrapper count plan, the approved cooler/Salutem scene, exactly 2 inside + 2 outside gel packs, and no concrete forbidden mark or package-art defect."
128,UG-ASUO-L4D9,B0H83FP8WW,KEEP,VISUAL_PASS,90,KEEP,false,,,c1f59e6aea8f5b73c1096f2f7ad7f6a1a8206c92d77e041089f8b5136512fc3f,data/audits/uncrustables-live-main-fetch-20260718-v1/assets/128-UG-ASUO-L4D9-B0H83FP8WW-c1f59e6aea8f.jpg,"Smucker's Uncrustables Frozen Peanut Butter & Strawberry Jam Sandwich, 2 oz Each, 90 Count","Original-resolution visual review found the exact recipe presentation, a visually reconciled carton/wrapper count plan, the approved cooler/Salutem scene, exactly 2 inside + 2 outside gel packs, and no concrete forbidden mark or package-art defect."
129,UJ-ASQ1-9FNR,B0H82P651P,REPAIR,BLOCKING_DEFECT,24,KEEP,true,RETAILER_BADGE_VISIBLE,,8d6ab260fb5e72107ea1648c8364b3fdb17fe1ecb5995b11a859c6170bd0b14d,data/audits/uncrustables-live-main-fetch-20260718-v1/assets/129-UJ-ASQ1-9FNR-B0H82P651P-8d6ab260fb5e.jpg,"Uncrustables Morning Protein Peanut Butter & Mixed Berry Spread Sandwiches, 2.8 oz, Frozen, 24 Count","Three 8-count cartons reconcile to 24, but every carton visibly carries Only at Target."
130,UY-AS5N-A2E4,B0H83R4M3R,KEEP,VISUAL_PASS,120,KEEP,false,,,3f161b7094f4ae9d94cf90223e358d4dc07d0a5b0083ed648649b379008ff0a7,data/audits/uncrustables-live-main-fetch-20260718-v1/assets/130-UY-AS5N-A2E4-B0H83R4M3R-3f161b7094f4.jpg,"Uncrustables Frozen Peanut Butter & Strawberry Jam Sandwich, 12g Protein, 2.8 oz, 120 Count","Original-resolution visual review found the exact recipe presentation, a visually reconciled carton/wrapper count plan, the approved cooler/Salutem scene, exactly 2 inside + 2 outside gel packs, and no concrete forbidden mark or package-art defect."
131,VA-ASOK-QJCA,B0H85RZDX5,REPAIR,BLOCKING_DEFECT,24,KEEP,true,RETAILER_BADGE_VISIBLE|CARTON_COUNT_MATH_MISMATCH,,c3c91ca192562b66a53a3841127aa4d7ee554de850d02cb5e148e2985c0f8dc4,data/audits/uncrustables-live-main-fetch-20260718-v1/assets/131-VA-ASOK-QJCA-B0H85RZDX5-c3c91ca19256.jpg,"Uncrustables Frozen Crustless Peanut Butter Sandwiches, Apple Cinnamon Jelly & Mixed Berry Variety Pack, 2.8 oz Each, 24 Count",Two 8-count cartons per component communicate 16 + 16 rather than 12 + 12; Beamin' cartons also retain Target marks.
132,VC-ASQE-L5Z5,B0H82QYM85,REPAIR,BLOCKING_DEFECT,45,KEEP,true,CARTON_COUNT_MATH_MISMATCH,,d7cb5cd4b2cae78606c4923423bb88b0f5a57626657d8352ed438552c43665b8,data/audits/uncrustables-live-main-fetch-20260718-v1/assets/132-VC-ASQE-L5Z5-B0H82QYM85-d7cb5cd4b2ca.jpg,"Uncrustables Chocolate Flavored Hazelnut Spread Frozen Sandwiches, 1.8 oz Each, 45 Count",Visible retail-carton count/pack-size arithmetic does not exactly reconcile to every recipe quantity.
133,VC-ASV1-378P,B0H786L5MW,REPAIR,BLOCKING_DEFECT,90,KEEP,true,CARTON_COUNT_MATH_MISMATCH,,8bee40e678a12308d7408b8b60695fbfc5afe21a14774134682476ae418e080d,data/audits/uncrustables-live-main-fetch-20260718-v1/assets/133-VC-ASV1-378P-B0H786L5MW-8bee40e678a1.jpg,"Uncrustables Peanut Butter & Strawberry Jam Frozen Sandwiches, 2 oz Each, 90 Count Multipack",Visible retail-carton count/pack-size arithmetic does not exactly reconcile to every recipe quantity.
134,VH-ASHZ-TJEE,B0H856VWD6,REPAIR,BLOCKING_DEFECT,24,REGENERATE,false,WRONG_FLAVOR_VISIBLE|FICTIONAL_OR_ALTERED_PACKAGE_ART|WRONG_NUTRITION_OR_VARIANT_TEXT,,386f5dd32dc8af0dc4b883625c8b5994a1ca890dcc8dad66a13661c3417919a9,data/audits/uncrustables-live-main-fetch-20260718-v1/assets/134-VH-ASHZ-TJEE-B0H856VWD6-386f5dd32dc8.jpg,"Uncrustables Whole Wheat Peanut Butter Sandwich Variety, Strawberry Jam & Mixed Berry Spread, 24 Count, Frozen","At least one visible product/flavor is not the exact recipe product. Visible package art is fabricated, corrupted, or materially altered from reviewed genuine art. Visible package text/nutrition identifies the wrong product variant."
135,VK-ASSB-3YFK,B0H85FY28F,REPAIR,BLOCKING_DEFECT,24,REGENERATE,false,FICTIONAL_OR_ALTERED_PACKAGE_ART|GENERIC_OR_UNBRANDED_PACKAGE|GEL_PACK_COUNT_OR_LAYOUT_FAIL|GEL_PACK_BRANDING_FAIL|SALUTEM_BRANDING_FAIL,,8b88d9217ead9eb6990bb98c0f8a80a1c1e271cd3eae19eb0f5169c031880e17,data/audits/uncrustables-live-main-fetch-20260718-v1/assets/135-VK-ASSB-3YFK-B0H85FY28F-8b88d9217ead.jpg,"Uncrustables Frozen Peanut Butter Sandwich Variety Pack, Honey Spread and Whole Wheat Grape Jelly, 24 Individually Wrapped Sandwiches","Visible package art is fabricated, corrupted, or materially altered from reviewed genuine art. Visible package is generic or lacks authentic readable Smucker's/Uncrustables identity. The image does not contain exactly two approved gel packs inside plus two outside. One or more gel packs have altered/missing approved branding. Cooler Salutem emblem/wordmark/slogan is altered, missing, or incorrect."
136,VN-AS1A-D572,B0H82PKK18,REPAIR,BLOCKING_DEFECT,45,KEEP,true,NO_APPROVED_COOLER_SCENE,,d9a15fc8b192ce3125c41cc68137cea65631b163331231e4dd8644e92ec7b807,data/audits/uncrustables-live-main-fetch-20260718-v1/assets/136-VN-AS1A-D572-B0H82PKK18-d9a15fc8b192.jpg,"Smucker's Uncrustables Frozen Peanut Butter & Strawberry Jam Sandwich, 8 oz, 4 ct - Pack of 45",The approved Salutem cooler/gel-pack frozen-shipping scene is absent.
137,VN-AS6Q-5AE9,B0H8538L32,KEEP,VISUAL_PASS,24,KEEP,false,,,de53755bb4a2944529510c3a2a9dee103cdcf67c5d6f459001f9acafd1bbb716,data/audits/uncrustables-live-main-fetch-20260718-v1/assets/137-VN-AS6Q-5AE9-B0H8538L32-de53755bb4a2.jpg,"Uncrustables Frozen Sandwiches Variety Pack, Peanut Butter and Chocolate Flavored Hazelnut Spread, 24 Count","Original-resolution visual review found the exact recipe presentation, a visually reconciled carton/wrapper count plan, the approved cooler/Salutem scene, exactly 2 inside + 2 outside gel packs, and no concrete forbidden mark or package-art defect."
138,VT-ASTH-B6LM,B0H85CL8JD,REPAIR,BLOCKING_DEFECT,24,REGENERATE,false,WRONG_FLAVOR_VISIBLE|MISSING_RECIPE_COMPONENT|FICTIONAL_OR_ALTERED_PACKAGE_ART,,cae11d29b3d243c93e90f29bf1828bfdedb05be0f050f1ee683b779e1f8c0a85,data/audits/uncrustables-live-main-fetch-20260718-v1/assets/138-VT-ASTH-B6LM-B0H85CL8JD-cae11d29b3d2.jpg,"Uncrustables Frozen Sandwiches Variety Pack, Peanut Butter & Peanut Butter Apple Cinnamon Jelly Protein, 24 Count","At least one visible product/flavor is not the exact recipe product. At least one required recipe component is not visibly represented. Visible package art is fabricated, corrupted, or materially altered from reviewed genuine art."
139,WC-ASH5-EFN6,B0H833W54L,KEEP,VISUAL_PASS,30,KEEP,false,,,1d8c5850edb4143206eb8b5de57a63dfe79f1fcb3ad349f85d3f1753ab46f494,data/audits/uncrustables-live-main-fetch-20260718-v1/assets/139-WC-ASH5-EFN6-B0H833W54L-1d8c5850edb4.jpg,"Uncrustables Frozen Peanut Butter & Apple Cinnamon Jelly Sandwich, 12g Protein, 2.8 oz, 30 Count","Original-resolution visual review found the exact recipe presentation, a visually reconciled carton/wrapper count plan, the approved cooler/Salutem scene, exactly 2 inside + 2 outside gel packs, and no concrete forbidden mark or package-art defect."
140,WK-AS2R-FJUW,B0H82XBNVN,REPAIR,BLOCKING_DEFECT,90,REGENERATE,false,NO_APPROVED_COOLER_SCENE,,acc97fdac13143ad5de4a5dd7b4ace6a17b3b9325a056d25d834661c8974471c,data/audits/uncrustables-live-main-fetch-20260718-v1/assets/140-WK-AS2R-FJUW-B0H82XBNVN-acc97fdac131.jpg,"Uncrustables Frozen Peanut Butter Sandwich, Individually Wrapped, No Crust, 1.8 oz, Pack of 90",The approved Salutem cooler/gel-pack frozen-shipping scene is absent.
141,WK-AS7E-M3CE,B0H843R64X,REPAIR,BLOCKING_DEFECT,24,KEEP,true,RETAILER_BADGE_VISIBLE|CARTON_COUNT_MATH_MISMATCH,,0dd1bc07fa451f0c758d4cf45ff8b76b5569019225e87f843b1b32ef17a2329a,data/audits/uncrustables-live-main-fetch-20260718-v1/assets/141-WK-AS7E-M3CE-B0H843R64X-0dd1bc07fa45.jpg,"Uncrustables Frozen Peanut Butter Sandwich Variety Pack, 24 Count – Strawberry Jam 12g Protein and Mixed Berry Spread Flavors",Two 8-count cartons per component communicate 16 + 16 rather than 12 + 12; Beamin' cartons also retain Target marks.
142,WK-ASPD-G9HL,B0H85CF81Y,REPAIR,BLOCKING_DEFECT,24,REGENERATE,false,WRONG_FLAVOR_VISIBLE|FICTIONAL_OR_ALTERED_PACKAGE_ART|WRONG_NUTRITION_OR_VARIANT_TEXT,,8851c4b5d386da86939a1557154453053d38142bedea50555ed179f4b3172ec5,data/audits/uncrustables-live-main-fetch-20260718-v1/assets/142-WK-ASPD-G9HL-B0H85CF81Y-8851c4b5d386.jpg,"Uncrustables Whole Wheat Peanut Butter & Strawberry Jam and Peanut Butter Frozen Sandwiches, Variety Pack, 24 Count","At least one visible product/flavor is not the exact recipe product. Visible package art is fabricated, corrupted, or materially altered from reviewed genuine art. Visible package text/nutrition identifies the wrong product variant."
143,WN-AS33-UFEA,B0H83RCTVV,KEEP,VISUAL_PASS,120,KEEP,false,,,d6a0b09ac51c871e4d46d1b37d12a283d046de1c475cbcac9001df9fea6f8ebc,data/audits/uncrustables-live-main-fetch-20260718-v1/assets/143-WN-AS33-UFEA-B0H83RCTVV-d6a0b09ac51c.jpg,"Uncrustables Frozen Peanut Butter & Honey Spread Sandwiches, 2 oz Each, Individually Wrapped, 120 Count","Original-resolution visual review found the exact recipe presentation, a visually reconciled carton/wrapper count plan, the approved cooler/Salutem scene, exactly 2 inside + 2 outside gel packs, and no concrete forbidden mark or package-art defect."
144,WR-ASR5-AVWE,B0H859VYXH,REPAIR,BLOCKING_DEFECT,24,KEEP,true,CARTON_COUNT_MATH_MISMATCH,,9938a7a37201154ff673b4eba193de4d4b6834bb23378032f32f27c0fcb312a7,data/audits/uncrustables-live-main-fetch-20260718-v1/assets/144-WR-ASR5-AVWE-B0H859VYXH-9938a7a37201.jpg,"Uncrustables Frozen Sandwich Variety Pack, Peanut Butter Apple Cinnamon Jelly Protein & Chocolate Hazelnut Spread, 24 Count",Visible retail-carton count/pack-size arithmetic does not exactly reconcile to every recipe quantity.
145,WR-ASTH-TPXV,B0H85DRT93,REPAIR,BLOCKING_DEFECT,24,KEEP,true,VISIBLE_UNIT_COUNT_NOT_RECONCILED,,a0b1fa12614752c4a37f6cd30f10b2925d76b194184ebf5ddb0466930c8b3a35,data/audits/uncrustables-live-main-fetch-20260718-v1/assets/145-WR-ASTH-TPXV-B0H85DRT93-a0b1fa126147.jpg,"Uncrustables Frozen Sandwich Variety Pack, 24 Count – Peanut Butter & Apple Cinnamon Jelly Protein and Morning Protein Peanut Butter & Mixed Berry Spread","The visible Apple and Beamin' wrapper grids exceed 12 units per component, so the 24-count recipe is not reconciled."
146,WZ-ASXK-ZFAS,B0H85DF1R7,REPAIR,BLOCKING_DEFECT,24,REGENERATE,false,FICTIONAL_OR_ALTERED_PACKAGE_ART|GENERIC_OR_UNBRANDED_PACKAGE,,6aaeefd9b8e5e79d8bee763841cad34e933cea1f7e0a025e2a7db119165a6d76,data/audits/uncrustables-live-main-fetch-20260718-v1/assets/146-WZ-ASXK-ZFAS-B0H85DF1R7-6aaeefd9b8e5.jpg,"Uncrustables Frozen Sandwiches Variety Pack, Peanut Butter & Honey Spread and Peanut Butter & Blueberry, 24 Count","Visible package art is fabricated, corrupted, or materially altered from reviewed genuine art. Visible package is generic or lacks authentic readable Smucker's/Uncrustables identity."
147,XE-ASK1-BNRB,B0H81WMJBP,KEEP,VISUAL_PASS,45,KEEP,false,,,a2adbeecbaf75f1bd4279ea1f6dce35c78ec3d3cb5f79591496b16520fb67c29,data/audits/uncrustables-live-main-fetch-20260718-v1/assets/147-XE-ASK1-BNRB-B0H81WMJBP-a2adbeecbaf7.jpg,"Uncrustables Peanut Butter & Raspberry Spread Sandwiches, 2 oz Each, Frozen, 45 Count","Original-resolution visual review found the exact recipe presentation, a visually reconciled carton/wrapper count plan, the approved cooler/Salutem scene, exactly 2 inside + 2 outside gel packs, and no concrete forbidden mark or package-art defect."
148,XJ-ASVD-CDMW,B0H82MSTD9,REPAIR,BLOCKING_DEFECT,45,KEEP,true,INDIVIDUAL_WRAPPER_HAS_CARTON_COUNT_BADGE|MINI_CARTON_PRESENTED_AS_WRAPPER,,e29b6e04c44ac7b9a32890dd160ea0bbcec4051d32ac1a47dc71c08fca922a27,data/audits/uncrustables-live-main-fetch-20260718-v1/assets/148-XJ-ASVD-CDMW-B0H82MSTD9-e29b6e04c44a.jpg,"Uncrustables Frozen Peanut Butter & Strawberry Jam Sandwich, 12g Protein, 2.8 oz, Individually Wrapped - 45 Count",Every purported Bright-Eyed Berry wrapper visibly retains an 8-count retail-carton badge.
149,XV-ASEU-GDUX,B0H82YRTS3,KEEP,VISUAL_PASS,45,KEEP,false,,,8af3a69f4bd8a01128bfff02f80adc90c6dbb35e72a82261a4a4f50b22663cf9,data/audits/uncrustables-live-main-fetch-20260718-v1/assets/149-XV-ASEU-GDUX-B0H82YRTS3-8af3a69f4bd8.jpg,"Uncrustables Morning Protein Peanut Butter & Mixed Berry Spread Sandwiches, 2.8 oz, Frozen, 45 Count","Original-resolution visual review found the exact recipe presentation, a visually reconciled carton/wrapper count plan, the approved cooler/Salutem scene, exactly 2 inside + 2 outside gel packs, and no concrete forbidden mark or package-art defect."
150,XW-ASSI-SZZT,B0H858GF4N,KEEP,VISUAL_PASS,24,KEEP,false,,,4838a834c731fc90127b8e16b69eca21167e0c210dbbd6dc6314941cc5139dfc,data/audits/uncrustables-live-main-fetch-20260718-v1/assets/150-XW-ASSI-SZZT-B0H858GF4N-4838a834c731.jpg,"Uncrustables Frozen Peanut Butter & Honey Spread and Peanut Butter Sandwiches, Individually Wrapped, 24 Count","Original-resolution visual review found the exact recipe presentation, a visually reconciled carton/wrapper count plan, the approved cooler/Salutem scene, exactly 2 inside + 2 outside gel packs, and no concrete forbidden mark or package-art defect."
151,YA-ASX6-PZE7,B0H82YB4PD,REPAIR,BLOCKING_DEFECT,30,KEEP,true,INDIVIDUAL_WRAPPER_HAS_CARTON_COUNT_BADGE|MINI_CARTON_PRESENTED_AS_WRAPPER,,faf4716573d10ec8b91c14ef702b7e40364ca4af5286848fffd92bfe8fec514f,data/audits/uncrustables-live-main-fetch-20260718-v1/assets/151-YA-ASX6-PZE7-B0H82YB4PD-faf4716573d1.jpg,"Uncrustables Peanut Butter & Blackberry Spread Frozen Sandwiches, 2 oz Each, 30 Count",Every purported Blackberry Boom wrapper visibly retains a 4-count retail-carton badge.
152,YF-ASZJ-8BBH,B0H822MPKC,KEEP,VISUAL_PASS,30,KEEP,false,,,87e87809db610ca6e2f315c6e34387d4bb75a4696c8d88b5c48c7dad34a8514e,data/audits/uncrustables-live-main-fetch-20260718-v1/assets/152-YF-ASZJ-8BBH-B0H822MPKC-87e87809db61.jpg,"Uncrustables Frozen Peanut Butter & Honey Spread Sandwiches, Individually Wrapped, 30 Count","Original-resolution visual review found the exact recipe presentation, a visually reconciled carton/wrapper count plan, the approved cooler/Salutem scene, exactly 2 inside + 2 outside gel packs, and no concrete forbidden mark or package-art defect."
153,YG-ASH6-BCXX,B0H8511Y5G,KEEP,VISUAL_PASS,24,KEEP,false,,,4a31fa2ae1219b9bb4df5a23a0d5c4b28a15e76b608a9b9fd517e1e04be09304,data/audits/uncrustables-live-main-fetch-20260718-v1/assets/153-YG-ASH6-BCXX-B0H8511Y5G-4a31fa2ae121.jpg,"Uncrustables Frozen Peanut Butter & Peanut Butter Blackberry Spread Sandwiches, Variety Pack, 24 Count","Original-resolution visual review found the exact recipe presentation, a visually reconciled carton/wrapper count plan, the approved cooler/Salutem scene, exactly 2 inside + 2 outside gel packs, and no concrete forbidden mark or package-art defect."
154,YH-ASQ8-45ED,B0H82QPCJL,REPAIR,BLOCKING_DEFECT,45,KEEP,true,INDIVIDUAL_WRAPPER_HAS_CARTON_COUNT_BADGE|MINI_CARTON_PRESENTED_AS_WRAPPER,,b3dcd63b87f0bc104bcda7936246f9fb7204dde5fc8313a39af68a04acc59b9b,data/audits/uncrustables-live-main-fetch-20260718-v1/assets/154-YH-ASQ8-45ED-B0H82QPCJL-b3dcd63b87f0.jpg,"Uncrustables Frozen Peanut Butter Sandwiches, Individually Wrapped, No Crust, 45 Count",Every purported peanut-butter wrapper visibly retains a 4-count retail-carton badge.
155,YM-AS7P-ZX44,B0H83S1LDG,KEEP,VISUAL_PASS,120,KEEP,false,,,bc8bde72ddcb9f5a49bb31c253624f20b80b74c6e529708b8e9fbbdf7620ec38,data/audits/uncrustables-live-main-fetch-20260718-v1/assets/155-YM-AS7P-ZX44-B0H83S1LDG-bc8bde72ddcb.jpg,"Uncrustables Peanut Butter & Blackberry Spread Frozen Sandwiches, Individually Wrapped, 120 Count","Original-resolution visual review found the exact recipe presentation, a visually reconciled carton/wrapper count plan, the approved cooler/Salutem scene, exactly 2 inside + 2 outside gel packs, and no concrete forbidden mark or package-art defect."
156,YV-AST8-LMKN,B0H859JMGJ,REPAIR,BLOCKING_DEFECT,24,KEEP,true,CARTON_COUNT_MATH_MISMATCH,,8f6d88bdc0bbd0c6053e2bf75d5fc38e90ad55b20b38bf94b364823acf2133d6,data/audits/uncrustables-live-main-fetch-20260718-v1/assets/156-YV-AST8-LMKN-B0H859JMGJ-8f6d88bdc0bb.jpg,"Uncrustables Frozen Sandwiches Variety Pack, Peanut Butter & Honey and Peanut Butter & Chocolate Flavored Spread, 24 Count","Three 10-count cartons are visible for each component (30 + 30), not 12 + 12."
157,ZB-ASKL-9W8G,B0H82LKBYH,REPAIR,BLOCKING_DEFECT,45,KEEP,true,INDIVIDUAL_WRAPPER_HAS_CARTON_COUNT_BADGE|MINI_CARTON_PRESENTED_AS_WRAPPER,,b9a93cc94e83e3854d100495bf2c2233b50dda13d76f3299ead5201e07c56862,data/audits/uncrustables-live-main-fetch-20260718-v1/assets/157-ZB-ASKL-9W8G-B0H82LKBYH-b9a93cc94e83.jpg,"Uncrustables Peanut Butter & Blackberry Spread Frozen Sandwiches, Individually Wrapped, No Crust, 45 Count",Every purported Blackberry Boom wrapper visibly retains a 4-count retail-carton badge.
158,ZC-ASDC-3QMV,B0H83TSB5J,KEEP,VISUAL_PASS,120,KEEP,false,,,505697e7af2b8c3f1bd3d63bc11bcd89116cb1666a80829e1ad671be6068ab36,data/audits/uncrustables-live-main-fetch-20260718-v1/assets/158-ZC-ASDC-3QMV-B0H83TSB5J-505697e7af2b.jpg,"Smucker's Uncrustables Frozen Peanut Butter & Strawberry Jam Sandwich, 2 oz Each, 120 Count","Original-resolution visual review found the exact recipe presentation, a visually reconciled carton/wrapper count plan, the approved cooler/Salutem scene, exactly 2 inside + 2 outside gel packs, and no concrete forbidden mark or package-art defect."
159,ZE-AS5W-FKH3,B0H8531B8B,REPAIR,BLOCKING_DEFECT,24,REGENERATE,false,RETAILER_BADGE_VISIBLE|CARTON_COUNT_MATH_MISMATCH,,46f5308506f2aaf8829a6bad1133e82ad987234720e4c5fff784514c021ccc07,data/audits/uncrustables-live-main-fetch-20260718-v1/assets/159-ZE-AS5W-FKH3-B0H8531B8B-46f5308506f2.jpg,"Uncrustables Frozen Sandwich Variety Pack, Peanut Butter and Peanut Butter & Mixed Berry Spread, 24 Count","Peanut butter is 3 x 4 = 12, but Beamin' Berry is 2 x 8 = 16 and retains Target marks."
160,ZH-AS8W-G5MN,B0H82LMD9Z,REPAIR,BLOCKING_DEFECT,30,KEEP,true,CARTON_COUNT_MATH_MISMATCH,,4eb9e3276e1b14ec3bf8cd74e08835f821a098dac73af363cef8a4aba92ec4fc,data/audits/uncrustables-live-main-fetch-20260718-v1/assets/160-ZH-AS8W-G5MN-B0H82LMD9Z-4eb9e3276e1b.jpg,"Smucker's Uncrustables Frozen Peanut Butter and Grape Jelly Sandwich, 2 oz Each, 30 Count","Three 4-count grape cartons communicate 12 units, not the required 30."
161,ZP-ASJD-X7ZD,B0H85N7X8W,REPAIR,BLOCKING_DEFECT,24,KEEP,true,RETAILER_BADGE_VISIBLE|CARTON_COUNT_MATH_MISMATCH,INVALID_FOR_REUSE,5518355a28eb1f5cf2dafae5129e62e56bd068d0c647a6027a03d2e94ce58eb7,data/audits/uncrustables-live-main-fetch-20260718-v1/assets/161-ZP-ASJD-X7ZD-B0H85N7X8W-5518355a28eb.jpg,"Uncrustables Frozen Sandwiches Variety Pack, Whole Wheat Peanut Butter & Strawberry Jam and Morning Protein Peanut Butter & Mixed Berry Spread, 24 Count","Whole-wheat strawberry is 3 x 4 = 12, but Beamin' Berry is 2 x 8 = 16 and retains Target marks."
162,ZX-AS2C-GT8Q,B0H82L3LRT,REPAIR,BLOCKING_DEFECT,30,KEEP,true,INDIVIDUAL_WRAPPER_HAS_CARTON_COUNT_BADGE|MINI_CARTON_PRESENTED_AS_WRAPPER,,ba3e2619166961c3a244654c33c7c62bbd65f6dee0050e3b3d765e4f31f5d2f8,data/audits/uncrustables-live-main-fetch-20260718-v1/assets/162-ZX-AS2C-GT8Q-B0H82L3LRT-ba3e26191669.jpg,"Uncrustables Whole Wheat Peanut Butter & Strawberry Jam Frozen Sandwiches, 2 oz Each, 30 Count",Every purported whole-wheat strawberry wrapper visibly retains a 4-count retail-carton badge.
163,ZX-ASQU-TKU9,B0H84PVG1G,REPAIR,BLOCKING_DEFECT,24,REGENERATE,false,CARTON_COUNT_MATH_MISMATCH|FICTIONAL_OR_ALTERED_PACKAGE_ART|GENERIC_OR_UNBRANDED_PACKAGE,,b448c2ef5e5d110dc12fca50815cd8d17bef8447bd6cccdb320ea3055e1ac2c5,data/audits/uncrustables-live-main-fetch-20260718-v1/assets/163-ZX-ASQU-TKU9-B0H84PVG1G-b448c2ef5e5d.jpg,"Uncrustables Frozen Peanut Butter & Strawberry Jam Sandwiches, Whole Wheat and Classic Variety, Individually Wrapped, 24 Count","Visible retail-carton count/pack-size arithmetic does not exactly reconcile to every recipe quantity. Visible package art is fabricated, corrupted, or materially altered from reviewed genuine art. Visible package is generic or lacks authentic readable Smucker's/Uncrustables identity."
164,ZY-ASZ4-QM5U,B0H83T9QZV,KEEP,VISUAL_PASS,120,KEEP,false,,,3e57fee36a0f426224c5a9a3b508fe68f7780e7d015902dbc5a07995312975f9,data/audits/uncrustables-live-main-fetch-20260718-v1/assets/164-ZY-ASZ4-QM5U-B0H83T9QZV-3e57fee36a0f.jpg,"Uncrustables Frozen Peanut Butter & Apple Cinnamon Jelly Sandwich, 12g Protein, 2.8 oz, Individually Wrapped – 120 Count","Original-resolution visual review found the exact recipe presentation, a visually reconciled carton/wrapper count plan, the approved cooler/Salutem scene, exactly 2 inside + 2 outside gel packs, and no concrete forbidden mark or package-art defect."
