"ordinal","sheet","sku","asin","effective_total_units","title","recipe_components","asset_path","asset_sha256","contact_sheet_path","contact_sheet_sha256","decision","evidence_status","severity","recommendation","reason_codes","reviewer_notes","source_manifest_sha256","source_ledger_sha256"
"1","1","AC-AS4J-B64F","B0H82ZZS2P","24","Uncrustables Peanut Butter & Chocolate Flavored Spread Sandwiches, 2 oz Each, Frozen, 24 Count","Smuckers Uncrustables Peanut Butter & Chocolate Flavored Spread Sandwiches, 10 Count, 2 oz Each (Frozen) [qty=24]","data/audits/uncrustables-live-main-fetch-20260718-v1/assets/001-AC-AS4J-B64F-B0H82ZZS2P-6b7f1b519a2b.jpg","6b7f1b519a2be868871a3fe767d5d284d567a4a00466a4cb0d5576bbb691bedb","data/audits/uncrustables-live-main-fetch-20260718-v1/contact-sheets/live-main-contact-sheet-01.png","effcf5cdadc02f46e8003cd176a77473ff53d9c33fe72247eeb0238bea932069","KEEP","SUFFICIENT","PASS","KEEP_LIVE","","All listed recipe components are visibly represented with sufficiently identifiable genuine Smucker’s Uncrustables packaging; the cooler, Salutem branding, gel-pack and white-background composition is acceptable.","47c2bbbc0c0f7c1cdfcbc52363012b527d3611755d90536a2f80a06ffe2d9f05","46a80e727880d83bd9e52a1c58c753eeeede0cb8cbdd3443e825aba9cbaaa02f"
"2","1","AD-AS4H-QXZD","B0H82J6V9T","24","Uncrustables Peanut Butter & Honey Spread Frozen Sandwiches, 2 oz Each, 24 Count","Smucker's Uncrustables Frozen Peanut Butter & Honey Spread Sandwich - 20oz/10ct [qty=24]","data/audits/uncrustables-live-main-fetch-20260718-v1/assets/002-AD-AS4H-QXZD-B0H82J6V9T-cf0d3b06d0c4.jpg","cf0d3b06d0c438d19d2844bc23c51d6363fb7df73ac3d842d772945e51774c7f","data/audits/uncrustables-live-main-fetch-20260718-v1/contact-sheets/live-main-contact-sheet-01.png","effcf5cdadc02f46e8003cd176a77473ff53d9c33fe72247eeb0238bea932069","KEEP","SUFFICIENT","PASS","KEEP_LIVE","","All listed recipe components are visibly represented with sufficiently identifiable genuine Smucker’s Uncrustables packaging; the cooler, Salutem branding, gel-pack and white-background composition is acceptable.","47c2bbbc0c0f7c1cdfcbc52363012b527d3611755d90536a2f80a06ffe2d9f05","46a80e727880d83bd9e52a1c58c753eeeede0cb8cbdd3443e825aba9cbaaa02f"
"3","1","AG-ASKV-W9EN","B0H85B64V2","24","Uncrustables Frozen Peanut Butter Sandwiches Variety Pack, 24 Count - Honey Spread & Strawberry Jam","Smucker's Uncrustables Frozen Peanut Butter & Honey Spread Sandwich - 20oz/10ct [qty=12] | Smucker's Uncrustables Frozen Peanut Butter & Strawberry Jam Sandwich - 8oz/4ct [qty=12]","data/audits/uncrustables-live-main-fetch-20260718-v1/assets/003-AG-ASKV-W9EN-B0H85B64V2-7e274540b591.jpg","7e274540b591bd781c7d019d8f09138f0c0f68a6819377dcce05edafe017492b","data/audits/uncrustables-live-main-fetch-20260718-v1/contact-sheets/live-main-contact-sheet-01.png","effcf5cdadc02f46e8003cd176a77473ff53d9c33fe72247eeb0238bea932069","KEEP","SUFFICIENT","PASS","KEEP_LIVE","","All listed recipe components are visibly represented with sufficiently identifiable genuine Smucker’s Uncrustables packaging; the cooler, Salutem branding, gel-pack and white-background composition is acceptable.","47c2bbbc0c0f7c1cdfcbc52363012b527d3611755d90536a2f80a06ffe2d9f05","46a80e727880d83bd9e52a1c58c753eeeede0cb8cbdd3443e825aba9cbaaa02f"
"4","1","AJ-ASRB-HKC3","B0H84G7DHC","24","Uncrustables Peanut Butter Sandwiches Variety Pack, Raspberry Spread and Morning Protein Mixed Berry Spread, 2 oz Each, 24 Count, Frozen","Smuckers Uncrustables Peanut Butter & Raspberry Spread Sandwiches, 10 Count, 2 oz Each, Frozen [qty=12] | Smucker's Uncrustables Morning Protein Peanut Butter & Mixed Berry Spread Sandwich - 22.4oz/8ct [qty=12]","data/audits/uncrustables-live-main-fetch-20260718-v1/assets/004-AJ-ASRB-HKC3-B0H84G7DHC-97369434e192.jpg","97369434e19236edbe55e1b5c987c48b0771f5aac07b2bdb85efdcac94dd17d9","data/audits/uncrustables-live-main-fetch-20260718-v1/contact-sheets/live-main-contact-sheet-01.png","effcf5cdadc02f46e8003cd176a77473ff53d9c33fe72247eeb0238bea932069","REGENERATE","SUFFICIENT","BLOCKING","REGENERATE_AND_REPLACE","MISSING_RECIPE_COMPONENT","Only Raspberry wrappers are visible; the Morning Protein Peanut Butter & Mixed Berry recipe component is absent.","47c2bbbc0c0f7c1cdfcbc52363012b527d3611755d90536a2f80a06ffe2d9f05","46a80e727880d83bd9e52a1c58c753eeeede0cb8cbdd3443e825aba9cbaaa02f"
"5","1","AN-ASUW-49Y5","B0H8628LW3","24","Uncrustables Frozen Sandwiches, Chocolate Hazelnut Spread & Peanut Butter Strawberry Jam Variety Pack, 24 Count","Smucker's Uncrustables Chocolate Flavored Hazelnut Spread Frozen Sandwich - 18oz/10ct [qty=12] | Smucker's Uncrustables Frozen Peanut Butter & Strawberry Jam Sandwich - 8oz/4ct [qty=12]","data/audits/uncrustables-live-main-fetch-20260718-v1/assets/005-AN-ASUW-49Y5-B0H8628LW3-2710053915e6.jpg","2710053915e6b3cb248bea6d987b9ca15d996817b95d3fc1fe276a8568f59630","data/audits/uncrustables-live-main-fetch-20260718-v1/contact-sheets/live-main-contact-sheet-01.png","effcf5cdadc02f46e8003cd176a77473ff53d9c33fe72247eeb0238bea932069","REGENERATE","SUFFICIENT","BLOCKING","REGENERATE_AND_REPLACE","MISSING_OWNER_APPROVED_COOLER_SCENE","The products are isolated on white, but the owner-approved Salutem cooler and blue-header gel-pack shipping scene is absent.","47c2bbbc0c0f7c1cdfcbc52363012b527d3611755d90536a2f80a06ffe2d9f05","46a80e727880d83bd9e52a1c58c753eeeede0cb8cbdd3443e825aba9cbaaa02f"
"6","1","AU-AS97-USX8","B0H843Q9B5","24","Uncrustables Peanut Butter & Raspberry Spread and Peanut Butter Frozen Sandwiches, 2 oz Each, Variety Pack, 24 Count","Smuckers Uncrustables Peanut Butter & Raspberry Spread Sandwiches, 10 Count, 2 oz Each, Frozen [qty=12] | Smucker's Uncrustables Frozen Peanut Butter Sandwich - 7.2oz/4ct [qty=12]","data/audits/uncrustables-live-main-fetch-20260718-v1/assets/006-AU-AS97-USX8-B0H843Q9B5-9e71cf5d6f5b.jpg","9e71cf5d6f5b7b446eecd30bc1844a9ce04d99ad026e08135a429f6be665d4c5","data/audits/uncrustables-live-main-fetch-20260718-v1/contact-sheets/live-main-contact-sheet-01.png","effcf5cdadc02f46e8003cd176a77473ff53d9c33fe72247eeb0238bea932069","KEEP","SUFFICIENT","PASS","KEEP_LIVE","","All listed recipe components are visibly represented with sufficiently identifiable genuine Smucker’s Uncrustables packaging; the cooler, Salutem branding, gel-pack and white-background composition is acceptable.","47c2bbbc0c0f7c1cdfcbc52363012b527d3611755d90536a2f80a06ffe2d9f05","46a80e727880d83bd9e52a1c58c753eeeede0cb8cbdd3443e825aba9cbaaa02f"
"7","1","AV-AS7X-8EXK","B0H82JTY19","45","Uncrustables Whole Wheat Peanut Butter & Strawberry Jam Sandwich, Reduced Sugar, Frozen, 2 oz Each, 45 Count","Smucker's Uncrustables Frozen Whole Wheat Peanut Butter & Strawberry Jam Sandwich - 8oz/4ct [qty=45]","data/audits/uncrustables-live-main-fetch-20260718-v1/assets/007-AV-AS7X-8EXK-B0H82JTY19-b396b5cf1875.jpg","b396b5cf187557a3f773d206abcc3cbed72e7c671ee08678f121bd3a7113616c","data/audits/uncrustables-live-main-fetch-20260718-v1/contact-sheets/live-main-contact-sheet-01.png","effcf5cdadc02f46e8003cd176a77473ff53d9c33fe72247eeb0238bea932069","KEEP","SUFFICIENT","PASS","KEEP_LIVE","","All listed recipe components are visibly represented with sufficiently identifiable genuine Smucker’s Uncrustables packaging; the cooler, Salutem branding, gel-pack and white-background composition is acceptable.","47c2bbbc0c0f7c1cdfcbc52363012b527d3611755d90536a2f80a06ffe2d9f05","46a80e727880d83bd9e52a1c58c753eeeede0cb8cbdd3443e825aba9cbaaa02f"
"8","1","AY-AS5F-JEY9","B0H83MWTM7","120","Uncrustables Whole Wheat Peanut Butter & Strawberry Jam Sandwiches, 2 oz, Reduced Sugar, Individually Wrapped, 120 Count","Smucker's Uncrustables Frozen Whole Wheat Peanut Butter & Strawberry Jam Sandwich - 8oz/4ct [qty=120]","data/audits/uncrustables-live-main-fetch-20260718-v1/assets/008-AY-AS5F-JEY9-B0H83MWTM7-044e5ca43a82.jpg","044e5ca43a82de25389e70d0438793dc81685e152af9d59e11a290d7b0f0bceb","data/audits/uncrustables-live-main-fetch-20260718-v1/contact-sheets/live-main-contact-sheet-01.png","effcf5cdadc02f46e8003cd176a77473ff53d9c33fe72247eeb0238bea932069","KEEP","SUFFICIENT","PASS","KEEP_LIVE","","All listed recipe components are visibly represented with sufficiently identifiable genuine Smucker’s Uncrustables packaging; the cooler, Salutem branding, gel-pack and white-background composition is acceptable.","47c2bbbc0c0f7c1cdfcbc52363012b527d3611755d90536a2f80a06ffe2d9f05","46a80e727880d83bd9e52a1c58c753eeeede0cb8cbdd3443e825aba9cbaaa02f"
"9","1","AZ-ASMY-VEQ2","B0H788M8WM","30","Uncrustables Peanut Butter & Strawberry Jam Sandwiches, 30 Count, 2 oz Each, Frozen Multipack","Smucker's Uncrustables Peanut Butter & Strawberry Jam Sandwich (2 oz, individually wrapped, frozen) [qty=30]","data/audits/uncrustables-live-main-fetch-20260718-v1/assets/009-AZ-ASMY-VEQ2-B0H788M8WM-9b8f93057114.jpg","9b8f93057114a28e79e7f7115f39defa1f9a4a67fc4c604cfdefe983ad73c39b","data/audits/uncrustables-live-main-fetch-20260718-v1/contact-sheets/live-main-contact-sheet-01.png","effcf5cdadc02f46e8003cd176a77473ff53d9c33fe72247eeb0238bea932069","KEEP","SUFFICIENT","PASS","KEEP_LIVE","","All listed recipe components are visibly represented with sufficiently identifiable genuine Smucker’s Uncrustables packaging; the cooler, Salutem branding, gel-pack and white-background composition is acceptable.","47c2bbbc0c0f7c1cdfcbc52363012b527d3611755d90536a2f80a06ffe2d9f05","46a80e727880d83bd9e52a1c58c753eeeede0cb8cbdd3443e825aba9cbaaa02f"
"10","1","BD-AS8P-XAW5","B0H85MXFH8","24","Uncrustables Frozen Peanut Butter Sandwich Variety Pack, Apple Cinnamon Jelly Protein & Grape Jelly, 24 Count","Smucker's Uncrustables Frozen Peanut Butter & Apple Cinnamon Jelly Sandwich – 12g Protein 22.4oz/8ct [qty=12] | Smucker's Uncrustables Frozen Peanut Butter & Grape Jelly Sandwich - 8oz/4ct [qty=12]","data/audits/uncrustables-live-main-fetch-20260718-v1/assets/010-BD-AS8P-XAW5-B0H85MXFH8-0124cb930fb5.jpg","0124cb930fb56fce7760407b429d6831bce14bb61704227592e273bb277eae74","data/audits/uncrustables-live-main-fetch-20260718-v1/contact-sheets/live-main-contact-sheet-01.png","effcf5cdadc02f46e8003cd176a77473ff53d9c33fe72247eeb0238bea932069","REGENERATE","SUFFICIENT","BLOCKING","REGENERATE_AND_REPLACE","MISSING_OWNER_APPROVED_COOLER_SCENE","This is a product-only donor layout; the owner-approved Salutem cooler and blue-header gel-pack shipping scene is absent.","47c2bbbc0c0f7c1cdfcbc52363012b527d3611755d90536a2f80a06ffe2d9f05","46a80e727880d83bd9e52a1c58c753eeeede0cb8cbdd3443e825aba9cbaaa02f"
"11","1","BD-ASGH-LREJ","B0H86Z59DW","24","Uncrustables Frozen Sandwiches Variety Pack, 24 Count – Peanut Butter & Honey Spread and Whole Wheat Peanut Butter & Strawberry Jam","Smucker's Uncrustables Frozen Peanut Butter & Honey Spread Sandwich - 20oz/10ct [qty=12] | Smucker's Uncrustables Frozen Whole Wheat Peanut Butter & Strawberry Jam Sandwich - 8oz/4ct [qty=12]","data/audits/uncrustables-live-main-fetch-20260718-v1/assets/011-BD-ASGH-LREJ-B0H86Z59DW-f945e5002269.jpg","f945e50022696343cd3b1486f90de1adfa8290e703664bf684b0a23f867f3442","data/audits/uncrustables-live-main-fetch-20260718-v1/contact-sheets/live-main-contact-sheet-01.png","effcf5cdadc02f46e8003cd176a77473ff53d9c33fe72247eeb0238bea932069","KEEP","SUFFICIENT","PASS","KEEP_LIVE","","All listed recipe components are visibly represented with sufficiently identifiable genuine Smucker’s Uncrustables packaging; the cooler, Salutem branding, gel-pack and white-background composition is acceptable.","47c2bbbc0c0f7c1cdfcbc52363012b527d3611755d90536a2f80a06ffe2d9f05","46a80e727880d83bd9e52a1c58c753eeeede0cb8cbdd3443e825aba9cbaaa02f"
"12","1","BH-AS7H-D4FV","B0H853MCYZ","24","Uncrustables Frozen Peanut Butter & Honey and Peanut Butter & Blackberry Spread Sandwiches, Variety Pack, 24 Count","Smucker's Uncrustables Frozen Peanut Butter & Honey Spread Sandwich - 20oz/10ct [qty=12] | Smucker's Uncrustables Frozen Peanut Butter & Blackberry Spread Sandwich - 8oz/4ct [qty=12]","data/audits/uncrustables-live-main-fetch-20260718-v1/assets/012-BH-AS7H-D4FV-B0H853MCYZ-8963818335ec.jpg","8963818335ec717ed451d04303545d823cc58d040fb8621e52c1a9840cb03005","data/audits/uncrustables-live-main-fetch-20260718-v1/contact-sheets/live-main-contact-sheet-01.png","effcf5cdadc02f46e8003cd176a77473ff53d9c33fe72247eeb0238bea932069","KEEP","SUFFICIENT","PASS","KEEP_LIVE","","All listed recipe components are visibly represented with sufficiently identifiable genuine Smucker’s Uncrustables packaging; the cooler, Salutem branding, gel-pack and white-background composition is acceptable.","47c2bbbc0c0f7c1cdfcbc52363012b527d3611755d90536a2f80a06ffe2d9f05","46a80e727880d83bd9e52a1c58c753eeeede0cb8cbdd3443e825aba9cbaaa02f"
"13","2","BH-ASTN-S4XJ","B0H83ZRNCS","24","Uncrustables Frozen Peanut Butter & Strawberry Jam Protein and Peanut Butter & Blackberry Spread Sandwiches, Variety Pack, 24 Count","Smucker's Uncrustables Frozen Peanut Butter & Strawberry Jam Sandwich – 12g Protein 22.4oz/8ct [qty=12] | Smucker's Uncrustables Frozen Peanut Butter & Blackberry Spread Sandwich - 8oz/4ct [qty=12]","data/audits/uncrustables-live-main-fetch-20260718-v1/assets/013-BH-ASTN-S4XJ-B0H83ZRNCS-e7aa2aee84ab.jpg","e7aa2aee84abbe0f7efcccdb10c264515d832eb6042caf2fed88481547a5ef72","data/audits/uncrustables-live-main-fetch-20260718-v1/contact-sheets/live-main-contact-sheet-02.png","9209141000edb464f388a5ce29fc11b4b008de54f95ce89c3dc8c109f9c52218","REGENERATE","SUFFICIENT","BLOCKING","REGENERATE_AND_REPLACE","PRODUCT_VARIANT_MISMATCH","The image shows ordinary Peanut Butter & Strawberry wrappers with Blackberry; the required 12g Protein Strawberry (Bright-Eyed Berry) component is not shown.","47c2bbbc0c0f7c1cdfcbc52363012b527d3611755d90536a2f80a06ffe2d9f05","46a80e727880d83bd9e52a1c58c753eeeede0cb8cbdd3443e825aba9cbaaa02f"
"14","2","BH-ASVY-CR8H","B0H83S368B","120","Uncrustables Peanut Butter & Raspberry Spread Sandwiches, 2 oz Each, Frozen, 120 Count","Smuckers Uncrustables Peanut Butter & Raspberry Spread Sandwiches, 10 Count, 2 oz Each, Frozen [qty=120]","data/audits/uncrustables-live-main-fetch-20260718-v1/assets/014-BH-ASVY-CR8H-B0H83S368B-508feec6218e.jpg","508feec6218e07feb577ab447324be84f2f7cb125be3a0a5db2652d605bcfc09","data/audits/uncrustables-live-main-fetch-20260718-v1/contact-sheets/live-main-contact-sheet-02.png","9209141000edb464f388a5ce29fc11b4b008de54f95ce89c3dc8c109f9c52218","KEEP","SUFFICIENT","PASS","KEEP_LIVE","","All listed recipe components are visibly represented with sufficiently identifiable genuine Smucker’s Uncrustables packaging; the cooler, Salutem branding, gel-pack and white-background composition is acceptable.","47c2bbbc0c0f7c1cdfcbc52363012b527d3611755d90536a2f80a06ffe2d9f05","46a80e727880d83bd9e52a1c58c753eeeede0cb8cbdd3443e825aba9cbaaa02f"
"15","2","BK-AS5Z-8UY5","B0H85JF1V1","24","Uncrustables Frozen Sandwich Variety Pack, Whole Wheat Peanut Butter & Strawberry Jam and Peanut Butter & Blackberry Spread, 24 Count","Smucker's Uncrustables Frozen Whole Wheat Peanut Butter & Strawberry Jam Sandwich - 8oz/4ct [qty=12] | Smucker's Uncrustables Frozen Peanut Butter & Blackberry Spread Sandwich - 8oz/4ct [qty=12]","data/audits/uncrustables-live-main-fetch-20260718-v1/assets/015-BK-AS5Z-8UY5-B0H85JF1V1-d61f1d41c5d5.jpg","d61f1d41c5d5f719df8a4e82f44d5dababd670b27e484ca05c306dcbfb4deed1","data/audits/uncrustables-live-main-fetch-20260718-v1/contact-sheets/live-main-contact-sheet-02.png","9209141000edb464f388a5ce29fc11b4b008de54f95ce89c3dc8c109f9c52218","KEEP","SUFFICIENT","PASS","KEEP_LIVE","","All listed recipe components are visibly represented with sufficiently identifiable genuine Smucker’s Uncrustables packaging; the cooler, Salutem branding, gel-pack and white-background composition is acceptable.","47c2bbbc0c0f7c1cdfcbc52363012b527d3611755d90536a2f80a06ffe2d9f05","46a80e727880d83bd9e52a1c58c753eeeede0cb8cbdd3443e825aba9cbaaa02f"
"16","2","BM-AS5J-3MQY","B0H83LSCQQ","90","Uncrustables Morning Protein Peanut Butter & Mixed Berry Spread Sandwich, 2.8 oz Each, 90 Count","Smucker's Uncrustables Morning Protein Peanut Butter & Mixed Berry Spread Sandwich - 22.4oz/8ct [qty=90]","data/audits/uncrustables-live-main-fetch-20260718-v1/assets/016-BM-AS5J-3MQY-B0H83LSCQQ-5f985044fe6b.jpg","5f985044fe6b0f37645fc6f8466da8785a70148e0c8e307784b84c0cba5732d2","data/audits/uncrustables-live-main-fetch-20260718-v1/contact-sheets/live-main-contact-sheet-02.png","9209141000edb464f388a5ce29fc11b4b008de54f95ce89c3dc8c109f9c52218","REGENERATE","SUFFICIENT","BLOCKING","REGENERATE_AND_REPLACE","PRODUCT_VARIANT_MISMATCH","Beamin’ Berry Blend is shown instead of the required Morning Protein Peanut Butter & Mixed Berry Spread product.","47c2bbbc0c0f7c1cdfcbc52363012b527d3611755d90536a2f80a06ffe2d9f05","46a80e727880d83bd9e52a1c58c753eeeede0cb8cbdd3443e825aba9cbaaa02f"
"17","2","BQ-ASUE-NT37","B0H842HL49","24","Uncrustables Frozen Sandwich Variety Pack, Peanut Butter & Strawberry Jam (12g Protein) and Whole Wheat Peanut Butter & Grape Jelly, 24 Count","Smucker's Uncrustables Frozen Peanut Butter & Strawberry Jam Sandwich – 12g Protein 22.4oz/8ct [qty=12] | Smucker's Uncrustables Frozen  Whole Wheat Peanut Butter & Grape Jelly Sandwiches - 8oz/4ct [qty=12]","data/audits/uncrustables-live-main-fetch-20260718-v1/assets/017-BQ-ASUE-NT37-B0H842HL49-c32e209b1f76.jpg","c32e209b1f761bde77a26edf75d078370372769cc187f908560555380889610a","data/audits/uncrustables-live-main-fetch-20260718-v1/contact-sheets/live-main-contact-sheet-02.png","9209141000edb464f388a5ce29fc11b4b008de54f95ce89c3dc8c109f9c52218","REGENERATE","SUFFICIENT","BLOCKING","REGENERATE_AND_REPLACE","GENERIC_OR_UNBRANDED_PACKAGING","The red and blue gingham wrapper backs have no readable Smucker’s/Uncrustables identity; the exact Protein Strawberry and Whole Wheat Grape components cannot be authenticated.","47c2bbbc0c0f7c1cdfcbc52363012b527d3611755d90536a2f80a06ffe2d9f05","46a80e727880d83bd9e52a1c58c753eeeede0cb8cbdd3443e825aba9cbaaa02f"
"18","2","BX-AS5P-6WQV","B0H83NM5PX","120","Smucker's Uncrustables Frozen Peanut Butter & Blueberry Sandwich, 2.8 oz Each, 120 Count","Smucker's Uncrustables Frozen Peanut Butter & Blueberry Sandwich - 22.4oz/8ct [qty=120]","data/audits/uncrustables-live-main-fetch-20260718-v1/assets/018-BX-AS5P-6WQV-B0H83NM5PX-e1d784167ae4.jpg","e1d784167ae4c611c925233f4f00e23f3c1ce0d8e70623432e04b24887884c3a","data/audits/uncrustables-live-main-fetch-20260718-v1/contact-sheets/live-main-contact-sheet-02.png","9209141000edb464f388a5ce29fc11b4b008de54f95ce89c3dc8c109f9c52218","KEEP","SUFFICIENT","PASS","KEEP_LIVE","","All listed recipe components are visibly represented with sufficiently identifiable genuine Smucker’s Uncrustables packaging; the cooler, Salutem branding, gel-pack and white-background composition is acceptable.","47c2bbbc0c0f7c1cdfcbc52363012b527d3611755d90536a2f80a06ffe2d9f05","46a80e727880d83bd9e52a1c58c753eeeede0cb8cbdd3443e825aba9cbaaa02f"
"19","2","BY-ASY2-8UJJ","B0H83789KC","30","Uncrustables Whole Wheat Peanut Butter & Strawberry Jam Frozen Sandwiches, 2 oz Each, 30 Count","Smucker's Uncrustables Frozen Whole Wheat Peanut Butter & Strawberry Jam Sandwich - 8oz/4ct [qty=30]","data/audits/uncrustables-live-main-fetch-20260718-v1/assets/019-BY-ASY2-8UJJ-B0H83789KC-765eb5479ae7.jpg","765eb5479ae7c9002ec92f4a5395c7f102243289a76ba306bc3a69a2e04f474d","data/audits/uncrustables-live-main-fetch-20260718-v1/contact-sheets/live-main-contact-sheet-02.png","9209141000edb464f388a5ce29fc11b4b008de54f95ce89c3dc8c109f9c52218","KEEP","SUFFICIENT","PASS","KEEP_LIVE","","All listed recipe components are visibly represented with sufficiently identifiable genuine Smucker’s Uncrustables packaging; the cooler, Salutem branding, gel-pack and white-background composition is acceptable.","47c2bbbc0c0f7c1cdfcbc52363012b527d3611755d90536a2f80a06ffe2d9f05","46a80e727880d83bd9e52a1c58c753eeeede0cb8cbdd3443e825aba9cbaaa02f"
"20","2","CE-ASGK-ZRHM","B0H84651LM","24","Uncrustables Frozen Peanut Butter & Strawberry Jam Protein and Peanut Butter & Blueberry Sandwich Variety Pack, 24 Count","Smucker's Uncrustables Frozen Peanut Butter & Strawberry Jam Sandwich – 12g Protein 22.4oz/8ct [qty=12] | Smucker's Uncrustables Frozen Peanut Butter & Blueberry Sandwich - 22.4oz/8ct [qty=12]","data/audits/uncrustables-live-main-fetch-20260718-v1/assets/020-CE-ASGK-ZRHM-B0H84651LM-21e1dcf6533d.jpg","21e1dcf6533d4b6ca5fe54583b663a23defe7d285f181b85e8e5650d73a4191c","data/audits/uncrustables-live-main-fetch-20260718-v1/contact-sheets/live-main-contact-sheet-02.png","9209141000edb464f388a5ce29fc11b4b008de54f95ce89c3dc8c109f9c52218","REGENERATE","SUFFICIENT","BLOCKING","REGENERATE_AND_REPLACE","GENERIC_OR_UNBRANDED_PACKAGING","The red and blue wrapper backs have no readable Smucker’s/Uncrustables identity; the exact Protein Strawberry and Blueberry components cannot be authenticated.","47c2bbbc0c0f7c1cdfcbc52363012b527d3611755d90536a2f80a06ffe2d9f05","46a80e727880d83bd9e52a1c58c753eeeede0cb8cbdd3443e825aba9cbaaa02f"
"21","2","CK-ASUM-WT9W","B0H86PRTWS","24","Uncrustables Frozen Sandwiches, Chocolate Flavored Hazelnut Spread & Peanut Butter Blueberry Variety Pack, 24 Count","Smucker's Uncrustables Chocolate Flavored Hazelnut Spread Frozen Sandwich - 18oz/10ct [qty=12] | Smucker's Uncrustables Frozen Peanut Butter & Blueberry Sandwich - 22.4oz/8ct [qty=12]","data/audits/uncrustables-live-main-fetch-20260718-v1/assets/021-CK-ASUM-WT9W-B0H86PRTWS-24b03ca34785.jpg","24b03ca34785d46db380b5f8d289751eb84b86791e065f8a5de160c99aa9f1d8","data/audits/uncrustables-live-main-fetch-20260718-v1/contact-sheets/live-main-contact-sheet-02.png","9209141000edb464f388a5ce29fc11b4b008de54f95ce89c3dc8c109f9c52218","KEEP","SUFFICIENT","PASS","KEEP_LIVE","","All listed recipe components are visibly represented with sufficiently identifiable genuine Smucker’s Uncrustables packaging; the cooler, Salutem branding, gel-pack and white-background composition is acceptable.","47c2bbbc0c0f7c1cdfcbc52363012b527d3611755d90536a2f80a06ffe2d9f05","46a80e727880d83bd9e52a1c58c753eeeede0cb8cbdd3443e825aba9cbaaa02f"
"22","2","CN-ASG6-892G","B0H8422DQ1","120","Uncrustables Peanut Butter & Chocolate Flavored Spread Sandwiches, 2 oz Each, Frozen, 120 Count","Smuckers Uncrustables Peanut Butter & Chocolate Flavored Spread Sandwiches, 10 Count, 2 oz Each (Frozen) [qty=120]","data/audits/uncrustables-live-main-fetch-20260718-v1/assets/022-CN-ASG6-892G-B0H8422DQ1-c2ac920c6fbc.jpg","c2ac920c6fbcb6d4636dca6c936d9d203749b1360d8c6934de57d0b0d84c3696","data/audits/uncrustables-live-main-fetch-20260718-v1/contact-sheets/live-main-contact-sheet-02.png","9209141000edb464f388a5ce29fc11b4b008de54f95ce89c3dc8c109f9c52218","KEEP","SUFFICIENT","PASS","KEEP_LIVE","","All listed recipe components are visibly represented with sufficiently identifiable genuine Smucker’s Uncrustables packaging; the cooler, Salutem branding, gel-pack and white-background composition is acceptable.","47c2bbbc0c0f7c1cdfcbc52363012b527d3611755d90536a2f80a06ffe2d9f05","46a80e727880d83bd9e52a1c58c753eeeede0cb8cbdd3443e825aba9cbaaa02f"
"23","2","DA-ASF0-D7RG","B0H83VBTLT","90","Smucker's Uncrustables Frozen Peanut Butter & Grape Jelly Sandwich, 2 oz Each, 90 Count","Smucker's Uncrustables Frozen Peanut Butter & Grape Jelly Sandwich - 8oz/4ct [qty=90]","data/audits/uncrustables-live-main-fetch-20260718-v1/assets/023-DA-ASF0-D7RG-B0H83VBTLT-bea6b4a1c0d6.jpg","bea6b4a1c0d6cbd3742f7965244155f927f860337332dd12b274ed85189c4fd5","data/audits/uncrustables-live-main-fetch-20260718-v1/contact-sheets/live-main-contact-sheet-02.png","9209141000edb464f388a5ce29fc11b4b008de54f95ce89c3dc8c109f9c52218","KEEP","SUFFICIENT","PASS","KEEP_LIVE","","All listed recipe components are visibly represented with sufficiently identifiable genuine Smucker’s Uncrustables packaging; the cooler, Salutem branding, gel-pack and white-background composition is acceptable.","47c2bbbc0c0f7c1cdfcbc52363012b527d3611755d90536a2f80a06ffe2d9f05","46a80e727880d83bd9e52a1c58c753eeeede0cb8cbdd3443e825aba9cbaaa02f"
"24","2","DF-ASQT-BLUQ","B0H83FKSN6","45","Uncrustables Peanut Butter & Chocolate Flavored Spread Sandwiches, 2 oz Each, Frozen, 45 Count","Smuckers Uncrustables Peanut Butter & Chocolate Flavored Spread Sandwiches, 10 Count, 2 oz Each (Frozen) [qty=45]","data/audits/uncrustables-live-main-fetch-20260718-v1/assets/024-DF-ASQT-BLUQ-B0H83FKSN6-f72c8e7e4a64.jpg","f72c8e7e4a642f43539d8175a0cb4f7dcb9cda53f3190255bf30378048ff5b22","data/audits/uncrustables-live-main-fetch-20260718-v1/contact-sheets/live-main-contact-sheet-02.png","9209141000edb464f388a5ce29fc11b4b008de54f95ce89c3dc8c109f9c52218","KEEP","SUFFICIENT","PASS","KEEP_LIVE","","All listed recipe components are visibly represented with sufficiently identifiable genuine Smucker’s Uncrustables packaging; the cooler, Salutem branding, gel-pack and white-background composition is acceptable.","47c2bbbc0c0f7c1cdfcbc52363012b527d3611755d90536a2f80a06ffe2d9f05","46a80e727880d83bd9e52a1c58c753eeeede0cb8cbdd3443e825aba9cbaaa02f"
"25","3","DP-ASQ6-ZPZU","B0H83Y8JH7","24","Uncrustables Frozen Peanut Butter & Strawberry Jam Protein Sandwich and Peanut Butter Sandwich, 24 Count Variety Pack","Smucker's Uncrustables Frozen Peanut Butter & Strawberry Jam Sandwich – 12g Protein 22.4oz/8ct [qty=12] | Smucker's Uncrustables Frozen Peanut Butter Sandwich - 7.2oz/4ct [qty=12]","data/audits/uncrustables-live-main-fetch-20260718-v1/assets/025-DP-ASQ6-ZPZU-B0H83Y8JH7-31b34e45454f.jpg","31b34e45454fc81e8c93c4af80d64192e14d7bb600321c193a17d9711e435e18","data/audits/uncrustables-live-main-fetch-20260718-v1/contact-sheets/live-main-contact-sheet-03.png","afa819aa37ec5b4fd7c3ddd3223c5bf4a8480122e6858a50c77280f45a532a9f","KEEP","SUFFICIENT","PASS","KEEP_LIVE","","All listed recipe components are visibly represented with sufficiently identifiable genuine Smucker’s Uncrustables packaging; the cooler, Salutem branding, gel-pack and white-background composition is acceptable.","47c2bbbc0c0f7c1cdfcbc52363012b527d3611755d90536a2f80a06ffe2d9f05","46a80e727880d83bd9e52a1c58c753eeeede0cb8cbdd3443e825aba9cbaaa02f"
"26","3","DY-AS8W-6MJG","B0H82MKPRJ","45","Smucker's Uncrustables Frozen Peanut Butter & Blueberry Sandwich, 2.8 oz Each, 45 Count","Smucker's Uncrustables Frozen Peanut Butter & Blueberry Sandwich - 22.4oz/8ct [qty=45]","data/audits/uncrustables-live-main-fetch-20260718-v1/assets/026-DY-AS8W-6MJG-B0H82MKPRJ-a745d4c7ecfe.jpg","a745d4c7ecfe6322716a8634f538c01c1a021f30eae47569d0f05456a3253da7","data/audits/uncrustables-live-main-fetch-20260718-v1/contact-sheets/live-main-contact-sheet-03.png","afa819aa37ec5b4fd7c3ddd3223c5bf4a8480122e6858a50c77280f45a532a9f","KEEP","SUFFICIENT","PASS","KEEP_LIVE","","All listed recipe components are visibly represented with sufficiently identifiable genuine Smucker’s Uncrustables packaging; the cooler, Salutem branding, gel-pack and white-background composition is acceptable.","47c2bbbc0c0f7c1cdfcbc52363012b527d3611755d90536a2f80a06ffe2d9f05","46a80e727880d83bd9e52a1c58c753eeeede0cb8cbdd3443e825aba9cbaaa02f"
"27","3","EF-AS4A-JCLU","B0H83XB855","24","Uncrustables Frozen Sandwich Variety Pack, Peanut Butter & Strawberry Jam Protein and Chocolate Hazelnut, 24 Count","Smucker's Uncrustables Frozen Peanut Butter & Strawberry Jam Sandwich – 12g Protein 22.4oz/8ct [qty=12] | Smucker's Uncrustables Chocolate Flavored Hazelnut Spread Frozen Sandwich - 18oz/10ct [qty=12]","data/audits/uncrustables-live-main-fetch-20260718-v1/assets/027-EF-AS4A-JCLU-B0H83XB855-6be4b3427805.jpg","6be4b3427805bf85e4c53fdcd927b34e52ef6734c66c5000a1c5b6c3db7e19b2","data/audits/uncrustables-live-main-fetch-20260718-v1/contact-sheets/live-main-contact-sheet-03.png","afa819aa37ec5b4fd7c3ddd3223c5bf4a8480122e6858a50c77280f45a532a9f","KEEP","SUFFICIENT","PASS","KEEP_LIVE","","All listed recipe components are visibly represented with sufficiently identifiable genuine Smucker’s Uncrustables packaging; the cooler, Salutem branding, gel-pack and white-background composition is acceptable.","47c2bbbc0c0f7c1cdfcbc52363012b527d3611755d90536a2f80a06ffe2d9f05","46a80e727880d83bd9e52a1c58c753eeeede0cb8cbdd3443e825aba9cbaaa02f"
"28","3","EJ-ASCD-8K87","B0H82PXWKS","90","Uncrustables Peanut Butter & Raspberry Spread Sandwiches, 2 oz Each, Frozen, 90 Count","Smuckers Uncrustables Peanut Butter & Raspberry Spread Sandwiches, 10 Count, 2 oz Each, Frozen [qty=90]","data/audits/uncrustables-live-main-fetch-20260718-v1/assets/028-EJ-ASCD-8K87-B0H82PXWKS-7cf148b1c1be.jpg","7cf148b1c1befe3b49ee1bd56ef9bfb3d59a1c4d3d573e44ae0929970e52013e","data/audits/uncrustables-live-main-fetch-20260718-v1/contact-sheets/live-main-contact-sheet-03.png","afa819aa37ec5b4fd7c3ddd3223c5bf4a8480122e6858a50c77280f45a532a9f","KEEP","SUFFICIENT","PASS","KEEP_LIVE","","All listed recipe components are visibly represented with sufficiently identifiable genuine Smucker’s Uncrustables packaging; the cooler, Salutem branding, gel-pack and white-background composition is acceptable.","47c2bbbc0c0f7c1cdfcbc52363012b527d3611755d90536a2f80a06ffe2d9f05","46a80e727880d83bd9e52a1c58c753eeeede0cb8cbdd3443e825aba9cbaaa02f"
"29","3","ER-ASRK-TPYQ","B0H84JH1WN","24","Uncrustables Peanut Butter & Raspberry Spread and Peanut Butter & Blueberry Sandwiches, 2 oz Each, Variety Pack, 24 Count, Frozen","Smuckers Uncrustables Peanut Butter & Raspberry Spread Sandwiches, 10 Count, 2 oz Each, Frozen [qty=12] | Smucker's Uncrustables Frozen Peanut Butter & Blueberry Sandwich - 22.4oz/8ct [qty=12]","data/audits/uncrustables-live-main-fetch-20260718-v1/assets/029-ER-ASRK-TPYQ-B0H84JH1WN-2f56be3d1c10.jpg","2f56be3d1c10f53cc42daff033122f78bb94a762a93b69e6a7702c788917e749","data/audits/uncrustables-live-main-fetch-20260718-v1/contact-sheets/live-main-contact-sheet-03.png","afa819aa37ec5b4fd7c3ddd3223c5bf4a8480122e6858a50c77280f45a532a9f","REGENERATE","SUFFICIENT","BLOCKING","REGENERATE_AND_REPLACE","MISSING_RECIPE_COMPONENT","Only Raspberry wrappers are visible; the Blueberry recipe component is absent.","47c2bbbc0c0f7c1cdfcbc52363012b527d3611755d90536a2f80a06ffe2d9f05","46a80e727880d83bd9e52a1c58c753eeeede0cb8cbdd3443e825aba9cbaaa02f"
"30","3","ES-AS8A-3W3M","B0H83D8TFQ","30","Uncrustables Peanut Butter & Chocolate Flavored Spread Sandwiches, 2 oz Each, 30 Count, Frozen","Smuckers Uncrustables Peanut Butter & Chocolate Flavored Spread Sandwiches, 10 Count, 2 oz Each (Frozen) [qty=30]","data/audits/uncrustables-live-main-fetch-20260718-v1/assets/030-ES-AS8A-3W3M-B0H83D8TFQ-f51a9ba054bb.jpg","f51a9ba054bb9b34bff577c01e1030c1e45fa932be714b9ad82ca77b2e47d5f8","data/audits/uncrustables-live-main-fetch-20260718-v1/contact-sheets/live-main-contact-sheet-03.png","afa819aa37ec5b4fd7c3ddd3223c5bf4a8480122e6858a50c77280f45a532a9f","KEEP","SUFFICIENT","PASS","KEEP_LIVE","","All listed recipe components are visibly represented with sufficiently identifiable genuine Smucker’s Uncrustables packaging; the cooler, Salutem branding, gel-pack and white-background composition is acceptable.","47c2bbbc0c0f7c1cdfcbc52363012b527d3611755d90536a2f80a06ffe2d9f05","46a80e727880d83bd9e52a1c58c753eeeede0cb8cbdd3443e825aba9cbaaa02f"
"31","3","EW-ASJ9-E79N","B0H82MT74H","30","Uncrustables Peanut Butter & Chocolate Flavored Spread Sandwiches, 2 oz Each, Frozen, 30 Count","Smuckers Uncrustables Peanut Butter & Chocolate Flavored Spread Sandwiches, 10 Count, 2 oz Each (Frozen) [qty=30]","data/audits/uncrustables-live-main-fetch-20260718-v1/assets/031-EW-ASJ9-E79N-B0H82MT74H-ca85c103d979.jpg","ca85c103d9791e5790d0854f78d835a849bf41903052ec259ffdb46b997b92ab","data/audits/uncrustables-live-main-fetch-20260718-v1/contact-sheets/live-main-contact-sheet-03.png","afa819aa37ec5b4fd7c3ddd3223c5bf4a8480122e6858a50c77280f45a532a9f","KEEP","SUFFICIENT","PASS","KEEP_LIVE","","All listed recipe components are visibly represented with sufficiently identifiable genuine Smucker’s Uncrustables packaging; the cooler, Salutem branding, gel-pack and white-background composition is acceptable.","47c2bbbc0c0f7c1cdfcbc52363012b527d3611755d90536a2f80a06ffe2d9f05","46a80e727880d83bd9e52a1c58c753eeeede0cb8cbdd3443e825aba9cbaaa02f"
"32","3","EW-ASWP-PMZX","B0H891WSZ9","30","Smucker's Uncrustables Frozen Peanut Butter & Strawberry Jam Sandwiches, 2 oz Each, 30 Count","Smucker's Uncrustables Frozen Peanut Butter & Strawberry Jam Sandwich - 8oz/4ct [qty=30]","data/audits/uncrustables-live-main-fetch-20260718-v1/assets/032-EW-ASWP-PMZX-B0H891WSZ9-e5b7c0f09ad4.jpg","e5b7c0f09ad41fbf69c44ba2e15a0e029da8a750080d1bddcc9278b644cffc4f","data/audits/uncrustables-live-main-fetch-20260718-v1/contact-sheets/live-main-contact-sheet-03.png","afa819aa37ec5b4fd7c3ddd3223c5bf4a8480122e6858a50c77280f45a532a9f","KEEP","SUFFICIENT","PASS","KEEP_LIVE","","All listed recipe components are visibly represented with sufficiently identifiable genuine Smucker’s Uncrustables packaging; the cooler, Salutem branding, gel-pack and white-background composition is acceptable.","47c2bbbc0c0f7c1cdfcbc52363012b527d3611755d90536a2f80a06ffe2d9f05","46a80e727880d83bd9e52a1c58c753eeeede0cb8cbdd3443e825aba9cbaaa02f"
"33","3","EX-ASC0-5CRL","B0H83JJW1F","120","Uncrustables Morning Protein Peanut Butter & Mixed Berry Spread Sandwich, 2.8 oz, Wheat Bread, Frozen, 120 Count","Smucker's Uncrustables Morning Protein Peanut Butter & Mixed Berry Spread Sandwich - 22.4oz/8ct [qty=120]","data/audits/uncrustables-live-main-fetch-20260718-v1/assets/033-EX-ASC0-5CRL-B0H83JJW1F-18c8f3e1e2c1.jpg","18c8f3e1e2c184e29ad2a930308e82c492b27b8690fbdd9025a684f99c3803c4","data/audits/uncrustables-live-main-fetch-20260718-v1/contact-sheets/live-main-contact-sheet-03.png","afa819aa37ec5b4fd7c3ddd3223c5bf4a8480122e6858a50c77280f45a532a9f","REGENERATE","SUFFICIENT","BLOCKING","REGENERATE_AND_REPLACE","PRODUCT_VARIANT_MISMATCH","Beamin’ Berry Blend boxes are shown instead of the required Morning Protein Peanut Butter & Mixed Berry Spread product.","47c2bbbc0c0f7c1cdfcbc52363012b527d3611755d90536a2f80a06ffe2d9f05","46a80e727880d83bd9e52a1c58c753eeeede0cb8cbdd3443e825aba9cbaaa02f"
"34","3","EZ-ASLA-Y7MZ","B0H83GBJLW","90","Uncrustables Whole Wheat Peanut Butter & Strawberry Jam Frozen Sandwich, 2 oz, Reduced Sugar, 90 Count","Smucker's Uncrustables Frozen Whole Wheat Peanut Butter & Strawberry Jam Sandwich - 8oz/4ct [qty=90]","data/audits/uncrustables-live-main-fetch-20260718-v1/assets/034-EZ-ASLA-Y7MZ-B0H83GBJLW-23a56c090dc8.jpg","23a56c090dc8377327232e8017e67699b8d699fa46654c622b68df9ac3c42347","data/audits/uncrustables-live-main-fetch-20260718-v1/contact-sheets/live-main-contact-sheet-03.png","afa819aa37ec5b4fd7c3ddd3223c5bf4a8480122e6858a50c77280f45a532a9f","KEEP","SUFFICIENT","PASS","KEEP_LIVE","","All listed recipe components are visibly represented with sufficiently identifiable genuine Smucker’s Uncrustables packaging; the cooler, Salutem branding, gel-pack and white-background composition is acceptable.","47c2bbbc0c0f7c1cdfcbc52363012b527d3611755d90536a2f80a06ffe2d9f05","46a80e727880d83bd9e52a1c58c753eeeede0cb8cbdd3443e825aba9cbaaa02f"
"35","3","FK-AS6B-6G25","B0H8259J9G","24","Uncrustables Peanut Butter & Blackberry Spread Frozen Sandwiches, 2 oz Each, 24 Count","Smucker's Uncrustables Frozen Peanut Butter & Blackberry Spread Sandwich - 8oz/4ct [qty=24]","data/audits/uncrustables-live-main-fetch-20260718-v1/assets/035-FK-AS6B-6G25-B0H8259J9G-a15332be530c.jpg","a15332be530c8a05bf32c94ea0a507c071de904664aeac005e677c83dd820366","data/audits/uncrustables-live-main-fetch-20260718-v1/contact-sheets/live-main-contact-sheet-03.png","afa819aa37ec5b4fd7c3ddd3223c5bf4a8480122e6858a50c77280f45a532a9f","KEEP","SUFFICIENT","PASS","KEEP_LIVE","","All listed recipe components are visibly represented with sufficiently identifiable genuine Smucker’s Uncrustables packaging; the cooler, Salutem branding, gel-pack and white-background composition is acceptable.","47c2bbbc0c0f7c1cdfcbc52363012b527d3611755d90536a2f80a06ffe2d9f05","46a80e727880d83bd9e52a1c58c753eeeede0cb8cbdd3443e825aba9cbaaa02f"
"36","3","FM-AS51-S4MT","B0H853VHRF","24","Uncrustables Frozen Sandwiches Variety Pack, Whole Wheat Peanut Butter & Strawberry Jam and Peanut Butter & Chocolate Flavored Spread, 24 Count","Smucker's Uncrustables Frozen Whole Wheat Peanut Butter & Strawberry Jam Sandwich - 8oz/4ct [qty=12] | Smuckers Uncrustables Peanut Butter & Chocolate Flavored Spread Sandwiches, 10 Count, 2 oz Each (Frozen) [qty=12]","data/audits/uncrustables-live-main-fetch-20260718-v1/assets/036-FM-AS51-S4MT-B0H853VHRF-1272120c4f09.jpg","1272120c4f094b3eca0a21025973ad7e2238e470f8808e074573dc46f70a28a6","data/audits/uncrustables-live-main-fetch-20260718-v1/contact-sheets/live-main-contact-sheet-03.png","afa819aa37ec5b4fd7c3ddd3223c5bf4a8480122e6858a50c77280f45a532a9f","KEEP","SUFFICIENT","PASS","KEEP_LIVE","","All listed recipe components are visibly represented with sufficiently identifiable genuine Smucker’s Uncrustables packaging; the cooler, Salutem branding, gel-pack and white-background composition is acceptable.","47c2bbbc0c0f7c1cdfcbc52363012b527d3611755d90536a2f80a06ffe2d9f05","46a80e727880d83bd9e52a1c58c753eeeede0cb8cbdd3443e825aba9cbaaa02f"
"37","4","FN-ASVM-UWAG","B0H85J88LJ","24","Uncrustables Frozen Sandwich Variety Pack, 24 Count - Peanut Butter and Whole Wheat Peanut Butter & Grape Jelly","Smucker's Uncrustables Frozen Peanut Butter Sandwich - 7.2oz/4ct [qty=12] | Smucker's Uncrustables Frozen  Whole Wheat Peanut Butter & Grape Jelly Sandwiches - 8oz/4ct [qty=12]","data/audits/uncrustables-live-main-fetch-20260718-v1/assets/037-FN-ASVM-UWAG-B0H85J88LJ-4122fdcdc766.jpg","4122fdcdc76688d6f884a4ea901f27bfd0728bc9eddf8fcb95d60895c73ed696","data/audits/uncrustables-live-main-fetch-20260718-v1/contact-sheets/live-main-contact-sheet-04.png","9f47ff7fbb889fadbca0880091dce8c3c68e6d58641303aabcb42ce37cca4bd8","KEEP","SUFFICIENT","PASS","KEEP_LIVE","","All listed recipe components are visibly represented with sufficiently identifiable genuine Smucker’s Uncrustables packaging; the cooler, Salutem branding, gel-pack and white-background composition is acceptable.","47c2bbbc0c0f7c1cdfcbc52363012b527d3611755d90536a2f80a06ffe2d9f05","46a80e727880d83bd9e52a1c58c753eeeede0cb8cbdd3443e825aba9cbaaa02f"
"38","4","FR-AS6X-5KJY","B0H827V9DJ","24","Uncrustables Chocolate Flavored Hazelnut Spread Frozen Sandwiches, Individually Wrapped, 24 Count","Smucker's Uncrustables Chocolate Flavored Hazelnut Spread Frozen Sandwich - 18oz/10ct [qty=24]","data/audits/uncrustables-live-main-fetch-20260718-v1/assets/038-FR-AS6X-5KJY-B0H827V9DJ-025e677a6b5c.jpg","025e677a6b5c69874bf43f640611b6201bfe019152a93cba5ac19f59fae7e895","data/audits/uncrustables-live-main-fetch-20260718-v1/contact-sheets/live-main-contact-sheet-04.png","9f47ff7fbb889fadbca0880091dce8c3c68e6d58641303aabcb42ce37cca4bd8","KEEP","SUFFICIENT","PASS","KEEP_LIVE","","All listed recipe components are visibly represented with sufficiently identifiable genuine Smucker’s Uncrustables packaging; the cooler, Salutem branding, gel-pack and white-background composition is acceptable.","47c2bbbc0c0f7c1cdfcbc52363012b527d3611755d90536a2f80a06ffe2d9f05","46a80e727880d83bd9e52a1c58c753eeeede0cb8cbdd3443e825aba9cbaaa02f"
"39","4","FV-AS47-EJZW","B0H82SZSYJ","45","Smucker's Uncrustables Whole Wheat Peanut Butter & Grape Jelly Sandwiches, Frozen, 45 Count","Smucker's Uncrustables Frozen  Whole Wheat Peanut Butter & Grape Jelly Sandwiches - 8oz/4ct [qty=45]","data/audits/uncrustables-live-main-fetch-20260718-v1/assets/039-FV-AS47-EJZW-B0H82SZSYJ-8ef9bceded1c.jpg","8ef9bceded1c40a8e0c18c3d34700ea8d81c57bba896e7ba5c3befb2eedf73ff","data/audits/uncrustables-live-main-fetch-20260718-v1/contact-sheets/live-main-contact-sheet-04.png","9f47ff7fbb889fadbca0880091dce8c3c68e6d58641303aabcb42ce37cca4bd8","KEEP","SUFFICIENT","PASS","KEEP_LIVE","","All listed recipe components are visibly represented with sufficiently identifiable genuine Smucker’s Uncrustables packaging; the cooler, Salutem branding, gel-pack and white-background composition is acceptable.","47c2bbbc0c0f7c1cdfcbc52363012b527d3611755d90536a2f80a06ffe2d9f05","46a80e727880d83bd9e52a1c58c753eeeede0cb8cbdd3443e825aba9cbaaa02f"
"40","4","FX-AS2W-KHZT","B0H827J2XZ","24","Uncrustables Peanut Butter & Strawberry Jam Frozen Sandwiches, 12g Protein, 2.8 oz Each, 24 Count","Smucker's Uncrustables Frozen Peanut Butter & Strawberry Jam Sandwich – 12g Protein 22.4oz/8ct [qty=24]","data/audits/uncrustables-live-main-fetch-20260718-v1/assets/040-FX-AS2W-KHZT-B0H827J2XZ-9783df8a5ce0.jpg","9783df8a5ce066aeb4e163c1cce37bf59eb4f397c1eda664acf69d5e26ba5297","data/audits/uncrustables-live-main-fetch-20260718-v1/contact-sheets/live-main-contact-sheet-04.png","9f47ff7fbb889fadbca0880091dce8c3c68e6d58641303aabcb42ce37cca4bd8","REGENERATE","SUFFICIENT","BLOCKING","REGENERATE_AND_REPLACE","GENERIC_OR_UNBRANDED_PACKAGING;PRODUCT_VARIANT_MISMATCH","Generic unbranded “soft bread” cartons are shown; they are not identifiable genuine Uncrustables packaging, and the required Bright-Eyed Berry 12g Protein product is absent.","47c2bbbc0c0f7c1cdfcbc52363012b527d3611755d90536a2f80a06ffe2d9f05","46a80e727880d83bd9e52a1c58c753eeeede0cb8cbdd3443e825aba9cbaaa02f"
"41","4","GG-ASNC-C9WA","B0H8219Z7T","30","Uncrustables Chocolate Flavored Hazelnut Spread Frozen Sandwiches, 1.8 oz Each, 30 Count","Smucker's Uncrustables Chocolate Flavored Hazelnut Spread Frozen Sandwich - 18oz/10ct [qty=30]","data/audits/uncrustables-live-main-fetch-20260718-v1/assets/041-GG-ASNC-C9WA-B0H8219Z7T-f123caa9ff3e.jpg","f123caa9ff3e1b4c58993731258217c2fa5a92c9775782de651b2f9b9fc12949","data/audits/uncrustables-live-main-fetch-20260718-v1/contact-sheets/live-main-contact-sheet-04.png","9f47ff7fbb889fadbca0880091dce8c3c68e6d58641303aabcb42ce37cca4bd8","KEEP","SUFFICIENT","PASS","KEEP_LIVE","","All listed recipe components are visibly represented with sufficiently identifiable genuine Smucker’s Uncrustables packaging; the cooler, Salutem branding, gel-pack and white-background composition is acceptable.","47c2bbbc0c0f7c1cdfcbc52363012b527d3611755d90536a2f80a06ffe2d9f05","46a80e727880d83bd9e52a1c58c753eeeede0cb8cbdd3443e825aba9cbaaa02f"
"42","4","GR-AS0R-YPCF","B0H82GJ292","30","Uncrustables Frozen Peanut Butter Sandwich, 1.8 oz Each, 30 Count","Smucker's Uncrustables Frozen Peanut Butter Sandwich - 7.2oz/4ct [qty=30]","data/audits/uncrustables-live-main-fetch-20260718-v1/assets/042-GR-AS0R-YPCF-B0H82GJ292-f49770fa06f9.jpg","f49770fa06f91e6860ad6469f1cd22b9ed9736d0e6a271db8b900437922217d6","data/audits/uncrustables-live-main-fetch-20260718-v1/contact-sheets/live-main-contact-sheet-04.png","9f47ff7fbb889fadbca0880091dce8c3c68e6d58641303aabcb42ce37cca4bd8","KEEP","SUFFICIENT","PASS","KEEP_LIVE","","All listed recipe components are visibly represented with sufficiently identifiable genuine Smucker’s Uncrustables packaging; the cooler, Salutem branding, gel-pack and white-background composition is acceptable.","47c2bbbc0c0f7c1cdfcbc52363012b527d3611755d90536a2f80a06ffe2d9f05","46a80e727880d83bd9e52a1c58c753eeeede0cb8cbdd3443e825aba9cbaaa02f"
"43","4","GR-AS1P-DBB2","B0H82S7TFG","24","Smucker's Uncrustables Frozen Peanut Butter & Grape Jelly Sandwiches, 2 oz Each, 24 Count","Smucker's Uncrustables Frozen Peanut Butter & Grape Jelly Sandwich - 8oz/4ct [qty=24]","data/audits/uncrustables-live-main-fetch-20260718-v1/assets/043-GR-AS1P-DBB2-B0H82S7TFG-11543394de63.jpg","11543394de63f52e84ca23d40b4f17019406022772c56011c82477a4efae6503","data/audits/uncrustables-live-main-fetch-20260718-v1/contact-sheets/live-main-contact-sheet-04.png","9f47ff7fbb889fadbca0880091dce8c3c68e6d58641303aabcb42ce37cca4bd8","KEEP","SUFFICIENT","PASS","KEEP_LIVE","","All listed recipe components are visibly represented with sufficiently identifiable genuine Smucker’s Uncrustables packaging; the cooler, Salutem branding, gel-pack and white-background composition is acceptable.","47c2bbbc0c0f7c1cdfcbc52363012b527d3611755d90536a2f80a06ffe2d9f05","46a80e727880d83bd9e52a1c58c753eeeede0cb8cbdd3443e825aba9cbaaa02f"
"44","4","GU-ASQ1-S7M6","B0H828GQLP","30","Uncrustables Peanut Butter & Raspberry Spread Sandwiches, 2 oz Each, Frozen, 30 Count","Smuckers Uncrustables Peanut Butter & Raspberry Spread Sandwiches, 10 Count, 2 oz Each, Frozen [qty=30]","data/audits/uncrustables-live-main-fetch-20260718-v1/assets/044-GU-ASQ1-S7M6-B0H828GQLP-ac4d801e2c94.jpg","ac4d801e2c9430c0559bc52454eeda922b371344a08cf9262df92c955b3695e3","data/audits/uncrustables-live-main-fetch-20260718-v1/contact-sheets/live-main-contact-sheet-04.png","9f47ff7fbb889fadbca0880091dce8c3c68e6d58641303aabcb42ce37cca4bd8","KEEP","SUFFICIENT","PASS","KEEP_LIVE","","All listed recipe components are visibly represented with sufficiently identifiable genuine Smucker’s Uncrustables packaging; the cooler, Salutem branding, gel-pack and white-background composition is acceptable.","47c2bbbc0c0f7c1cdfcbc52363012b527d3611755d90536a2f80a06ffe2d9f05","46a80e727880d83bd9e52a1c58c753eeeede0cb8cbdd3443e825aba9cbaaa02f"
"45","4","GX-ASTJ-WHV3","B0H83XV9WX","24","Uncrustables Frozen Peanut Butter & Strawberry Jam and Apple Cinnamon Jelly Protein Sandwiches, 2.8 oz, Variety Pack – 24 Count","Smucker's Uncrustables Frozen Peanut Butter & Strawberry Jam Sandwich – 12g Protein 22.4oz/8ct [qty=12] | Smucker's Uncrustables Frozen Peanut Butter & Apple Cinnamon Jelly Sandwich – 12g Protein 22.4oz/8ct [qty=12]","data/audits/uncrustables-live-main-fetch-20260718-v1/assets/045-GX-ASTJ-WHV3-B0H83XV9WX-8cf7af0ae8eb.jpg","8cf7af0ae8ebad5844d3b730a269fa1ddddc16aaef464cc289d38dcb9146ebb9","data/audits/uncrustables-live-main-fetch-20260718-v1/contact-sheets/live-main-contact-sheet-04.png","9f47ff7fbb889fadbca0880091dce8c3c68e6d58641303aabcb42ce37cca4bd8","KEEP","SUFFICIENT","PASS","KEEP_LIVE","","All listed recipe components are visibly represented with sufficiently identifiable genuine Smucker’s Uncrustables packaging; the cooler, Salutem branding, gel-pack and white-background composition is acceptable.","47c2bbbc0c0f7c1cdfcbc52363012b527d3611755d90536a2f80a06ffe2d9f05","46a80e727880d83bd9e52a1c58c753eeeede0cb8cbdd3443e825aba9cbaaa02f"
"46","4","HA-ASCR-ME3A","B0H85V287S","24","Uncrustables Frozen Sandwich Variety Pack, Peanut Butter & Apple Cinnamon Jelly Protein and Peanut Butter & Chocolate Flavored Spread, 24 Count","Smucker's Uncrustables Frozen Peanut Butter & Apple Cinnamon Jelly Sandwich – 12g Protein 22.4oz/8ct [qty=12] | Smuckers Uncrustables Peanut Butter & Chocolate Flavored Spread Sandwiches, 10 Count, 2 oz Each (Frozen) [qty=12]","data/audits/uncrustables-live-main-fetch-20260718-v1/assets/046-HA-ASCR-ME3A-B0H85V287S-03e9749b052a.jpg","03e9749b052a72b529b38cd9d4112bb16ef743f09e17048648af31c1584f49ae","data/audits/uncrustables-live-main-fetch-20260718-v1/contact-sheets/live-main-contact-sheet-04.png","9f47ff7fbb889fadbca0880091dce8c3c68e6d58641303aabcb42ce37cca4bd8","KEEP","SUFFICIENT","PASS","KEEP_LIVE","","All listed recipe components are visibly represented with sufficiently identifiable genuine Smucker’s Uncrustables packaging; the cooler, Salutem branding, gel-pack and white-background composition is acceptable.","47c2bbbc0c0f7c1cdfcbc52363012b527d3611755d90536a2f80a06ffe2d9f05","46a80e727880d83bd9e52a1c58c753eeeede0cb8cbdd3443e825aba9cbaaa02f"
"47","4","HD-ASEQ-MFAY","B0H83QW85C","90","Uncrustables Frozen Peanut Butter & Apple Cinnamon Jelly Sandwich, 12g Protein, 2.8 oz, 90 Count","Smucker's Uncrustables Frozen Peanut Butter & Apple Cinnamon Jelly Sandwich – 12g Protein 22.4oz/8ct [qty=90]","data/audits/uncrustables-live-main-fetch-20260718-v1/assets/047-HD-ASEQ-MFAY-B0H83QW85C-73ed45d913d6.jpg","73ed45d913d690048cf8f1c8b80b8f6b398343f61c153f408098f08a6cb559de","data/audits/uncrustables-live-main-fetch-20260718-v1/contact-sheets/live-main-contact-sheet-04.png","9f47ff7fbb889fadbca0880091dce8c3c68e6d58641303aabcb42ce37cca4bd8","KEEP","SUFFICIENT","PASS","KEEP_LIVE","","All listed recipe components are visibly represented with sufficiently identifiable genuine Smucker’s Uncrustables packaging; the cooler, Salutem branding, gel-pack and white-background composition is acceptable.","47c2bbbc0c0f7c1cdfcbc52363012b527d3611755d90536a2f80a06ffe2d9f05","46a80e727880d83bd9e52a1c58c753eeeede0cb8cbdd3443e825aba9cbaaa02f"
"48","4","HR-AS7Q-7ZDF","B0H856RRRK","24","Uncrustables Frozen Sandwiches Variety Pack, Peanut Butter and Peanut Butter & Chocolate Flavored Spread, 24 Count","Smucker's Uncrustables Frozen Peanut Butter Sandwich - 7.2oz/4ct [qty=12] | Smuckers Uncrustables Peanut Butter & Chocolate Flavored Spread Sandwiches, 10 Count, 2 oz Each (Frozen) [qty=12]","data/audits/uncrustables-live-main-fetch-20260718-v1/assets/048-HR-AS7Q-7ZDF-B0H856RRRK-d8e837772fac.jpg","d8e837772fac23dbd42605aa0a80180d7a996b4fa9a910605008f0be6659cfb5","data/audits/uncrustables-live-main-fetch-20260718-v1/contact-sheets/live-main-contact-sheet-04.png","9f47ff7fbb889fadbca0880091dce8c3c68e6d58641303aabcb42ce37cca4bd8","KEEP","SUFFICIENT","PASS","KEEP_LIVE","","All listed recipe components are visibly represented with sufficiently identifiable genuine Smucker’s Uncrustables packaging; the cooler, Salutem branding, gel-pack and white-background composition is acceptable.","47c2bbbc0c0f7c1cdfcbc52363012b527d3611755d90536a2f80a06ffe2d9f05","46a80e727880d83bd9e52a1c58c753eeeede0cb8cbdd3443e825aba9cbaaa02f"
"49","5","HU-ASMI-DN3X","B0H82YMT6K","30","Smucker's Uncrustables Frozen Peanut Butter & Blueberry Sandwich, 2.8 oz Each, 30 Count","Smucker's Uncrustables Frozen Peanut Butter & Blueberry Sandwich - 22.4oz/8ct [qty=30]","data/audits/uncrustables-live-main-fetch-20260718-v1/assets/049-HU-ASMI-DN3X-B0H82YMT6K-cd43761c0aff.jpg","cd43761c0aff666fcd9675be7d4375b83e76c6aed3b4a6d1c88f2d12a839e6a1","data/audits/uncrustables-live-main-fetch-20260718-v1/contact-sheets/live-main-contact-sheet-05.png","86fe60f6810ee0f271d4155c286a3fd38b0d6deabd9df204c644ecff9d1661c0","KEEP","SUFFICIENT","PASS","KEEP_LIVE","","All listed recipe components are visibly represented with sufficiently identifiable genuine Smucker’s Uncrustables packaging; the cooler, Salutem branding, gel-pack and white-background composition is acceptable.","47c2bbbc0c0f7c1cdfcbc52363012b527d3611755d90536a2f80a06ffe2d9f05","46a80e727880d83bd9e52a1c58c753eeeede0cb8cbdd3443e825aba9cbaaa02f"
"50","5","HX-ASO8-XCL2","B0H832SD15","45","Smucker's Uncrustables Frozen Peanut Butter & Grape Jelly Sandwiches, 2 oz Each, 45 Count","Smucker's Uncrustables Frozen Peanut Butter & Grape Jelly Sandwich - 8oz/4ct [qty=45]","data/audits/uncrustables-live-main-fetch-20260718-v1/assets/050-HX-ASO8-XCL2-B0H832SD15-5f6904abd7c5.jpg","5f6904abd7c503dd145cf2d65d8185ee6f33f20a7fd035e364bca733aa71d1bf","data/audits/uncrustables-live-main-fetch-20260718-v1/contact-sheets/live-main-contact-sheet-05.png","86fe60f6810ee0f271d4155c286a3fd38b0d6deabd9df204c644ecff9d1661c0","KEEP","SUFFICIENT","PASS","KEEP_LIVE","","All listed recipe components are visibly represented with sufficiently identifiable genuine Smucker’s Uncrustables packaging; the cooler, Salutem branding, gel-pack and white-background composition is acceptable.","47c2bbbc0c0f7c1cdfcbc52363012b527d3611755d90536a2f80a06ffe2d9f05","46a80e727880d83bd9e52a1c58c753eeeede0cb8cbdd3443e825aba9cbaaa02f"
"51","5","HZ-ASPS-4L22","B0H857K38C","24","Uncrustables Frozen Peanut Butter Sandwiches, Whole Wheat Strawberry Jam & Blueberry Variety, 24 Count","Smucker's Uncrustables Frozen Whole Wheat Peanut Butter & Strawberry Jam Sandwich - 8oz/4ct [qty=12] | Smucker's Uncrustables Frozen Peanut Butter & Blueberry Sandwich - 22.4oz/8ct [qty=12]","data/audits/uncrustables-live-main-fetch-20260718-v1/assets/051-HZ-ASPS-4L22-B0H857K38C-8cd1ddd15697.jpg","8cd1ddd15697ad14279e1899d1dbbbcb593f7c1a3c38b90f43ed5df11f4f7f0a","data/audits/uncrustables-live-main-fetch-20260718-v1/contact-sheets/live-main-contact-sheet-05.png","86fe60f6810ee0f271d4155c286a3fd38b0d6deabd9df204c644ecff9d1661c0","REGENERATE","SUFFICIENT","BLOCKING","REGENERATE_AND_REPLACE","GENERIC_OR_UNBRANDED_PACKAGING","Generic red and blue wrapper backs have no readable Smucker’s/Uncrustables or flavor identity; Whole Wheat Strawberry and Blueberry cannot be authenticated.","47c2bbbc0c0f7c1cdfcbc52363012b527d3611755d90536a2f80a06ffe2d9f05","46a80e727880d83bd9e52a1c58c753eeeede0cb8cbdd3443e825aba9cbaaa02f"
"52","5","JC-ASM4-XXW7","B0H84ZL156","24","Uncrustables Frozen Sandwich Variety Pack, 24 Count – Peanut Butter & Apple Cinnamon Jelly Protein and Peanut Butter & Blackberry Spread","Smucker's Uncrustables Frozen Peanut Butter & Apple Cinnamon Jelly Sandwich – 12g Protein 22.4oz/8ct [qty=12] | Smucker's Uncrustables Frozen Peanut Butter & Blackberry Spread Sandwich - 8oz/4ct [qty=12]","data/audits/uncrustables-live-main-fetch-20260718-v1/assets/052-JC-ASM4-XXW7-B0H84ZL156-6a68177cc400.jpg","6a68177cc400d2227585f11d9576895815ef6fc3cdc0fb7bea86f170f9d477c7","data/audits/uncrustables-live-main-fetch-20260718-v1/contact-sheets/live-main-contact-sheet-05.png","86fe60f6810ee0f271d4155c286a3fd38b0d6deabd9df204c644ecff9d1661c0","REGENERATE","SUFFICIENT","BLOCKING","REGENERATE_AND_REPLACE","PACKAGE_TEXT_CONFLICT","The Up & Apple wrappers visibly state 6G PROTEIN, conflicting with the exact selected 12g Protein recipe component.","47c2bbbc0c0f7c1cdfcbc52363012b527d3611755d90536a2f80a06ffe2d9f05","46a80e727880d83bd9e52a1c58c753eeeede0cb8cbdd3443e825aba9cbaaa02f"
"53","5","JH-ASV9-Z46X","B0H8369PMK","24","Uncrustables Frozen Peanut Butter & Apple Cinnamon Jelly Sandwich, 12g Protein, Crustless, 2.8 oz Each, 24 Count","Smucker's Uncrustables Frozen Peanut Butter & Apple Cinnamon Jelly Sandwich – 12g Protein 22.4oz/8ct [qty=24]","data/audits/uncrustables-live-main-fetch-20260718-v1/assets/053-JH-ASV9-Z46X-B0H8369PMK-8151d5a80777.jpg","8151d5a8077738985b01e2bd12b3606628f03a0ff276971687c71e0811632099","data/audits/uncrustables-live-main-fetch-20260718-v1/contact-sheets/live-main-contact-sheet-05.png","86fe60f6810ee0f271d4155c286a3fd38b0d6deabd9df204c644ecff9d1661c0","KEEP","SUFFICIENT","PASS","KEEP_LIVE","","All listed recipe components are visibly represented with sufficiently identifiable genuine Smucker’s Uncrustables packaging; the cooler, Salutem branding, gel-pack and white-background composition is acceptable.","47c2bbbc0c0f7c1cdfcbc52363012b527d3611755d90536a2f80a06ffe2d9f05","46a80e727880d83bd9e52a1c58c753eeeede0cb8cbdd3443e825aba9cbaaa02f"
"54","5","JL-ASUC-JUZE","B0H831MXGD","45","Uncrustables Peanut Butter & Honey Spread Frozen Sandwiches, 2 oz Each, 45 Count","Smucker's Uncrustables Frozen Peanut Butter & Honey Spread Sandwich - 20oz/10ct [qty=45]","data/audits/uncrustables-live-main-fetch-20260718-v1/assets/054-JL-ASUC-JUZE-B0H831MXGD-919d4340b674.jpg","919d4340b674f38957f8e1b65767d5a6790b70ed88934911c69c3fc91debcea5","data/audits/uncrustables-live-main-fetch-20260718-v1/contact-sheets/live-main-contact-sheet-05.png","86fe60f6810ee0f271d4155c286a3fd38b0d6deabd9df204c644ecff9d1661c0","KEEP","SUFFICIENT","PASS","KEEP_LIVE","","All listed recipe components are visibly represented with sufficiently identifiable genuine Smucker’s Uncrustables packaging; the cooler, Salutem branding, gel-pack and white-background composition is acceptable.","47c2bbbc0c0f7c1cdfcbc52363012b527d3611755d90536a2f80a06ffe2d9f05","46a80e727880d83bd9e52a1c58c753eeeede0cb8cbdd3443e825aba9cbaaa02f"
"55","5","JS-AS5F-QB8T","B0H822TJ7C","30","Uncrustables Frozen Peanut Butter & Apple Cinnamon Jelly Sandwiches, 12g Protein, Individually Wrapped, 30 Count","Smucker's Uncrustables Frozen Peanut Butter & Apple Cinnamon Jelly Sandwich – 12g Protein 22.4oz/8ct [qty=30]","data/audits/uncrustables-live-main-fetch-20260718-v1/assets/055-JS-AS5F-QB8T-B0H822TJ7C-e90d69bd62eb.jpg","e90d69bd62ebd1783094f047737a09e3ebc5ab173a99fdb7ced7b640f5adf2a5","data/audits/uncrustables-live-main-fetch-20260718-v1/contact-sheets/live-main-contact-sheet-05.png","86fe60f6810ee0f271d4155c286a3fd38b0d6deabd9df204c644ecff9d1661c0","KEEP","SUFFICIENT","PASS","KEEP_LIVE","","All listed recipe components are visibly represented with sufficiently identifiable genuine Smucker’s Uncrustables packaging; the cooler, Salutem branding, gel-pack and white-background composition is acceptable.","47c2bbbc0c0f7c1cdfcbc52363012b527d3611755d90536a2f80a06ffe2d9f05","46a80e727880d83bd9e52a1c58c753eeeede0cb8cbdd3443e825aba9cbaaa02f"
"56","5","JT-ASKD-KS8T","B0H83Z6S3Q","120","Smucker's Uncrustables Frozen Peanut Butter & Grape Jelly Sandwiches, 2 oz Each, 120 Count","Smucker's Uncrustables Frozen Peanut Butter & Grape Jelly Sandwich - 8oz/4ct [qty=120]","data/audits/uncrustables-live-main-fetch-20260718-v1/assets/056-JT-ASKD-KS8T-B0H83Z6S3Q-c0e02a77cf9d.jpg","c0e02a77cf9db95e6bfeef5a7fe052cba75c648b34c5b90c1b092ba32913d45a","data/audits/uncrustables-live-main-fetch-20260718-v1/contact-sheets/live-main-contact-sheet-05.png","86fe60f6810ee0f271d4155c286a3fd38b0d6deabd9df204c644ecff9d1661c0","KEEP","SUFFICIENT","PASS","KEEP_LIVE","","All listed recipe components are visibly represented with sufficiently identifiable genuine Smucker’s Uncrustables packaging; the cooler, Salutem branding, gel-pack and white-background composition is acceptable.","47c2bbbc0c0f7c1cdfcbc52363012b527d3611755d90536a2f80a06ffe2d9f05","46a80e727880d83bd9e52a1c58c753eeeede0cb8cbdd3443e825aba9cbaaa02f"
"57","5","JU-ASM0-KV4Z","B0H8462L4S","24","Uncrustables Frozen Sandwiches Variety Pack, Peanut Butter & Raspberry Spread and Whole Wheat Peanut Butter & Grape Jelly, 2 oz Each, 24 Count","Smuckers Uncrustables Peanut Butter & Raspberry Spread Sandwiches, 10 Count, 2 oz Each, Frozen [qty=12] | Smucker's Uncrustables Frozen  Whole Wheat Peanut Butter & Grape Jelly Sandwiches - 8oz/4ct [qty=12]","data/audits/uncrustables-live-main-fetch-20260718-v1/assets/057-JU-ASM0-KV4Z-B0H8462L4S-cf187ffefdc4.jpg","cf187ffefdc4dd7bcccf130ead59fe5f560e03dc2ec5d489d0b0ba5a04d703fb","data/audits/uncrustables-live-main-fetch-20260718-v1/contact-sheets/live-main-contact-sheet-05.png","86fe60f6810ee0f271d4155c286a3fd38b0d6deabd9df204c644ecff9d1661c0","KEEP","SUFFICIENT","PASS","KEEP_LIVE","","All listed recipe components are visibly represented with sufficiently identifiable genuine Smucker’s Uncrustables packaging; the cooler, Salutem branding, gel-pack and white-background composition is acceptable.","47c2bbbc0c0f7c1cdfcbc52363012b527d3611755d90536a2f80a06ffe2d9f05","46a80e727880d83bd9e52a1c58c753eeeede0cb8cbdd3443e825aba9cbaaa02f"
"58","5","JU-ASYC-SSJD","B0H854C7SZ","24","Uncrustables Whole Wheat Peanut Butter Sandwiches, Strawberry Jam & Grape Jelly Variety, 24 Count","Smucker's Uncrustables Frozen Whole Wheat Peanut Butter & Strawberry Jam Sandwich - 8oz/4ct [qty=12] | Smucker's Uncrustables Frozen  Whole Wheat Peanut Butter & Grape Jelly Sandwiches - 8oz/4ct [qty=12]","data/audits/uncrustables-live-main-fetch-20260718-v1/assets/058-JU-ASYC-SSJD-B0H854C7SZ-9088a19c31a6.jpg","9088a19c31a6c11188cdb29fda27f35b8b047228975ff3581958b2744674f312","data/audits/uncrustables-live-main-fetch-20260718-v1/contact-sheets/live-main-contact-sheet-05.png","86fe60f6810ee0f271d4155c286a3fd38b0d6deabd9df204c644ecff9d1661c0","REGENERATE","SUFFICIENT","BLOCKING","REGENERATE_AND_REPLACE","GENERIC_OR_UNBRANDED_PACKAGING","Displayed carton backs/pseudo-panels lack readable Smucker’s/Uncrustables identity; exact Whole Wheat Strawberry and Whole Wheat Grape packaging cannot be authenticated.","47c2bbbc0c0f7c1cdfcbc52363012b527d3611755d90536a2f80a06ffe2d9f05","46a80e727880d83bd9e52a1c58c753eeeede0cb8cbdd3443e825aba9cbaaa02f"
"59","5","JY-ASPW-LB4K","B0H84621N6","24","Uncrustables Frozen Peanut Butter Sandwiches Variety Pack – Raspberry Spread and Apple Cinnamon Jelly Protein, 24 Count","Smuckers Uncrustables Peanut Butter & Raspberry Spread Sandwiches, 10 Count, 2 oz Each, Frozen [qty=12] | Smucker's Uncrustables Frozen Peanut Butter & Apple Cinnamon Jelly Sandwich – 12g Protein 22.4oz/8ct [qty=12]","data/audits/uncrustables-live-main-fetch-20260718-v1/assets/059-JY-ASPW-LB4K-B0H84621N6-9d3f5b276777.jpg","9d3f5b2767778d4f2e5382aaf410509f8d62fc3c6039450c957322cf4f7fc4ed","data/audits/uncrustables-live-main-fetch-20260718-v1/contact-sheets/live-main-contact-sheet-05.png","86fe60f6810ee0f271d4155c286a3fd38b0d6deabd9df204c644ecff9d1661c0","REGENERATE","SUFFICIENT","BLOCKING","REGENERATE_AND_REPLACE","MISSING_RECIPE_COMPONENT","Only Raspberry wrappers are visible; the Up & Apple recipe component is absent.","47c2bbbc0c0f7c1cdfcbc52363012b527d3611755d90536a2f80a06ffe2d9f05","46a80e727880d83bd9e52a1c58c753eeeede0cb8cbdd3443e825aba9cbaaa02f"
"60","5","KD-AS12-8HZ3","B0H845JBM6","24","Uncrustables Frozen Crustless Sandwiches, Peanut Butter & Strawberry Jam Protein and Peanut Butter & Mixed Berry, 2.8 oz, 24 Count","Smucker's Uncrustables Frozen Peanut Butter & Strawberry Jam Sandwich – 12g Protein 22.4oz/8ct [qty=12] | Smucker's Uncrustables Morning Protein Peanut Butter & Mixed Berry Spread Sandwich - 22.4oz/8ct [qty=12]","data/audits/uncrustables-live-main-fetch-20260718-v1/assets/060-KD-AS12-8HZ3-B0H845JBM6-3504b902388f.jpg","3504b902388fddb7cc06d67e7cd648c0cd007f7d7ba35bf902a198f89835691f","data/audits/uncrustables-live-main-fetch-20260718-v1/contact-sheets/live-main-contact-sheet-05.png","86fe60f6810ee0f271d4155c286a3fd38b0d6deabd9df204c644ecff9d1661c0","REGENERATE","SUFFICIENT","BLOCKING","REGENERATE_AND_REPLACE","PRODUCT_VARIANT_MISMATCH","Bright-Eyed Berry is correct, but Beamin’ Berry Blend substitutes for the required Morning Protein Peanut Butter & Mixed Berry Spread component.","47c2bbbc0c0f7c1cdfcbc52363012b527d3611755d90536a2f80a06ffe2d9f05","46a80e727880d83bd9e52a1c58c753eeeede0cb8cbdd3443e825aba9cbaaa02f"
"61","6","KN-ASYZ-ST4M","B0H83XBXHX","24","Uncrustables Frozen Peanut Butter Sandwich Variety Pack, Strawberry Jam Protein & Raspberry Spread, 24 Count","Smucker's Uncrustables Frozen Peanut Butter & Strawberry Jam Sandwich – 12g Protein 22.4oz/8ct [qty=12] | Smuckers Uncrustables Peanut Butter & Raspberry Spread Sandwiches, 10 Count, 2 oz Each, Frozen [qty=12]","data/audits/uncrustables-live-main-fetch-20260718-v1/assets/061-KN-ASYZ-ST4M-B0H83XBXHX-5e67693753e6.jpg","5e67693753e6185ccf2f7130c2023448bba4eb61b0dae1d36b60d2e700203de4","data/audits/uncrustables-live-main-fetch-20260718-v1/contact-sheets/live-main-contact-sheet-06.png","fddb49a4f20c2a3d3af1e6df67148eef9db4a8b928f49f65cbec8dadef95d94c","KEEP","SUFFICIENT","PASS","KEEP_LIVE","","All listed recipe components are visibly represented with sufficiently identifiable genuine Smucker’s Uncrustables packaging; the cooler, Salutem branding, gel-pack and white-background composition is acceptable.","47c2bbbc0c0f7c1cdfcbc52363012b527d3611755d90536a2f80a06ffe2d9f05","46a80e727880d83bd9e52a1c58c753eeeede0cb8cbdd3443e825aba9cbaaa02f"
"62","6","KP-ASYC-RN84","B0H83FYZR3","90","Smucker's Uncrustables Frozen Peanut Butter & Blueberry Sandwich, 2.8 oz Each, 90 Count","Smucker's Uncrustables Frozen Peanut Butter & Blueberry Sandwich - 22.4oz/8ct [qty=90]","data/audits/uncrustables-live-main-fetch-20260718-v1/assets/062-KP-ASYC-RN84-B0H83FYZR3-61d1f58a8f4d.jpg","61d1f58a8f4d4461d50577f65c6a432dbd26dd6f59cbc914044155ff65f0516d","data/audits/uncrustables-live-main-fetch-20260718-v1/contact-sheets/live-main-contact-sheet-06.png","fddb49a4f20c2a3d3af1e6df67148eef9db4a8b928f49f65cbec8dadef95d94c","KEEP","SUFFICIENT","PASS","KEEP_LIVE","","All listed recipe components are visibly represented with sufficiently identifiable genuine Smucker’s Uncrustables packaging; the cooler, Salutem branding, gel-pack and white-background composition is acceptable.","47c2bbbc0c0f7c1cdfcbc52363012b527d3611755d90536a2f80a06ffe2d9f05","46a80e727880d83bd9e52a1c58c753eeeede0cb8cbdd3443e825aba9cbaaa02f"
"63","6","LH-ASP7-KZR4","B0H82XNFRW","90","Uncrustables Whole Wheat Peanut Butter & Strawberry Jam Sandwich, Reduced Sugar, Individually Wrapped, Frozen, 90 Count","Smucker's Uncrustables Frozen Whole Wheat Peanut Butter & Strawberry Jam Sandwich - 8oz/4ct [qty=90]","data/audits/uncrustables-live-main-fetch-20260718-v1/assets/063-LH-ASP7-KZR4-B0H82XNFRW-0bc9eed0bf88.jpg","0bc9eed0bf8829f1786da67bffe3033f831a40f271972e667a15a0b3d0bfa0da","data/audits/uncrustables-live-main-fetch-20260718-v1/contact-sheets/live-main-contact-sheet-06.png","fddb49a4f20c2a3d3af1e6df67148eef9db4a8b928f49f65cbec8dadef95d94c","KEEP","SUFFICIENT","PASS","KEEP_LIVE","","All listed recipe components are visibly represented with sufficiently identifiable genuine Smucker’s Uncrustables packaging; the cooler, Salutem branding, gel-pack and white-background composition is acceptable.","47c2bbbc0c0f7c1cdfcbc52363012b527d3611755d90536a2f80a06ffe2d9f05","46a80e727880d83bd9e52a1c58c753eeeede0cb8cbdd3443e825aba9cbaaa02f"
"64","6","LJ-ASYO-FWJK","B0H853SHVC","24","Uncrustables Frozen Sandwiches Variety Pack, Whole Wheat Peanut Butter & Strawberry Jam and Chocolate Flavored Hazelnut Spread, 24 Count","Smucker's Uncrustables Frozen Whole Wheat Peanut Butter & Strawberry Jam Sandwich - 8oz/4ct [qty=12] | Smucker's Uncrustables Chocolate Flavored Hazelnut Spread Frozen Sandwich - 18oz/10ct [qty=12]","data/audits/uncrustables-live-main-fetch-20260718-v1/assets/064-LJ-ASYO-FWJK-B0H853SHVC-bd9392143b1d.jpg","bd9392143b1dc529893ef739548398e80702626212c010fdfdd9f4dd917e99d5","data/audits/uncrustables-live-main-fetch-20260718-v1/contact-sheets/live-main-contact-sheet-06.png","fddb49a4f20c2a3d3af1e6df67148eef9db4a8b928f49f65cbec8dadef95d94c","KEEP","SUFFICIENT","PASS","KEEP_LIVE","","All listed recipe components are visibly represented with sufficiently identifiable genuine Smucker’s Uncrustables packaging; the cooler, Salutem branding, gel-pack and white-background composition is acceptable.","47c2bbbc0c0f7c1cdfcbc52363012b527d3611755d90536a2f80a06ffe2d9f05","46a80e727880d83bd9e52a1c58c753eeeede0cb8cbdd3443e825aba9cbaaa02f"
"65","6","LK-AS7X-K43B","B0H84CGGXL","24","Uncrustables Peanut Butter Sandwich Variety Pack, 24 Count – 12 Raspberry Spread & 12 Strawberry Jam, 2 oz Each, Frozen","Smuckers Uncrustables Peanut Butter & Raspberry Spread Sandwiches, 10 Count, 2 oz Each, Frozen [qty=12] | Smucker's Uncrustables Frozen Peanut Butter & Strawberry Jam Sandwich - 8oz/4ct [qty=12]","data/audits/uncrustables-live-main-fetch-20260718-v1/assets/065-LK-AS7X-K43B-B0H84CGGXL-7561ca68cb62.jpg","7561ca68cb626ac5d464b3fd13f5c20faa74191192111cc588ad9b26bd03a536","data/audits/uncrustables-live-main-fetch-20260718-v1/contact-sheets/live-main-contact-sheet-06.png","fddb49a4f20c2a3d3af1e6df67148eef9db4a8b928f49f65cbec8dadef95d94c","REGENERATE","SUFFICIENT","BLOCKING","REGENERATE_AND_REPLACE","GENERIC_OR_UNBRANDED_PACKAGING","Brandless lookalike Raspberry/Strawberry carton faces have no readable Smucker’s/Uncrustables identity, so the products cannot be authenticated.","47c2bbbc0c0f7c1cdfcbc52363012b527d3611755d90536a2f80a06ffe2d9f05","46a80e727880d83bd9e52a1c58c753eeeede0cb8cbdd3443e825aba9cbaaa02f"
"66","6","LP-AS9J-HSVB","B0H82B7KK1","24","Uncrustables Peanut Butter & Raspberry Spread Frozen Sandwiches, 2 oz Each, 24 Count","Smuckers Uncrustables Peanut Butter & Raspberry Spread Sandwiches, 10 Count, 2 oz Each, Frozen [qty=24]","data/audits/uncrustables-live-main-fetch-20260718-v1/assets/066-LP-AS9J-HSVB-B0H82B7KK1-734e2b65b1fd.jpg","734e2b65b1fddfa895755eb0253cd7ff82b79ee5958b840eb58daf8456bc5776","data/audits/uncrustables-live-main-fetch-20260718-v1/contact-sheets/live-main-contact-sheet-06.png","fddb49a4f20c2a3d3af1e6df67148eef9db4a8b928f49f65cbec8dadef95d94c","KEEP","SUFFICIENT","PASS","KEEP_LIVE","","All listed recipe components are visibly represented with sufficiently identifiable genuine Smucker’s Uncrustables packaging; the cooler, Salutem branding, gel-pack and white-background composition is acceptable.","47c2bbbc0c0f7c1cdfcbc52363012b527d3611755d90536a2f80a06ffe2d9f05","46a80e727880d83bd9e52a1c58c753eeeede0cb8cbdd3443e825aba9cbaaa02f"
"67","6","LU-ASK0-LSDF","B0H84YZDB7","24","Uncrustables Frozen Peanut Butter and Peanut Butter & Grape Jelly Sandwich Variety Pack, 24 Count","Smucker's Uncrustables Frozen Peanut Butter Sandwich - 7.2oz/4ct [qty=12] | Smucker's Uncrustables Frozen Peanut Butter & Grape Jelly Sandwich - 8oz/4ct [qty=12]","data/audits/uncrustables-live-main-fetch-20260718-v1/assets/067-LU-ASK0-LSDF-B0H84YZDB7-cef974d62aba.jpg","cef974d62abaed6194ce5d98c3a720f6ee34b84c1c7f9a670985eb0721393738","data/audits/uncrustables-live-main-fetch-20260718-v1/contact-sheets/live-main-contact-sheet-06.png","fddb49a4f20c2a3d3af1e6df67148eef9db4a8b928f49f65cbec8dadef95d94c","REGENERATE","SUFFICIENT","BLOCKING","REGENERATE_AND_REPLACE","GENERIC_OR_UNBRANDED_PACKAGING","Pseudo-carton faces show generic product names but no readable Smucker’s/Uncrustables identity; the exact Peanut Butter and Grape components cannot be authenticated.","47c2bbbc0c0f7c1cdfcbc52363012b527d3611755d90536a2f80a06ffe2d9f05","46a80e727880d83bd9e52a1c58c753eeeede0cb8cbdd3443e825aba9cbaaa02f"
"68","6","ME-AS1I-SEX2","B0H83RVHNF","90","Uncrustables Peanut Butter & Chocolate Flavored Spread Sandwiches, Frozen, 2 oz Each, 90 Count","Smuckers Uncrustables Peanut Butter & Chocolate Flavored Spread Sandwiches, 10 Count, 2 oz Each (Frozen) [qty=90]","data/audits/uncrustables-live-main-fetch-20260718-v1/assets/068-ME-AS1I-SEX2-B0H83RVHNF-8f965df2f380.jpg","8f965df2f380c33d05217b010468b97c23e857f8879beb409789000f9c85f43e","data/audits/uncrustables-live-main-fetch-20260718-v1/contact-sheets/live-main-contact-sheet-06.png","fddb49a4f20c2a3d3af1e6df67148eef9db4a8b928f49f65cbec8dadef95d94c","KEEP","SUFFICIENT","PASS","KEEP_LIVE","","All listed recipe components are visibly represented with sufficiently identifiable genuine Smucker’s Uncrustables packaging; the cooler, Salutem branding, gel-pack and white-background composition is acceptable.","47c2bbbc0c0f7c1cdfcbc52363012b527d3611755d90536a2f80a06ffe2d9f05","46a80e727880d83bd9e52a1c58c753eeeede0cb8cbdd3443e825aba9cbaaa02f"
"69","6","MF-AS0J-YRT4","B0H82NHQCL","24","Uncrustables Whole Wheat Peanut Butter & Strawberry Jam Sandwich, Reduced Sugar, 2 oz, Frozen, 24 Count","Smucker's Uncrustables Frozen Whole Wheat Peanut Butter & Strawberry Jam Sandwich - 8oz/4ct [qty=24]","data/audits/uncrustables-live-main-fetch-20260718-v1/assets/069-MF-AS0J-YRT4-B0H82NHQCL-fb8d8cc04357.jpg","fb8d8cc043578e711423f07094ee99576ef2ae6404e65138d21eab1aa58d6c66","data/audits/uncrustables-live-main-fetch-20260718-v1/contact-sheets/live-main-contact-sheet-06.png","fddb49a4f20c2a3d3af1e6df67148eef9db4a8b928f49f65cbec8dadef95d94c","KEEP","SUFFICIENT","PASS","KEEP_LIVE","","All listed recipe components are visibly represented with sufficiently identifiable genuine Smucker’s Uncrustables packaging; the cooler, Salutem branding, gel-pack and white-background composition is acceptable.","47c2bbbc0c0f7c1cdfcbc52363012b527d3611755d90536a2f80a06ffe2d9f05","46a80e727880d83bd9e52a1c58c753eeeede0cb8cbdd3443e825aba9cbaaa02f"
"70","6","MP-ASYO-QNU2","B0H84Z9KWL","24","Uncrustables Frozen Peanut Butter Sandwich Variety Pack, Honey Spread & Grape Jelly, 24 Count","Smucker's Uncrustables Frozen Peanut Butter & Honey Spread Sandwich - 20oz/10ct [qty=12] | Smucker's Uncrustables Frozen Peanut Butter & Grape Jelly Sandwich - 8oz/4ct [qty=12]","data/audits/uncrustables-live-main-fetch-20260718-v1/assets/070-MP-ASYO-QNU2-B0H84Z9KWL-57ded73ec4e4.jpg","57ded73ec4e431ab1f4ea89491f6b79ad920bc5fb35b5e377f0d5014520bb1df","data/audits/uncrustables-live-main-fetch-20260718-v1/contact-sheets/live-main-contact-sheet-06.png","fddb49a4f20c2a3d3af1e6df67148eef9db4a8b928f49f65cbec8dadef95d94c","KEEP","SUFFICIENT","PASS","KEEP_LIVE","","All listed recipe components are visibly represented with sufficiently identifiable genuine Smucker’s Uncrustables packaging; the cooler, Salutem branding, gel-pack and white-background composition is acceptable.","47c2bbbc0c0f7c1cdfcbc52363012b527d3611755d90536a2f80a06ffe2d9f05","46a80e727880d83bd9e52a1c58c753eeeede0cb8cbdd3443e825aba9cbaaa02f"
"71","6","MP-ASZ9-TKE7","B0H837HLKC","30","Uncrustables Morning Protein Peanut Butter & Mixed Berry Spread Sandwich, 2.8 oz, Frozen, 30 Count","Smucker's Uncrustables Morning Protein Peanut Butter & Mixed Berry Spread Sandwich - 22.4oz/8ct [qty=30]","data/audits/uncrustables-live-main-fetch-20260718-v1/assets/071-MP-ASZ9-TKE7-B0H837HLKC-3398bb472d68.jpg","3398bb472d684a29a8a7f98f976497a32be31eac8dcb908712eceba1ec69f93b","data/audits/uncrustables-live-main-fetch-20260718-v1/contact-sheets/live-main-contact-sheet-06.png","fddb49a4f20c2a3d3af1e6df67148eef9db4a8b928f49f65cbec8dadef95d94c","REGENERATE","SUFFICIENT","BLOCKING","REGENERATE_AND_REPLACE","PRODUCT_VARIANT_MISMATCH","Beamin’ Berry Blend is shown instead of the required Morning Protein Peanut Butter & Mixed Berry Spread product.","47c2bbbc0c0f7c1cdfcbc52363012b527d3611755d90536a2f80a06ffe2d9f05","46a80e727880d83bd9e52a1c58c753eeeede0cb8cbdd3443e825aba9cbaaa02f"
"72","6","NC-ASPL-EXE8","B0H83QRV43","24","Uncrustables Frozen Peanut Butter & Strawberry Jam Sandwiches, Variety Pack, 24 Count – Protein & Whole Wheat","Smucker's Uncrustables Frozen Peanut Butter & Strawberry Jam Sandwich – 12g Protein 22.4oz/8ct [qty=12] | Smucker's Uncrustables Frozen Whole Wheat Peanut Butter & Strawberry Jam Sandwich - 8oz/4ct [qty=12]","data/audits/uncrustables-live-main-fetch-20260718-v1/assets/072-NC-ASPL-EXE8-B0H83QRV43-796c5556f096.jpg","796c5556f0963eb830e315eac9934737608a58970b9976d9a3d6051d79214324","data/audits/uncrustables-live-main-fetch-20260718-v1/contact-sheets/live-main-contact-sheet-06.png","fddb49a4f20c2a3d3af1e6df67148eef9db4a8b928f49f65cbec8dadef95d94c","KEEP","SUFFICIENT","PASS","KEEP_LIVE","","All listed recipe components are visibly represented with sufficiently identifiable genuine Smucker’s Uncrustables packaging; the cooler, Salutem branding, gel-pack and white-background composition is acceptable.","47c2bbbc0c0f7c1cdfcbc52363012b527d3611755d90536a2f80a06ffe2d9f05","46a80e727880d83bd9e52a1c58c753eeeede0cb8cbdd3443e825aba9cbaaa02f"
"73","7","NJ-ASAC-PTK2","B0H82X48CD","24","Uncrustables Whole Wheat Peanut Butter & Strawberry Jam Frozen Sandwiches, 2 oz Each, 24 Count","Smucker's Uncrustables Frozen Whole Wheat Peanut Butter & Strawberry Jam Sandwich - 8oz/4ct [qty=24]","data/audits/uncrustables-live-main-fetch-20260718-v1/assets/073-NJ-ASAC-PTK2-B0H82X48CD-0ea952dcb948.jpg","0ea952dcb9485fa04e1c781e0d1d799c846f0814779376eba1563eac0d370cbf","data/audits/uncrustables-live-main-fetch-20260718-v1/contact-sheets/live-main-contact-sheet-07.png","58bc5350510b3f34ba152924cba1f25eba2970be42cea7ac678f4c5710f91b3a","KEEP","SUFFICIENT","PASS","KEEP_LIVE","","All listed recipe components are visibly represented with sufficiently identifiable genuine Smucker’s Uncrustables packaging; the cooler, Salutem branding, gel-pack and white-background composition is acceptable.","47c2bbbc0c0f7c1cdfcbc52363012b527d3611755d90536a2f80a06ffe2d9f05","46a80e727880d83bd9e52a1c58c753eeeede0cb8cbdd3443e825aba9cbaaa02f"
"74","7","NM-ASEW-S2SK","B0H86TVN3C","24","Uncrustables Morning Protein Peanut Butter & Mixed Berry Spread Sandwich, 2.8 oz, 24 Count","Smucker's Uncrustables Morning Protein Peanut Butter & Mixed Berry Spread Sandwich - 22.4oz/8ct [qty=24]","data/audits/uncrustables-live-main-fetch-20260718-v1/assets/074-NM-ASEW-S2SK-B0H86TVN3C-7062e7027abd.jpg","7062e7027abd90e43f86422a7ec17b95d2ba63f52296a56b90c2d24e59a4df4f","data/audits/uncrustables-live-main-fetch-20260718-v1/contact-sheets/live-main-contact-sheet-07.png","58bc5350510b3f34ba152924cba1f25eba2970be42cea7ac678f4c5710f91b3a","REGENERATE","SUFFICIENT","BLOCKING","REGENERATE_AND_REPLACE","PRODUCT_VARIANT_MISMATCH","Beamin’ Berry Blend is shown instead of the required Morning Protein Peanut Butter & Mixed Berry Spread product.","47c2bbbc0c0f7c1cdfcbc52363012b527d3611755d90536a2f80a06ffe2d9f05","46a80e727880d83bd9e52a1c58c753eeeede0cb8cbdd3443e825aba9cbaaa02f"
"75","7","NS-ASSD-B3JJ","B0H82L945T","24","Uncrustables Peanut Butter & Mixed Berry Spread Frozen Sandwiches, 2 oz Each, 24 Count","Smuckers Uncrustables Peanut Butter & Mixed Berry Spread Sandwiches, 2 oz, 4 Count (Frozen) [qty=24]","data/audits/uncrustables-live-main-fetch-20260718-v1/assets/075-NS-ASSD-B3JJ-B0H82L945T-280f0bb42867.jpg","280f0bb428672068188c14792ca9c2ffcfbca9408468e95bcb86ea75b3a938f5","data/audits/uncrustables-live-main-fetch-20260718-v1/contact-sheets/live-main-contact-sheet-07.png","58bc5350510b3f34ba152924cba1f25eba2970be42cea7ac678f4c5710f91b3a","KEEP","SUFFICIENT","PASS","KEEP_LIVE","","All listed recipe components are visibly represented with sufficiently identifiable genuine Smucker’s Uncrustables packaging; the cooler, Salutem branding, gel-pack and white-background composition is acceptable.","47c2bbbc0c0f7c1cdfcbc52363012b527d3611755d90536a2f80a06ffe2d9f05","46a80e727880d83bd9e52a1c58c753eeeede0cb8cbdd3443e825aba9cbaaa02f"
"76","7","NT-ASIL-V5LK","B0H84547PM","24","Uncrustables Frozen Sandwiches Variety Pack, Peanut Butter & Strawberry Jam Protein and Peanut Butter & Chocolate Flavored Spread, 24 Count","Smucker's Uncrustables Frozen Peanut Butter & Strawberry Jam Sandwich – 12g Protein 22.4oz/8ct [qty=12] | Smuckers Uncrustables Peanut Butter & Chocolate Flavored Spread Sandwiches, 10 Count, 2 oz Each (Frozen) [qty=12]","data/audits/uncrustables-live-main-fetch-20260718-v1/assets/076-NT-ASIL-V5LK-B0H84547PM-4d1ceae4cc0d.jpg","4d1ceae4cc0d14877ad8426868a24cdec648eb7c56dffc6f51471b18145c69ce","data/audits/uncrustables-live-main-fetch-20260718-v1/contact-sheets/live-main-contact-sheet-07.png","58bc5350510b3f34ba152924cba1f25eba2970be42cea7ac678f4c5710f91b3a","KEEP","SUFFICIENT","PASS","KEEP_LIVE","","All listed recipe components are visibly represented with sufficiently identifiable genuine Smucker’s Uncrustables packaging; the cooler, Salutem branding, gel-pack and white-background composition is acceptable.","47c2bbbc0c0f7c1cdfcbc52363012b527d3611755d90536a2f80a06ffe2d9f05","46a80e727880d83bd9e52a1c58c753eeeede0cb8cbdd3443e825aba9cbaaa02f"
"77","7","NV-AS86-HD44","B0H85KQJKS","24","Uncrustables Frozen Sandwiches Variety Pack, Chocolate Hazelnut & Whole Wheat Peanut Butter Grape Jelly, 24 Count","Smucker's Uncrustables Chocolate Flavored Hazelnut Spread Frozen Sandwich - 18oz/10ct [qty=12] | Smucker's Uncrustables Frozen  Whole Wheat Peanut Butter & Grape Jelly Sandwiches - 8oz/4ct [qty=12]","data/audits/uncrustables-live-main-fetch-20260718-v1/assets/077-NV-AS86-HD44-B0H85KQJKS-0d4a6515e485.jpg","0d4a6515e485ca690b1c8ebb2e24a92a54382aaa6ca0a89cb81a555372b3ea6e","data/audits/uncrustables-live-main-fetch-20260718-v1/contact-sheets/live-main-contact-sheet-07.png","58bc5350510b3f34ba152924cba1f25eba2970be42cea7ac678f4c5710f91b3a","KEEP","SUFFICIENT","PASS","KEEP_LIVE","","All listed recipe components are visibly represented with sufficiently identifiable genuine Smucker’s Uncrustables packaging; the cooler, Salutem branding, gel-pack and white-background composition is acceptable.","47c2bbbc0c0f7c1cdfcbc52363012b527d3611755d90536a2f80a06ffe2d9f05","46a80e727880d83bd9e52a1c58c753eeeede0cb8cbdd3443e825aba9cbaaa02f"
"78","7","PB-ASAF-G2T6","B0H82K7Y7S","24","Uncrustables Frozen Peanut Butter Sandwiches, No Crust, Individually Wrapped, 24 Count","Smucker's Uncrustables Frozen Peanut Butter Sandwich - 7.2oz/4ct [qty=24]","data/audits/uncrustables-live-main-fetch-20260718-v1/assets/078-PB-ASAF-G2T6-B0H82K7Y7S-299fd08884d2.jpg","299fd08884d21bf263d1906638ceed76b4b7932757c3cc71f4e4f68fb29bac58","data/audits/uncrustables-live-main-fetch-20260718-v1/contact-sheets/live-main-contact-sheet-07.png","58bc5350510b3f34ba152924cba1f25eba2970be42cea7ac678f4c5710f91b3a","KEEP","SUFFICIENT","PASS","KEEP_LIVE","","All listed recipe components are visibly represented with sufficiently identifiable genuine Smucker’s Uncrustables packaging; the cooler, Salutem branding, gel-pack and white-background composition is acceptable.","47c2bbbc0c0f7c1cdfcbc52363012b527d3611755d90536a2f80a06ffe2d9f05","46a80e727880d83bd9e52a1c58c753eeeede0cb8cbdd3443e825aba9cbaaa02f"
"79","7","PJ-ASAX-6LTG","B0H82T12L7","90","Uncrustables Frozen Peanut Butter & Strawberry Jam Sandwiches, 12g Protein, 2.8 oz Each, 90 Count","Smucker's Uncrustables Frozen Peanut Butter & Strawberry Jam Sandwich – 12g Protein 22.4oz/8ct [qty=90]","data/audits/uncrustables-live-main-fetch-20260718-v1/assets/079-PJ-ASAX-6LTG-B0H82T12L7-44bd2da8b3c5.jpg","44bd2da8b3c588488c2c44bb310407be5fcfd277317949cda41de1796db01b21","data/audits/uncrustables-live-main-fetch-20260718-v1/contact-sheets/live-main-contact-sheet-07.png","58bc5350510b3f34ba152924cba1f25eba2970be42cea7ac678f4c5710f91b3a","KEEP","SUFFICIENT","PASS","KEEP_LIVE","","All listed recipe components are visibly represented with sufficiently identifiable genuine Smucker’s Uncrustables packaging; the cooler, Salutem branding, gel-pack and white-background composition is acceptable.","47c2bbbc0c0f7c1cdfcbc52363012b527d3611755d90536a2f80a06ffe2d9f05","46a80e727880d83bd9e52a1c58c753eeeede0cb8cbdd3443e825aba9cbaaa02f"
"80","7","PJ-ASDX-E8LW","B0H85MGP35","24","Uncrustables Frozen Peanut Butter & Honey Spread and Peanut Butter & Mixed Berry Spread Sandwiches, 24 Count Variety Pack","Smucker's Uncrustables Frozen Peanut Butter & Honey Spread Sandwich - 20oz/10ct [qty=12] | Smucker's Uncrustables Morning Protein Peanut Butter & Mixed Berry Spread Sandwich - 22.4oz/8ct [qty=12]","data/audits/uncrustables-live-main-fetch-20260718-v1/assets/080-PJ-ASDX-E8LW-B0H85MGP35-a2bb4733ed0c.jpg","a2bb4733ed0c6c8211d4522f46ac8deca3b3760ea35c88694b80bca78bc858a8","data/audits/uncrustables-live-main-fetch-20260718-v1/contact-sheets/live-main-contact-sheet-07.png","58bc5350510b3f34ba152924cba1f25eba2970be42cea7ac678f4c5710f91b3a","REGENERATE","SUFFICIENT","BLOCKING","REGENERATE_AND_REPLACE","MISSING_RECIPE_COMPONENT","Only Peanut Butter & Honey cartons are visible; the Morning Protein Peanut Butter & Mixed Berry recipe component is absent.","47c2bbbc0c0f7c1cdfcbc52363012b527d3611755d90536a2f80a06ffe2d9f05","46a80e727880d83bd9e52a1c58c753eeeede0cb8cbdd3443e825aba9cbaaa02f"
"81","7","PL-ASR9-U94A","B0H83RR2XQ","45","Uncrustables Morning Protein Peanut Butter & Mixed Berry Spread Sandwich, 2.8 oz, Wheat Bread, 45 Count, Frozen","Smucker's Uncrustables Morning Protein Peanut Butter & Mixed Berry Spread Sandwich - 22.4oz/8ct [qty=45]","data/audits/uncrustables-live-main-fetch-20260718-v1/assets/081-PL-ASR9-U94A-B0H83RR2XQ-ee2a2d60a5b6.jpg","ee2a2d60a5b6dc41e92487a4c24eeb7a950f4904c30fc53ab12047ef97a4fb23","data/audits/uncrustables-live-main-fetch-20260718-v1/contact-sheets/live-main-contact-sheet-07.png","58bc5350510b3f34ba152924cba1f25eba2970be42cea7ac678f4c5710f91b3a","REGENERATE","SUFFICIENT","BLOCKING","REGENERATE_AND_REPLACE","PRODUCT_VARIANT_MISMATCH","Beamin’ Berry Blend wrappers are shown instead of the required Morning Protein Peanut Butter & Mixed Berry Spread product.","47c2bbbc0c0f7c1cdfcbc52363012b527d3611755d90536a2f80a06ffe2d9f05","46a80e727880d83bd9e52a1c58c753eeeede0cb8cbdd3443e825aba9cbaaa02f"
"82","7","PP-AS23-SPLQ","B0H84CDNQG","24","Uncrustables Peanut Butter Sandwich Variety Pack, 2 oz Each, 24 Count - Raspberry Spread and Whole Wheat Strawberry Jam","Smuckers Uncrustables Peanut Butter & Raspberry Spread Sandwiches, 10 Count, 2 oz Each, Frozen [qty=12] | Smucker's Uncrustables Frozen Whole Wheat Peanut Butter & Strawberry Jam Sandwich - 8oz/4ct [qty=12]","data/audits/uncrustables-live-main-fetch-20260718-v1/assets/082-PP-AS23-SPLQ-B0H84CDNQG-de25dc4dafde.jpg","de25dc4dafdef66aa4ebeabae68a278f5f3fbe982d889db6d7f9fc21121bbfb8","data/audits/uncrustables-live-main-fetch-20260718-v1/contact-sheets/live-main-contact-sheet-07.png","58bc5350510b3f34ba152924cba1f25eba2970be42cea7ac678f4c5710f91b3a","KEEP","SUFFICIENT","PASS","KEEP_LIVE","","All listed recipe components are visibly represented with sufficiently identifiable genuine Smucker’s Uncrustables packaging; the cooler, Salutem branding, gel-pack and white-background composition is acceptable.","47c2bbbc0c0f7c1cdfcbc52363012b527d3611755d90536a2f80a06ffe2d9f05","46a80e727880d83bd9e52a1c58c753eeeede0cb8cbdd3443e825aba9cbaaa02f"
"83","7","PR-AS79-8SDF","B0H82L74PL","30","Uncrustables Frozen Peanut Butter & Strawberry Jam Sandwich, 12g Protein, 2.8 oz, 30 Count","Smucker's Uncrustables Frozen Peanut Butter & Strawberry Jam Sandwich – 12g Protein 22.4oz/8ct [qty=30]","data/audits/uncrustables-live-main-fetch-20260718-v1/assets/083-PR-AS79-8SDF-B0H82L74PL-91e6bb7a7a19.jpg","91e6bb7a7a190824e2ad4f7aa3995612caacf32ac06238a824733162560f543f","data/audits/uncrustables-live-main-fetch-20260718-v1/contact-sheets/live-main-contact-sheet-07.png","58bc5350510b3f34ba152924cba1f25eba2970be42cea7ac678f4c5710f91b3a","KEEP","SUFFICIENT","PASS","KEEP_LIVE","","All listed recipe components are visibly represented with sufficiently identifiable genuine Smucker’s Uncrustables packaging; the cooler, Salutem branding, gel-pack and white-background composition is acceptable.","47c2bbbc0c0f7c1cdfcbc52363012b527d3611755d90536a2f80a06ffe2d9f05","46a80e727880d83bd9e52a1c58c753eeeede0cb8cbdd3443e825aba9cbaaa02f"
"84","7","PT-AS5B-Z2XH","B0H84Z6QWY","24","Uncrustables Frozen Peanut Butter & Jelly Sandwich Variety Pack, 24 Count — Whole Wheat Strawberry Jam & Grape Jelly, 2 oz Each","Smucker's Uncrustables Frozen Whole Wheat Peanut Butter & Strawberry Jam Sandwich - 8oz/4ct [qty=12] | Smucker's Uncrustables Frozen Peanut Butter & Grape Jelly Sandwich - 8oz/4ct [qty=12]","data/audits/uncrustables-live-main-fetch-20260718-v1/assets/084-PT-AS5B-Z2XH-B0H84Z6QWY-c68598f94e38.jpg","c68598f94e3880d0c0a5e3b2e3437d06a1d082ba2d2ef92fd9c70f0a4dc56300","data/audits/uncrustables-live-main-fetch-20260718-v1/contact-sheets/live-main-contact-sheet-07.png","58bc5350510b3f34ba152924cba1f25eba2970be42cea7ac678f4c5710f91b3a","REGENERATE","SUFFICIENT","BLOCKING","REGENERATE_AND_REPLACE","GENERIC_OR_UNBRANDED_PACKAGING","Generic brandless “soft bread strawberry/grape sandwich” boxes are lookalike packaging with no readable Smucker’s/Uncrustables identity.","47c2bbbc0c0f7c1cdfcbc52363012b527d3611755d90536a2f80a06ffe2d9f05","46a80e727880d83bd9e52a1c58c753eeeede0cb8cbdd3443e825aba9cbaaa02f"
