sku,asin,main_decision,main_sha256,main_reason_codes,approved_replacement_candidate,gallery_structure_status,gallery_secondary_count,gallery_slot_1_status,gallery_product_visual_status,content_deterministic_status,content_full_evidence_status,content_failure_messages,content_fix_in_plan,price_status,consumer_price_check,business_price_check,min_price_check,max_price_check,discount_absent_check,list_price_absent_check,buyable,discoverable,required_repairs
SZ-ASPI-JFAT,B0H776M5B5,UNOBSERVABLE,,NO_LOCAL_BYTES_FOR_OBSERVED_AMAZON_MAIN_URL,false,FAIL_SECONDARY_COUNT,1,VERIFIED_REQUIRED_INFOGRAPHIC,UNOBSERVABLE,FAIL_REPAIR_REQUIRED,FAIL_AND_NEEDS_EVIDENCE,own-brand title must contain exactly one count claim equal to 24; found 4,true,FAIL_RECIPE_RESOLUTION_REQUIRED,MISMATCH,MISMATCH,MISMATCH,MISMATCH,MATCH,MISMATCH,true,false,OBSERVE_MAIN_THEN_KEEP_OR_REGENERATE|ADD_4_TO_6_PRODUCT_SECONDARIES_AFTER_FIXED_CARD|DOWNLOAD_AND_VISUALLY_VERIFY_LIVE_PRODUCT_SECONDARIES|REPAIR_TEXT_SEMANTICS|BIND_TEXT_AND_STRUCTURED_CLAIMS_TO_PHYSICAL_PACKAGE_EVIDENCE|RESOLVE_CANONICAL_RECIPE_COUNT_BEFORE_OFFER_REPAIR|REPAIR_CANONICAL_OFFER|CLEAR_OPERATIONAL_LISTING_ISSUES
UA-ASAO-RE7Q,B0H784LMG6,UNOBSERVABLE,,NO_LOCAL_BYTES_FOR_OBSERVED_AMAZON_MAIN_URL,false,FAIL_INFOGRAPHIC_SLOT_1,7,WRONG_KNOWN_NUTRITION_PANEL,UNOBSERVABLE,PASS_LIMITED_RULESET,NEEDS_EVIDENCE,,,FAIL_REPAIR_REQUIRED,MISMATCH,MISMATCH,MATCH,MATCH,MATCH,MISMATCH,true,true,OBSERVE_MAIN_THEN_KEEP_OR_REGENERATE|REPAIR_INFOGRAPHIC_SLOT_1|DOWNLOAD_AND_VISUALLY_VERIFY_LIVE_PRODUCT_SECONDARIES|BIND_TEXT_AND_STRUCTURED_CLAIMS_TO_PHYSICAL_PACKAGE_EVIDENCE|REPAIR_CANONICAL_OFFER|CLEAR_OPERATIONAL_LISTING_ISSUES
VC-ASV1-378P,B0H786L5MW,UNOBSERVABLE,,NO_LOCAL_BYTES_FOR_OBSERVED_AMAZON_MAIN_URL,false,FAIL_INFOGRAPHIC_SLOT_1,7,WRONG_KNOWN_NUTRITION_PANEL,UNOBSERVABLE,PASS_LIMITED_RULESET,NEEDS_EVIDENCE,,,FAIL_REPAIR_REQUIRED,MISMATCH,MISMATCH,MATCH,MATCH,MATCH,MISMATCH,true,true,OBSERVE_MAIN_THEN_KEEP_OR_REGENERATE|REPAIR_INFOGRAPHIC_SLOT_1|DOWNLOAD_AND_VISUALLY_VERIFY_LIVE_PRODUCT_SECONDARIES|BIND_TEXT_AND_STRUCTURED_CLAIMS_TO_PHYSICAL_PACKAGE_EVIDENCE|REPAIR_CANONICAL_OFFER|CLEAR_OPERATIONAL_LISTING_ISSUES
AZ-ASMY-VEQ2,B0H788M8WM,UNOBSERVABLE,,NO_LOCAL_BYTES_FOR_OBSERVED_AMAZON_MAIN_URL,false,FAIL_INFOGRAPHIC_SLOT_1,7,WRONG_KNOWN_NUTRITION_PANEL,UNOBSERVABLE,FAIL_REPAIR_REQUIRED,FAIL_AND_NEEDS_EVIDENCE,"own-brand recipe contains individual pieces, not retail boxes/cases",true,FAIL_REPAIR_REQUIRED,MISMATCH,MISMATCH,MATCH,MATCH,MATCH,MISMATCH,true,true,OBSERVE_MAIN_THEN_KEEP_OR_REGENERATE|REPAIR_INFOGRAPHIC_SLOT_1|DOWNLOAD_AND_VISUALLY_VERIFY_LIVE_PRODUCT_SECONDARIES|REPAIR_TEXT_SEMANTICS|BIND_TEXT_AND_STRUCTURED_CLAIMS_TO_PHYSICAL_PACKAGE_EVIDENCE|REPAIR_CANONICAL_OFFER|CLEAR_OPERATIONAL_LISTING_ISSUES
XE-ASK1-BNRB,B0H81WMJBP,UNOBSERVABLE,,NO_LOCAL_BYTES_FOR_OBSERVED_AMAZON_MAIN_URL,false,PASS_METADATA_AND_HASH_ALLOWLIST,7,VERIFIED_REQUIRED_INFOGRAPHIC,UNOBSERVABLE,PASS_LIMITED_RULESET,NEEDS_EVIDENCE,,,FAIL_REPAIR_REQUIRED,MISMATCH,MISMATCH,MATCH,MATCH,MISMATCH,MISMATCH,true,true,OBSERVE_MAIN_THEN_KEEP_OR_REGENERATE|DOWNLOAD_AND_VISUALLY_VERIFY_LIVE_PRODUCT_SECONDARIES|BIND_TEXT_AND_STRUCTURED_CLAIMS_TO_PHYSICAL_PACKAGE_EVIDENCE|REPAIR_CANONICAL_OFFER
GG-ASNC-C9WA,B0H8219Z7T,UNOBSERVABLE,,NO_LOCAL_BYTES_FOR_OBSERVED_AMAZON_MAIN_URL,false,PASS_METADATA_AND_HASH_ALLOWLIST,7,VERIFIED_REQUIRED_INFOGRAPHIC,UNOBSERVABLE,PASS_LIMITED_RULESET,NEEDS_EVIDENCE,,,FAIL_REPAIR_REQUIRED,MISMATCH,MISMATCH,MATCH,MATCH,MISMATCH,MISMATCH,true,true,OBSERVE_MAIN_THEN_KEEP_OR_REGENERATE|DOWNLOAD_AND_VISUALLY_VERIFY_LIVE_PRODUCT_SECONDARIES|BIND_TEXT_AND_STRUCTURED_CLAIMS_TO_PHYSICAL_PACKAGE_EVIDENCE|REPAIR_CANONICAL_OFFER
RM-ASCV-DVA5,B0H822CVVL,UNOBSERVABLE,,NO_LOCAL_BYTES_FOR_OBSERVED_AMAZON_MAIN_URL,false,PASS_METADATA_AND_HASH_ALLOWLIST,7,VERIFIED_REQUIRED_INFOGRAPHIC,UNOBSERVABLE,PASS_LIMITED_RULESET,NEEDS_EVIDENCE,,,FAIL_REPAIR_REQUIRED,MATCH,MISMATCH,MATCH,MATCH,MISMATCH,MISMATCH,true,true,OBSERVE_MAIN_THEN_KEEP_OR_REGENERATE|DOWNLOAD_AND_VISUALLY_VERIFY_LIVE_PRODUCT_SECONDARIES|BIND_TEXT_AND_STRUCTURED_CLAIMS_TO_PHYSICAL_PACKAGE_EVIDENCE|REPAIR_CANONICAL_OFFER
YF-ASZJ-8BBH,B0H822MPKC,UNOBSERVABLE,,NO_LOCAL_BYTES_FOR_OBSERVED_AMAZON_MAIN_URL,false,PASS_METADATA_AND_HASH_ALLOWLIST,7,VERIFIED_REQUIRED_INFOGRAPHIC,UNOBSERVABLE,PASS_LIMITED_RULESET,NEEDS_EVIDENCE,,,FAIL_REPAIR_REQUIRED,MATCH,MISMATCH,MATCH,MATCH,MATCH,MISMATCH,true,true,OBSERVE_MAIN_THEN_KEEP_OR_REGENERATE|DOWNLOAD_AND_VISUALLY_VERIFY_LIVE_PRODUCT_SECONDARIES|BIND_TEXT_AND_STRUCTURED_CLAIMS_TO_PHYSICAL_PACKAGE_EVIDENCE|REPAIR_CANONICAL_OFFER
JS-AS5F-QB8T,B0H822TJ7C,UNOBSERVABLE,,NO_LOCAL_BYTES_FOR_OBSERVED_AMAZON_MAIN_URL,false,PASS_METADATA_AND_HASH_ALLOWLIST,7,VERIFIED_REQUIRED_INFOGRAPHIC,UNOBSERVABLE,PASS_LIMITED_RULESET,NEEDS_EVIDENCE,,,FAIL_REPAIR_REQUIRED,MISMATCH,MISMATCH,MATCH,MATCH,MISMATCH,MISMATCH,true,true,OBSERVE_MAIN_THEN_KEEP_OR_REGENERATE|DOWNLOAD_AND_VISUALLY_VERIFY_LIVE_PRODUCT_SECONDARIES|BIND_TEXT_AND_STRUCTURED_CLAIMS_TO_PHYSICAL_PACKAGE_EVIDENCE|REPAIR_CANONICAL_OFFER|CLEAR_OPERATIONAL_LISTING_ISSUES
FK-AS6B-6G25,B0H8259J9G,UNOBSERVABLE,,NO_LOCAL_BYTES_FOR_OBSERVED_AMAZON_MAIN_URL,false,PASS_METADATA_AND_HASH_ALLOWLIST,7,VERIFIED_REQUIRED_INFOGRAPHIC,UNOBSERVABLE,FAIL_REPAIR_REQUIRED,FAIL_AND_NEEDS_EVIDENCE,own-brand content uses retail-count × pack-of multiplication,true,FAIL_REPAIR_REQUIRED,MATCH,MISMATCH,MATCH,MATCH,MATCH,MISMATCH,true,true,OBSERVE_MAIN_THEN_KEEP_OR_REGENERATE|DOWNLOAD_AND_VISUALLY_VERIFY_LIVE_PRODUCT_SECONDARIES|REPAIR_TEXT_SEMANTICS|BIND_TEXT_AND_STRUCTURED_CLAIMS_TO_PHYSICAL_PACKAGE_EVIDENCE|REPAIR_CANONICAL_OFFER
FX-AS2W-KHZT,B0H827J2XZ,UNOBSERVABLE,,NO_LOCAL_BYTES_FOR_OBSERVED_AMAZON_MAIN_URL,false,PASS_METADATA_AND_HASH_ALLOWLIST,7,VERIFIED_REQUIRED_INFOGRAPHIC,UNOBSERVABLE,PASS_LIMITED_RULESET,NEEDS_EVIDENCE,,,FAIL_REPAIR_REQUIRED,MATCH,MISMATCH,MISMATCH,MISMATCH,MISMATCH,MISMATCH,true,true,OBSERVE_MAIN_THEN_KEEP_OR_REGENERATE|DOWNLOAD_AND_VISUALLY_VERIFY_LIVE_PRODUCT_SECONDARIES|BIND_TEXT_AND_STRUCTURED_CLAIMS_TO_PHYSICAL_PACKAGE_EVIDENCE|REPAIR_CANONICAL_OFFER|CLEAR_OPERATIONAL_LISTING_ISSUES
FR-AS6X-5KJY,B0H827V9DJ,UNOBSERVABLE,,NO_LOCAL_BYTES_FOR_OBSERVED_AMAZON_MAIN_URL,false,PASS_METADATA_AND_HASH_ALLOWLIST,7,VERIFIED_REQUIRED_INFOGRAPHIC,UNOBSERVABLE,PASS_LIMITED_RULESET,NEEDS_EVIDENCE,,,FAIL_REPAIR_REQUIRED,MATCH,MISMATCH,MATCH,MATCH,MATCH,MISMATCH,true,true,OBSERVE_MAIN_THEN_KEEP_OR_REGENERATE|DOWNLOAD_AND_VISUALLY_VERIFY_LIVE_PRODUCT_SECONDARIES|BIND_TEXT_AND_STRUCTURED_CLAIMS_TO_PHYSICAL_PACKAGE_EVIDENCE|REPAIR_CANONICAL_OFFER
GU-ASQ1-S7M6,B0H828GQLP,UNOBSERVABLE,,NO_LOCAL_BYTES_FOR_OBSERVED_AMAZON_MAIN_URL,false,PASS_METADATA_AND_HASH_ALLOWLIST,7,VERIFIED_REQUIRED_INFOGRAPHIC,UNOBSERVABLE,FAIL_REPAIR_REQUIRED,FAIL_AND_NEEDS_EVIDENCE,"own-brand recipe contains individual pieces, not retail boxes/cases",true,FAIL_REPAIR_REQUIRED,MATCH,MISMATCH,MATCH,MATCH,MATCH,MISMATCH,true,true,OBSERVE_MAIN_THEN_KEEP_OR_REGENERATE|DOWNLOAD_AND_VISUALLY_VERIFY_LIVE_PRODUCT_SECONDARIES|REPAIR_TEXT_SEMANTICS|BIND_TEXT_AND_STRUCTURED_CLAIMS_TO_PHYSICAL_PACKAGE_EVIDENCE|REPAIR_CANONICAL_OFFER
PY-ASBM-WX6W,B0H82B7GV5,UNOBSERVABLE,,NO_LOCAL_BYTES_FOR_OBSERVED_AMAZON_MAIN_URL,false,PASS_METADATA_AND_HASH_ALLOWLIST,7,VERIFIED_REQUIRED_INFOGRAPHIC,UNOBSERVABLE,PASS_LIMITED_RULESET,NEEDS_EVIDENCE,,,FAIL_REPAIR_REQUIRED,MATCH,MISMATCH,MATCH,MATCH,MISMATCH,MISMATCH,true,true,OBSERVE_MAIN_THEN_KEEP_OR_REGENERATE|DOWNLOAD_AND_VISUALLY_VERIFY_LIVE_PRODUCT_SECONDARIES|BIND_TEXT_AND_STRUCTURED_CLAIMS_TO_PHYSICAL_PACKAGE_EVIDENCE|REPAIR_CANONICAL_OFFER
LP-AS9J-HSVB,B0H82B7KK1,UNOBSERVABLE,,NO_LOCAL_BYTES_FOR_OBSERVED_AMAZON_MAIN_URL,false,PASS_METADATA_AND_HASH_ALLOWLIST,7,VERIFIED_REQUIRED_INFOGRAPHIC,UNOBSERVABLE,PASS_LIMITED_RULESET,NEEDS_EVIDENCE,,,FAIL_REPAIR_REQUIRED,MATCH,MISMATCH,MATCH,MATCH,MATCH,MISMATCH,true,true,OBSERVE_MAIN_THEN_KEEP_OR_REGENERATE|DOWNLOAD_AND_VISUALLY_VERIFY_LIVE_PRODUCT_SECONDARIES|BIND_TEXT_AND_STRUCTURED_CLAIMS_TO_PHYSICAL_PACKAGE_EVIDENCE|REPAIR_CANONICAL_OFFER
TQ-ASBR-96TC,B0H82BCZ44,UNOBSERVABLE,,NO_LOCAL_BYTES_FOR_OBSERVED_AMAZON_MAIN_URL,false,PASS_METADATA_AND_HASH_ALLOWLIST,7,VERIFIED_REQUIRED_INFOGRAPHIC,UNOBSERVABLE,PASS_LIMITED_RULESET,NEEDS_EVIDENCE,,,FAIL_REPAIR_REQUIRED,MISMATCH,MISMATCH,MATCH,MATCH,MISMATCH,MISMATCH,true,true,OBSERVE_MAIN_THEN_KEEP_OR_REGENERATE|DOWNLOAD_AND_VISUALLY_VERIFY_LIVE_PRODUCT_SECONDARIES|BIND_TEXT_AND_STRUCTURED_CLAIMS_TO_PHYSICAL_PACKAGE_EVIDENCE|REPAIR_CANONICAL_OFFER|CLEAR_OPERATIONAL_LISTING_ISSUES
QE-ASEQ-4YV5,B0H82CBLRM,UNOBSERVABLE,,NO_LOCAL_BYTES_FOR_OBSERVED_AMAZON_MAIN_URL,false,PASS_METADATA_AND_HASH_ALLOWLIST,7,VERIFIED_REQUIRED_INFOGRAPHIC,UNOBSERVABLE,PASS_LIMITED_RULESET,NEEDS_EVIDENCE,,,FAIL_REPAIR_REQUIRED,MATCH,MISMATCH,MATCH,MATCH,MATCH,MISMATCH,true,true,OBSERVE_MAIN_THEN_KEEP_OR_REGENERATE|DOWNLOAD_AND_VISUALLY_VERIFY_LIVE_PRODUCT_SECONDARIES|BIND_TEXT_AND_STRUCTURED_CLAIMS_TO_PHYSICAL_PACKAGE_EVIDENCE|REPAIR_CANONICAL_OFFER
GR-AS0R-YPCF,B0H82GJ292,UNOBSERVABLE,,NO_LOCAL_BYTES_FOR_OBSERVED_AMAZON_MAIN_URL,false,PASS_METADATA_AND_HASH_ALLOWLIST,7,VERIFIED_REQUIRED_INFOGRAPHIC,UNOBSERVABLE,PASS_LIMITED_RULESET,NEEDS_EVIDENCE,,,FAIL_REPAIR_REQUIRED,MATCH,MISMATCH,MATCH,MATCH,MISMATCH,MISMATCH,true,true,OBSERVE_MAIN_THEN_KEEP_OR_REGENERATE|DOWNLOAD_AND_VISUALLY_VERIFY_LIVE_PRODUCT_SECONDARIES|BIND_TEXT_AND_STRUCTURED_CLAIMS_TO_PHYSICAL_PACKAGE_EVIDENCE|REPAIR_CANONICAL_OFFER
AD-AS4H-QXZD,B0H82J6V9T,UNOBSERVABLE,,NO_LOCAL_BYTES_FOR_OBSERVED_AMAZON_MAIN_URL,false,PASS_METADATA_AND_HASH_ALLOWLIST,7,VERIFIED_REQUIRED_INFOGRAPHIC,UNOBSERVABLE,FAIL_REPAIR_REQUIRED,FAIL_AND_NEEDS_EVIDENCE,own-brand content uses retail-count × pack-of multiplication,true,FAIL_REPAIR_REQUIRED,MATCH,MISMATCH,MATCH,MATCH,MISMATCH,MISMATCH,true,true,OBSERVE_MAIN_THEN_KEEP_OR_REGENERATE|DOWNLOAD_AND_VISUALLY_VERIFY_LIVE_PRODUCT_SECONDARIES|REPAIR_TEXT_SEMANTICS|BIND_TEXT_AND_STRUCTURED_CLAIMS_TO_PHYSICAL_PACKAGE_EVIDENCE|REPAIR_CANONICAL_OFFER
AV-AS7X-8EXK,B0H82JTY19,UNOBSERVABLE,,NO_LOCAL_BYTES_FOR_OBSERVED_AMAZON_MAIN_URL,false,PASS_METADATA_AND_HASH_ALLOWLIST,7,VERIFIED_REQUIRED_INFOGRAPHIC,UNOBSERVABLE,FAIL_REPAIR_REQUIRED,FAIL_AND_NEEDS_EVIDENCE,own-brand content uses retail-count × pack-of multiplication,true,FAIL_REPAIR_REQUIRED,MATCH,MISMATCH,MATCH,MATCH,MATCH,MISMATCH,true,true,OBSERVE_MAIN_THEN_KEEP_OR_REGENERATE|DOWNLOAD_AND_VISUALLY_VERIFY_LIVE_PRODUCT_SECONDARIES|REPAIR_TEXT_SEMANTICS|BIND_TEXT_AND_STRUCTURED_CLAIMS_TO_PHYSICAL_PACKAGE_EVIDENCE|REPAIR_CANONICAL_OFFER
RN-ASLP-VH3X,B0H82JYZQH,UNOBSERVABLE,,NO_LOCAL_BYTES_FOR_OBSERVED_AMAZON_MAIN_URL,false,PASS_METADATA_AND_HASH_ALLOWLIST,7,VERIFIED_REQUIRED_INFOGRAPHIC,UNOBSERVABLE,PASS_LIMITED_RULESET,NEEDS_EVIDENCE,,,FAIL_REPAIR_REQUIRED,MATCH,MISMATCH,MATCH,MATCH,MATCH,MISMATCH,true,true,OBSERVE_MAIN_THEN_KEEP_OR_REGENERATE|DOWNLOAD_AND_VISUALLY_VERIFY_LIVE_PRODUCT_SECONDARIES|BIND_TEXT_AND_STRUCTURED_CLAIMS_TO_PHYSICAL_PACKAGE_EVIDENCE|REPAIR_CANONICAL_OFFER
PB-ASAF-G2T6,B0H82K7Y7S,UNOBSERVABLE,,NO_LOCAL_BYTES_FOR_OBSERVED_AMAZON_MAIN_URL,true,PASS_METADATA_AND_HASH_ALLOWLIST,7,VERIFIED_REQUIRED_INFOGRAPHIC,UNOBSERVABLE,FAIL_REPAIR_REQUIRED,FAIL_AND_NEEDS_EVIDENCE,own-brand content uses retail-count × pack-of multiplication,true,FAIL_REPAIR_REQUIRED,MATCH,MISMATCH,MATCH,MATCH,MATCH,MISMATCH,true,true,OBSERVE_MAIN_THEN_KEEP_OR_REGENERATE|DOWNLOAD_AND_VISUALLY_VERIFY_LIVE_PRODUCT_SECONDARIES|REPAIR_TEXT_SEMANTICS|BIND_TEXT_AND_STRUCTURED_CLAIMS_TO_PHYSICAL_PACKAGE_EVIDENCE|REPAIR_CANONICAL_OFFER
ZX-AS2C-GT8Q,B0H82L3LRT,UNOBSERVABLE,,NO_LOCAL_BYTES_FOR_OBSERVED_AMAZON_MAIN_URL,false,PASS_METADATA_AND_HASH_ALLOWLIST,7,VERIFIED_REQUIRED_INFOGRAPHIC,UNOBSERVABLE,PASS_LIMITED_RULESET,NEEDS_EVIDENCE,,,FAIL_REPAIR_REQUIRED,MISMATCH,MISMATCH,MATCH,MATCH,MISMATCH,MISMATCH,true,true,OBSERVE_MAIN_THEN_KEEP_OR_REGENERATE|DOWNLOAD_AND_VISUALLY_VERIFY_LIVE_PRODUCT_SECONDARIES|BIND_TEXT_AND_STRUCTURED_CLAIMS_TO_PHYSICAL_PACKAGE_EVIDENCE|REPAIR_CANONICAL_OFFER
PR-AS79-8SDF,B0H82L74PL,UNOBSERVABLE,,NO_LOCAL_BYTES_FOR_OBSERVED_AMAZON_MAIN_URL,false,PASS_METADATA_AND_HASH_ALLOWLIST,7,VERIFIED_REQUIRED_INFOGRAPHIC,UNOBSERVABLE,PASS_LIMITED_RULESET,NEEDS_EVIDENCE,,,FAIL_REPAIR_REQUIRED,MATCH,MISMATCH,MATCH,MATCH,MATCH,MISMATCH,false,true,OBSERVE_MAIN_THEN_KEEP_OR_REGENERATE|DOWNLOAD_AND_VISUALLY_VERIFY_LIVE_PRODUCT_SECONDARIES|BIND_TEXT_AND_STRUCTURED_CLAIMS_TO_PHYSICAL_PACKAGE_EVIDENCE|REPAIR_CANONICAL_OFFER|CLEAR_OPERATIONAL_LISTING_ISSUES
NS-ASSD-B3JJ,B0H82L945T,UNOBSERVABLE,,NO_LOCAL_BYTES_FOR_OBSERVED_AMAZON_MAIN_URL,false,PASS_METADATA_AND_HASH_ALLOWLIST,7,VERIFIED_REQUIRED_INFOGRAPHIC,UNOBSERVABLE,PASS_LIMITED_RULESET,NEEDS_EVIDENCE,,,FAIL_REPAIR_REQUIRED,MATCH,MISMATCH,MATCH,MATCH,MISMATCH,MISMATCH,true,true,OBSERVE_MAIN_THEN_KEEP_OR_REGENERATE|DOWNLOAD_AND_VISUALLY_VERIFY_LIVE_PRODUCT_SECONDARIES|BIND_TEXT_AND_STRUCTURED_CLAIMS_TO_PHYSICAL_PACKAGE_EVIDENCE|REPAIR_CANONICAL_OFFER
ZB-ASKL-9W8G,B0H82LKBYH,UNOBSERVABLE,,NO_LOCAL_BYTES_FOR_OBSERVED_AMAZON_MAIN_URL,false,PASS_METADATA_AND_HASH_ALLOWLIST,7,VERIFIED_REQUIRED_INFOGRAPHIC,UNOBSERVABLE,FAIL_REPAIR_REQUIRED,FAIL_AND_NEEDS_EVIDENCE,"own-brand recipe contains individual pieces, not retail boxes/cases",true,FAIL_REPAIR_REQUIRED,MATCH,MISMATCH,MATCH,MATCH,MISMATCH,MISMATCH,true,true,OBSERVE_MAIN_THEN_KEEP_OR_REGENERATE|DOWNLOAD_AND_VISUALLY_VERIFY_LIVE_PRODUCT_SECONDARIES|REPAIR_TEXT_SEMANTICS|BIND_TEXT_AND_STRUCTURED_CLAIMS_TO_PHYSICAL_PACKAGE_EVIDENCE|REPAIR_CANONICAL_OFFER
ZH-AS8W-G5MN,B0H82LMD9Z,UNOBSERVABLE,,NO_LOCAL_BYTES_FOR_OBSERVED_AMAZON_MAIN_URL,false,PASS_METADATA_AND_HASH_ALLOWLIST,7,VERIFIED_REQUIRED_INFOGRAPHIC,UNOBSERVABLE,PASS_LIMITED_RULESET,NEEDS_EVIDENCE,,,FAIL_REPAIR_REQUIRED,MISMATCH,MISMATCH,MATCH,MATCH,MISMATCH,MISMATCH,true,true,OBSERVE_MAIN_THEN_KEEP_OR_REGENERATE|DOWNLOAD_AND_VISUALLY_VERIFY_LIVE_PRODUCT_SECONDARIES|BIND_TEXT_AND_STRUCTURED_CLAIMS_TO_PHYSICAL_PACKAGE_EVIDENCE|REPAIR_CANONICAL_OFFER
RL-AS64-Q8QX,B0H82LZLM2,UNOBSERVABLE,,NO_LOCAL_BYTES_FOR_OBSERVED_AMAZON_MAIN_URL,false,PASS_METADATA_AND_HASH_ALLOWLIST,5,VERIFIED_REQUIRED_INFOGRAPHIC,UNOBSERVABLE,FAIL_REPAIR_REQUIRED,FAIL_AND_NEEDS_EVIDENCE,own-brand content uses retail-count × pack-of multiplication,true,FAIL_REPAIR_REQUIRED,MATCH,MISMATCH,MATCH,MATCH,MATCH,MISMATCH,false,true,OBSERVE_MAIN_THEN_KEEP_OR_REGENERATE|DOWNLOAD_AND_VISUALLY_VERIFY_LIVE_PRODUCT_SECONDARIES|REPAIR_TEXT_SEMANTICS|BIND_TEXT_AND_STRUCTURED_CLAIMS_TO_PHYSICAL_PACKAGE_EVIDENCE|REPAIR_CANONICAL_OFFER|CLEAR_OPERATIONAL_LISTING_ISSUES
DY-AS8W-6MJG,B0H82MKPRJ,UNOBSERVABLE,,NO_LOCAL_BYTES_FOR_OBSERVED_AMAZON_MAIN_URL,false,PASS_METADATA_AND_HASH_ALLOWLIST,7,VERIFIED_REQUIRED_INFOGRAPHIC,UNOBSERVABLE,PASS_LIMITED_RULESET,NEEDS_EVIDENCE,,,FAIL_REPAIR_REQUIRED,MISMATCH,MISMATCH,MATCH,MATCH,MATCH,MISMATCH,true,true,OBSERVE_MAIN_THEN_KEEP_OR_REGENERATE|DOWNLOAD_AND_VISUALLY_VERIFY_LIVE_PRODUCT_SECONDARIES|BIND_TEXT_AND_STRUCTURED_CLAIMS_TO_PHYSICAL_PACKAGE_EVIDENCE|REPAIR_CANONICAL_OFFER|CLEAR_OPERATIONAL_LISTING_ISSUES
XJ-ASVD-CDMW,B0H82MSTD9,UNOBSERVABLE,,NO_LOCAL_BYTES_FOR_OBSERVED_AMAZON_MAIN_URL,false,PASS_METADATA_AND_HASH_ALLOWLIST,7,VERIFIED_REQUIRED_INFOGRAPHIC,UNOBSERVABLE,PASS_LIMITED_RULESET,NEEDS_EVIDENCE,,,FAIL_REPAIR_REQUIRED,MISMATCH,MISMATCH,MATCH,MATCH,MISMATCH,MISMATCH,true,true,OBSERVE_MAIN_THEN_KEEP_OR_REGENERATE|DOWNLOAD_AND_VISUALLY_VERIFY_LIVE_PRODUCT_SECONDARIES|BIND_TEXT_AND_STRUCTURED_CLAIMS_TO_PHYSICAL_PACKAGE_EVIDENCE|REPAIR_CANONICAL_OFFER|CLEAR_OPERATIONAL_LISTING_ISSUES
EW-ASJ9-E79N,B0H82MT74H,UNOBSERVABLE,,NO_LOCAL_BYTES_FOR_OBSERVED_AMAZON_MAIN_URL,false,PASS_METADATA_AND_HASH_ALLOWLIST,7,VERIFIED_REQUIRED_INFOGRAPHIC,UNOBSERVABLE,PASS_LIMITED_RULESET,NEEDS_EVIDENCE,,,FAIL_REPAIR_REQUIRED,MISMATCH,MISMATCH,MATCH,MATCH,MISMATCH,MISMATCH,true,true,OBSERVE_MAIN_THEN_KEEP_OR_REGENERATE|DOWNLOAD_AND_VISUALLY_VERIFY_LIVE_PRODUCT_SECONDARIES|BIND_TEXT_AND_STRUCTURED_CLAIMS_TO_PHYSICAL_PACKAGE_EVIDENCE|REPAIR_CANONICAL_OFFER
MF-AS0J-YRT4,B0H82NHQCL,UNOBSERVABLE,,NO_LOCAL_BYTES_FOR_OBSERVED_AMAZON_MAIN_URL,false,PASS_METADATA_AND_HASH_ALLOWLIST,7,VERIFIED_REQUIRED_INFOGRAPHIC,UNOBSERVABLE,PASS_LIMITED_RULESET,NEEDS_EVIDENCE,,,FAIL_REPAIR_REQUIRED,MATCH,MISMATCH,MATCH,MATCH,MATCH,MISMATCH,true,true,OBSERVE_MAIN_THEN_KEEP_OR_REGENERATE|DOWNLOAD_AND_VISUALLY_VERIFY_LIVE_PRODUCT_SECONDARIES|BIND_TEXT_AND_STRUCTURED_CLAIMS_TO_PHYSICAL_PACKAGE_EVIDENCE|REPAIR_CANONICAL_OFFER
UJ-ASQ1-9FNR,B0H82P651P,UNOBSERVABLE,,NO_LOCAL_BYTES_FOR_OBSERVED_AMAZON_MAIN_URL,false,PASS_METADATA_AND_HASH_ALLOWLIST,5,VERIFIED_REQUIRED_INFOGRAPHIC,UNOBSERVABLE,PASS_LIMITED_RULESET,NEEDS_EVIDENCE,,,FAIL_REPAIR_REQUIRED,MISMATCH,MISMATCH,MATCH,MATCH,MISMATCH,MISMATCH,true,true,OBSERVE_MAIN_THEN_KEEP_OR_REGENERATE|DOWNLOAD_AND_VISUALLY_VERIFY_LIVE_PRODUCT_SECONDARIES|BIND_TEXT_AND_STRUCTURED_CLAIMS_TO_PHYSICAL_PACKAGE_EVIDENCE|REPAIR_CANONICAL_OFFER|CLEAR_OPERATIONAL_LISTING_ISSUES
VN-AS1A-D572,B0H82PKK18,UNOBSERVABLE,,NO_LOCAL_BYTES_FOR_OBSERVED_AMAZON_MAIN_URL,false,PASS_METADATA_AND_HASH_ALLOWLIST,7,VERIFIED_REQUIRED_INFOGRAPHIC,UNOBSERVABLE,FAIL_REPAIR_REQUIRED,FAIL_AND_NEEDS_EVIDENCE,title count 180 does not equal recipe count 45,true,FAIL_REPAIR_REQUIRED,MISMATCH,MISMATCH,MISMATCH,MISMATCH,MATCH,MISMATCH,true,true,OBSERVE_MAIN_THEN_KEEP_OR_REGENERATE|DOWNLOAD_AND_VISUALLY_VERIFY_LIVE_PRODUCT_SECONDARIES|REPAIR_TEXT_SEMANTICS|BIND_TEXT_AND_STRUCTURED_CLAIMS_TO_PHYSICAL_PACKAGE_EVIDENCE|REPAIR_CANONICAL_OFFER
EJ-ASCD-8K87,B0H82PXWKS,UNOBSERVABLE,,NO_LOCAL_BYTES_FOR_OBSERVED_AMAZON_MAIN_URL,false,PASS_METADATA_AND_HASH_ALLOWLIST,7,VERIFIED_REQUIRED_INFOGRAPHIC,UNOBSERVABLE,PASS_LIMITED_RULESET,NEEDS_EVIDENCE,,,FAIL_REPAIR_REQUIRED,MISMATCH,MISMATCH,MATCH,MATCH,MISMATCH,MISMATCH,true,true,OBSERVE_MAIN_THEN_KEEP_OR_REGENERATE|DOWNLOAD_AND_VISUALLY_VERIFY_LIVE_PRODUCT_SECONDARIES|BIND_TEXT_AND_STRUCTURED_CLAIMS_TO_PHYSICAL_PACKAGE_EVIDENCE|REPAIR_CANONICAL_OFFER
YH-ASQ8-45ED,B0H82QPCJL,UNOBSERVABLE,,NO_LOCAL_BYTES_FOR_OBSERVED_AMAZON_MAIN_URL,false,PASS_METADATA_AND_HASH_ALLOWLIST,7,VERIFIED_REQUIRED_INFOGRAPHIC,UNOBSERVABLE,PASS_LIMITED_RULESET,NEEDS_EVIDENCE,,,FAIL_REPAIR_REQUIRED,MATCH,MISMATCH,MATCH,MATCH,MATCH,MISMATCH,true,true,OBSERVE_MAIN_THEN_KEEP_OR_REGENERATE|DOWNLOAD_AND_VISUALLY_VERIFY_LIVE_PRODUCT_SECONDARIES|BIND_TEXT_AND_STRUCTURED_CLAIMS_TO_PHYSICAL_PACKAGE_EVIDENCE|REPAIR_CANONICAL_OFFER
VC-ASQE-L5Z5,B0H82QYM85,UNOBSERVABLE,,NO_LOCAL_BYTES_FOR_OBSERVED_AMAZON_MAIN_URL,false,PASS_METADATA_AND_HASH_ALLOWLIST,7,VERIFIED_REQUIRED_INFOGRAPHIC,UNOBSERVABLE,PASS_LIMITED_RULESET,NEEDS_EVIDENCE,,,FAIL_REPAIR_REQUIRED,MISMATCH,MISMATCH,MATCH,MATCH,MISMATCH,MISMATCH,true,true,OBSERVE_MAIN_THEN_KEEP_OR_REGENERATE|DOWNLOAD_AND_VISUALLY_VERIFY_LIVE_PRODUCT_SECONDARIES|BIND_TEXT_AND_STRUCTURED_CLAIMS_TO_PHYSICAL_PACKAGE_EVIDENCE|REPAIR_CANONICAL_OFFER
QX-AS89-H8YC,B0H82RQ226,UNOBSERVABLE,,NO_LOCAL_BYTES_FOR_OBSERVED_AMAZON_MAIN_URL,false,PASS_METADATA_AND_HASH_ALLOWLIST,7,VERIFIED_REQUIRED_INFOGRAPHIC,UNOBSERVABLE,FAIL_REPAIR_REQUIRED,FAIL_AND_NEEDS_EVIDENCE,own-brand content uses retail-count × pack-of multiplication,true,FAIL_REPAIR_REQUIRED,MISMATCH,MISMATCH,MATCH,MATCH,MATCH,MISMATCH,true,true,OBSERVE_MAIN_THEN_KEEP_OR_REGENERATE|DOWNLOAD_AND_VISUALLY_VERIFY_LIVE_PRODUCT_SECONDARIES|REPAIR_TEXT_SEMANTICS|BIND_TEXT_AND_STRUCTURED_CLAIMS_TO_PHYSICAL_PACKAGE_EVIDENCE|REPAIR_CANONICAL_OFFER|CLEAR_OPERATIONAL_LISTING_ISSUES
GR-AS1P-DBB2,B0H82S7TFG,UNOBSERVABLE,,NO_LOCAL_BYTES_FOR_OBSERVED_AMAZON_MAIN_URL,false,PASS_METADATA_AND_HASH_ALLOWLIST,7,VERIFIED_REQUIRED_INFOGRAPHIC,UNOBSERVABLE,PASS_LIMITED_RULESET,NEEDS_EVIDENCE,,,FAIL_REPAIR_REQUIRED,MATCH,MISMATCH,MATCH,MATCH,MISMATCH,MISMATCH,true,true,OBSERVE_MAIN_THEN_KEEP_OR_REGENERATE|DOWNLOAD_AND_VISUALLY_VERIFY_LIVE_PRODUCT_SECONDARIES|BIND_TEXT_AND_STRUCTURED_CLAIMS_TO_PHYSICAL_PACKAGE_EVIDENCE|REPAIR_CANONICAL_OFFER
SA-ASDW-SNEW,B0H82SMZ2M,UNOBSERVABLE,,NO_LOCAL_BYTES_FOR_OBSERVED_AMAZON_MAIN_URL,false,PASS_METADATA_AND_HASH_ALLOWLIST,7,VERIFIED_REQUIRED_INFOGRAPHIC,UNOBSERVABLE,PASS_LIMITED_RULESET,NEEDS_EVIDENCE,,,FAIL_REPAIR_REQUIRED,MATCH,MISMATCH,MATCH,MATCH,MATCH,MISMATCH,true,true,OBSERVE_MAIN_THEN_KEEP_OR_REGENERATE|DOWNLOAD_AND_VISUALLY_VERIFY_LIVE_PRODUCT_SECONDARIES|BIND_TEXT_AND_STRUCTURED_CLAIMS_TO_PHYSICAL_PACKAGE_EVIDENCE|REPAIR_CANONICAL_OFFER
FV-AS47-EJZW,B0H82SZSYJ,UNOBSERVABLE,,NO_LOCAL_BYTES_FOR_OBSERVED_AMAZON_MAIN_URL,false,PASS_METADATA_AND_HASH_ALLOWLIST,7,VERIFIED_REQUIRED_INFOGRAPHIC,UNOBSERVABLE,PASS_LIMITED_RULESET,NEEDS_EVIDENCE,,,FAIL_REPAIR_REQUIRED,MATCH,MISMATCH,MATCH,MATCH,MISMATCH,MISMATCH,true,true,OBSERVE_MAIN_THEN_KEEP_OR_REGENERATE|DOWNLOAD_AND_VISUALLY_VERIFY_LIVE_PRODUCT_SECONDARIES|BIND_TEXT_AND_STRUCTURED_CLAIMS_TO_PHYSICAL_PACKAGE_EVIDENCE|REPAIR_CANONICAL_OFFER
PJ-ASAX-6LTG,B0H82T12L7,UNOBSERVABLE,,NO_LOCAL_BYTES_FOR_OBSERVED_AMAZON_MAIN_URL,false,PASS_METADATA_AND_HASH_ALLOWLIST,7,VERIFIED_REQUIRED_INFOGRAPHIC,UNOBSERVABLE,FAIL_REPAIR_REQUIRED,FAIL_AND_NEEDS_EVIDENCE,own-brand content uses retail-count × pack-of multiplication,true,FAIL_REPAIR_REQUIRED,MATCH,MISMATCH,MATCH,MATCH,MATCH,MISMATCH,false,true,OBSERVE_MAIN_THEN_KEEP_OR_REGENERATE|DOWNLOAD_AND_VISUALLY_VERIFY_LIVE_PRODUCT_SECONDARIES|REPAIR_TEXT_SEMANTICS|BIND_TEXT_AND_STRUCTURED_CLAIMS_TO_PHYSICAL_PACKAGE_EVIDENCE|REPAIR_CANONICAL_OFFER|CLEAR_OPERATIONAL_LISTING_ISSUES
NJ-ASAC-PTK2,B0H82X48CD,UNOBSERVABLE,,NO_LOCAL_BYTES_FOR_OBSERVED_AMAZON_MAIN_URL,false,PASS_METADATA_AND_HASH_ALLOWLIST,7,VERIFIED_REQUIRED_INFOGRAPHIC,UNOBSERVABLE,PASS_LIMITED_RULESET,NEEDS_EVIDENCE,,,FAIL_REPAIR_REQUIRED,MATCH,MISMATCH,MATCH,MATCH,MATCH,MISMATCH,true,true,OBSERVE_MAIN_THEN_KEEP_OR_REGENERATE|DOWNLOAD_AND_VISUALLY_VERIFY_LIVE_PRODUCT_SECONDARIES|BIND_TEXT_AND_STRUCTURED_CLAIMS_TO_PHYSICAL_PACKAGE_EVIDENCE|REPAIR_CANONICAL_OFFER
WK-AS2R-FJUW,B0H82XBNVN,UNOBSERVABLE,,NO_LOCAL_BYTES_FOR_OBSERVED_AMAZON_MAIN_URL,false,PASS_METADATA_AND_HASH_ALLOWLIST,7,VERIFIED_REQUIRED_INFOGRAPHIC,UNOBSERVABLE,FAIL_REPAIR_REQUIRED,FAIL_AND_NEEDS_EVIDENCE,own-brand title must contain exactly one count claim equal to 90; found none,false,FAIL_REPAIR_REQUIRED,MISMATCH,MISMATCH,MATCH,MATCH,MISMATCH,MISMATCH,true,true,OBSERVE_MAIN_THEN_KEEP_OR_REGENERATE|DOWNLOAD_AND_VISUALLY_VERIFY_LIVE_PRODUCT_SECONDARIES|REPAIR_TEXT_SEMANTICS|BIND_TEXT_AND_STRUCTURED_CLAIMS_TO_PHYSICAL_PACKAGE_EVIDENCE|REPAIR_CANONICAL_OFFER|CLEAR_OPERATIONAL_LISTING_ISSUES
LH-ASP7-KZR4,B0H82XNFRW,UNOBSERVABLE,,NO_LOCAL_BYTES_FOR_OBSERVED_AMAZON_MAIN_URL,false,PASS_METADATA_AND_HASH_ALLOWLIST,7,VERIFIED_REQUIRED_INFOGRAPHIC,UNOBSERVABLE,PASS_LIMITED_RULESET,NEEDS_EVIDENCE,,,FAIL_REPAIR_REQUIRED,MATCH,MISMATCH,MATCH,MATCH,MATCH,MISMATCH,true,true,OBSERVE_MAIN_THEN_KEEP_OR_REGENERATE|DOWNLOAD_AND_VISUALLY_VERIFY_LIVE_PRODUCT_SECONDARIES|BIND_TEXT_AND_STRUCTURED_CLAIMS_TO_PHYSICAL_PACKAGE_EVIDENCE|REPAIR_CANONICAL_OFFER
SA-ASCK-J2B2,B0H82XP1MM,UNOBSERVABLE,,NO_LOCAL_BYTES_FOR_OBSERVED_AMAZON_MAIN_URL,false,PASS_METADATA_AND_HASH_ALLOWLIST,7,VERIFIED_REQUIRED_INFOGRAPHIC,UNOBSERVABLE,PASS_LIMITED_RULESET,NEEDS_EVIDENCE,,,FAIL_REPAIR_REQUIRED,MATCH,MISMATCH,MATCH,MATCH,MATCH,MISMATCH,false,true,OBSERVE_MAIN_THEN_KEEP_OR_REGENERATE|DOWNLOAD_AND_VISUALLY_VERIFY_LIVE_PRODUCT_SECONDARIES|BIND_TEXT_AND_STRUCTURED_CLAIMS_TO_PHYSICAL_PACKAGE_EVIDENCE|REPAIR_CANONICAL_OFFER|CLEAR_OPERATIONAL_LISTING_ISSUES
YA-ASX6-PZE7,B0H82YB4PD,UNOBSERVABLE,,NO_LOCAL_BYTES_FOR_OBSERVED_AMAZON_MAIN_URL,false,PASS_METADATA_AND_HASH_ALLOWLIST,7,VERIFIED_REQUIRED_INFOGRAPHIC,UNOBSERVABLE,PASS_LIMITED_RULESET,NEEDS_EVIDENCE,,,FAIL_REPAIR_REQUIRED,MATCH,MISMATCH,MATCH,MATCH,MATCH,MISMATCH,true,true,OBSERVE_MAIN_THEN_KEEP_OR_REGENERATE|DOWNLOAD_AND_VISUALLY_VERIFY_LIVE_PRODUCT_SECONDARIES|BIND_TEXT_AND_STRUCTURED_CLAIMS_TO_PHYSICAL_PACKAGE_EVIDENCE|REPAIR_CANONICAL_OFFER
HU-ASMI-DN3X,B0H82YMT6K,UNOBSERVABLE,,NO_LOCAL_BYTES_FOR_OBSERVED_AMAZON_MAIN_URL,false,PASS_METADATA_AND_HASH_ALLOWLIST,7,VERIFIED_REQUIRED_INFOGRAPHIC,UNOBSERVABLE,FAIL_REPAIR_REQUIRED,FAIL_AND_NEEDS_EVIDENCE,"own-brand recipe contains individual pieces, not retail boxes/cases",true,FAIL_REPAIR_REQUIRED,MISMATCH,MISMATCH,MATCH,MATCH,MISMATCH,MISMATCH,true,true,OBSERVE_MAIN_THEN_KEEP_OR_REGENERATE|DOWNLOAD_AND_VISUALLY_VERIFY_LIVE_PRODUCT_SECONDARIES|REPAIR_TEXT_SEMANTICS|BIND_TEXT_AND_STRUCTURED_CLAIMS_TO_PHYSICAL_PACKAGE_EVIDENCE|REPAIR_CANONICAL_OFFER|CLEAR_OPERATIONAL_LISTING_ISSUES
XV-ASEU-GDUX,B0H82YRTS3,UNOBSERVABLE,,NO_LOCAL_BYTES_FOR_OBSERVED_AMAZON_MAIN_URL,false,PASS_METADATA_AND_HASH_ALLOWLIST,5,VERIFIED_REQUIRED_INFOGRAPHIC,UNOBSERVABLE,FAIL_REPAIR_REQUIRED,FAIL_AND_NEEDS_EVIDENCE,own-brand content uses retail-count × pack-of multiplication,true,FAIL_REPAIR_REQUIRED,MISMATCH,MISMATCH,MATCH,MATCH,MISMATCH,MISMATCH,true,true,OBSERVE_MAIN_THEN_KEEP_OR_REGENERATE|DOWNLOAD_AND_VISUALLY_VERIFY_LIVE_PRODUCT_SECONDARIES|REPAIR_TEXT_SEMANTICS|BIND_TEXT_AND_STRUCTURED_CLAIMS_TO_PHYSICAL_PACKAGE_EVIDENCE|REPAIR_CANONICAL_OFFER|CLEAR_OPERATIONAL_LISTING_ISSUES
AC-AS4J-B64F,B0H82ZZS2P,UNOBSERVABLE,,NO_LOCAL_BYTES_FOR_OBSERVED_AMAZON_MAIN_URL,false,PASS_METADATA_AND_HASH_ALLOWLIST,7,VERIFIED_REQUIRED_INFOGRAPHIC,UNOBSERVABLE,FAIL_REPAIR_REQUIRED,FAIL_AND_NEEDS_EVIDENCE,own-brand content uses retail-count × pack-of multiplication,true,FAIL_REPAIR_REQUIRED,MATCH,MISMATCH,MATCH,MATCH,MISMATCH,MISMATCH,true,true,OBSERVE_MAIN_THEN_KEEP_OR_REGENERATE|DOWNLOAD_AND_VISUALLY_VERIFY_LIVE_PRODUCT_SECONDARIES|REPAIR_TEXT_SEMANTICS|BIND_TEXT_AND_STRUCTURED_CLAIMS_TO_PHYSICAL_PACKAGE_EVIDENCE|REPAIR_CANONICAL_OFFER
SS-AS9K-U9TV,B0H831889Q,UNOBSERVABLE,,NO_LOCAL_BYTES_FOR_OBSERVED_AMAZON_MAIN_URL,false,PASS_METADATA_AND_HASH_ALLOWLIST,7,VERIFIED_REQUIRED_INFOGRAPHIC,UNOBSERVABLE,PASS_LIMITED_RULESET,NEEDS_EVIDENCE,,,FAIL_REPAIR_REQUIRED,MATCH,MISMATCH,MATCH,MATCH,MATCH,MISMATCH,true,true,OBSERVE_MAIN_THEN_KEEP_OR_REGENERATE|DOWNLOAD_AND_VISUALLY_VERIFY_LIVE_PRODUCT_SECONDARIES|BIND_TEXT_AND_STRUCTURED_CLAIMS_TO_PHYSICAL_PACKAGE_EVIDENCE|REPAIR_CANONICAL_OFFER
JL-ASUC-JUZE,B0H831MXGD,UNOBSERVABLE,,NO_LOCAL_BYTES_FOR_OBSERVED_AMAZON_MAIN_URL,false,PASS_METADATA_AND_HASH_ALLOWLIST,7,VERIFIED_REQUIRED_INFOGRAPHIC,UNOBSERVABLE,PASS_LIMITED_RULESET,NEEDS_EVIDENCE,,,FAIL_REPAIR_REQUIRED,MISMATCH,MISMATCH,MATCH,MATCH,MISMATCH,MISMATCH,true,true,OBSERVE_MAIN_THEN_KEEP_OR_REGENERATE|DOWNLOAD_AND_VISUALLY_VERIFY_LIVE_PRODUCT_SECONDARIES|BIND_TEXT_AND_STRUCTURED_CLAIMS_TO_PHYSICAL_PACKAGE_EVIDENCE|REPAIR_CANONICAL_OFFER
HX-ASO8-XCL2,B0H832SD15,UNOBSERVABLE,,NO_LOCAL_BYTES_FOR_OBSERVED_AMAZON_MAIN_URL,false,PASS_METADATA_AND_HASH_ALLOWLIST,7,VERIFIED_REQUIRED_INFOGRAPHIC,UNOBSERVABLE,FAIL_REPAIR_REQUIRED,FAIL_AND_NEEDS_EVIDENCE,"own-brand recipe contains individual pieces, not retail boxes/cases",true,FAIL_REPAIR_REQUIRED,MATCH,MISMATCH,MATCH,MATCH,MATCH,MISMATCH,true,true,OBSERVE_MAIN_THEN_KEEP_OR_REGENERATE|DOWNLOAD_AND_VISUALLY_VERIFY_LIVE_PRODUCT_SECONDARIES|REPAIR_TEXT_SEMANTICS|BIND_TEXT_AND_STRUCTURED_CLAIMS_TO_PHYSICAL_PACKAGE_EVIDENCE|REPAIR_CANONICAL_OFFER
WC-ASH5-EFN6,B0H833W54L,UNOBSERVABLE,,NO_LOCAL_BYTES_FOR_OBSERVED_AMAZON_MAIN_URL,false,PASS_METADATA_AND_HASH_ALLOWLIST,7,VERIFIED_REQUIRED_INFOGRAPHIC,UNOBSERVABLE,PASS_LIMITED_RULESET,NEEDS_EVIDENCE,,,FAIL_REPAIR_REQUIRED,MATCH,MISMATCH,MATCH,MATCH,MATCH,MISMATCH,false,true,OBSERVE_MAIN_THEN_KEEP_OR_REGENERATE|DOWNLOAD_AND_VISUALLY_VERIFY_LIVE_PRODUCT_SECONDARIES|BIND_TEXT_AND_STRUCTURED_CLAIMS_TO_PHYSICAL_PACKAGE_EVIDENCE|REPAIR_CANONICAL_OFFER|CLEAR_OPERATIONAL_LISTING_ISSUES
UD-AS9J-QNY6,B0H834L7P6,UNOBSERVABLE,,NO_LOCAL_BYTES_FOR_OBSERVED_AMAZON_MAIN_URL,false,PASS_METADATA_AND_HASH_ALLOWLIST,7,VERIFIED_REQUIRED_INFOGRAPHIC,UNOBSERVABLE,PASS_LIMITED_RULESET,NEEDS_EVIDENCE,,,FAIL_REPAIR_REQUIRED,MISMATCH,MISMATCH,MATCH,MATCH,MISMATCH,MISMATCH,true,true,OBSERVE_MAIN_THEN_KEEP_OR_REGENERATE|DOWNLOAD_AND_VISUALLY_VERIFY_LIVE_PRODUCT_SECONDARIES|BIND_TEXT_AND_STRUCTURED_CLAIMS_TO_PHYSICAL_PACKAGE_EVIDENCE|REPAIR_CANONICAL_OFFER
TP-AS91-8PAZ,B0H835T5HN,UNOBSERVABLE,,NO_LOCAL_BYTES_FOR_OBSERVED_AMAZON_MAIN_URL,false,PASS_METADATA_AND_HASH_ALLOWLIST,7,VERIFIED_REQUIRED_INFOGRAPHIC,UNOBSERVABLE,FAIL_REPAIR_REQUIRED,FAIL_AND_NEEDS_EVIDENCE,own-brand content uses retail-count × pack-of multiplication,true,FAIL_REPAIR_REQUIRED,MATCH,MISMATCH,MATCH,MATCH,MISMATCH,MISMATCH,true,true,OBSERVE_MAIN_THEN_KEEP_OR_REGENERATE|DOWNLOAD_AND_VISUALLY_VERIFY_LIVE_PRODUCT_SECONDARIES|REPAIR_TEXT_SEMANTICS|BIND_TEXT_AND_STRUCTURED_CLAIMS_TO_PHYSICAL_PACKAGE_EVIDENCE|REPAIR_CANONICAL_OFFER
RR-ASG1-JVKV,B0H8361PYX,UNOBSERVABLE,,NO_LOCAL_BYTES_FOR_OBSERVED_AMAZON_MAIN_URL,false,PASS_METADATA_AND_HASH_ALLOWLIST,7,VERIFIED_REQUIRED_INFOGRAPHIC,UNOBSERVABLE,PASS_LIMITED_RULESET,NEEDS_EVIDENCE,,,FAIL_REPAIR_REQUIRED,MATCH,MISMATCH,MATCH,MATCH,MISMATCH,MISMATCH,true,true,OBSERVE_MAIN_THEN_KEEP_OR_REGENERATE|DOWNLOAD_AND_VISUALLY_VERIFY_LIVE_PRODUCT_SECONDARIES|BIND_TEXT_AND_STRUCTURED_CLAIMS_TO_PHYSICAL_PACKAGE_EVIDENCE|REPAIR_CANONICAL_OFFER
JH-ASV9-Z46X,B0H8369PMK,UNOBSERVABLE,,NO_LOCAL_BYTES_FOR_OBSERVED_AMAZON_MAIN_URL,false,PASS_METADATA_AND_HASH_ALLOWLIST,7,VERIFIED_REQUIRED_INFOGRAPHIC,UNOBSERVABLE,PASS_LIMITED_RULESET,NEEDS_EVIDENCE,,,FAIL_REPAIR_REQUIRED,MISMATCH,MISMATCH,MATCH,MATCH,MATCH,MISMATCH,true,true,OBSERVE_MAIN_THEN_KEEP_OR_REGENERATE|DOWNLOAD_AND_VISUALLY_VERIFY_LIVE_PRODUCT_SECONDARIES|BIND_TEXT_AND_STRUCTURED_CLAIMS_TO_PHYSICAL_PACKAGE_EVIDENCE|REPAIR_CANONICAL_OFFER|CLEAR_OPERATIONAL_LISTING_ISSUES
BY-ASY2-8UJJ,B0H83789KC,UNOBSERVABLE,,NO_LOCAL_BYTES_FOR_OBSERVED_AMAZON_MAIN_URL,false,PASS_METADATA_AND_HASH_ALLOWLIST,7,VERIFIED_REQUIRED_INFOGRAPHIC,UNOBSERVABLE,PASS_LIMITED_RULESET,NEEDS_EVIDENCE,,,FAIL_REPAIR_REQUIRED,MATCH,MISMATCH,MATCH,MATCH,MATCH,MISMATCH,true,true,OBSERVE_MAIN_THEN_KEEP_OR_REGENERATE|DOWNLOAD_AND_VISUALLY_VERIFY_LIVE_PRODUCT_SECONDARIES|BIND_TEXT_AND_STRUCTURED_CLAIMS_TO_PHYSICAL_PACKAGE_EVIDENCE|REPAIR_CANONICAL_OFFER
MP-ASZ9-TKE7,B0H837HLKC,UNOBSERVABLE,,NO_LOCAL_BYTES_FOR_OBSERVED_AMAZON_MAIN_URL,false,PASS_METADATA_AND_HASH_ALLOWLIST,5,VERIFIED_REQUIRED_INFOGRAPHIC,UNOBSERVABLE,FAIL_REPAIR_REQUIRED,FAIL_AND_NEEDS_EVIDENCE,own-brand content uses retail-count × pack-of multiplication,true,FAIL_REPAIR_REQUIRED,MISMATCH,MISMATCH,MATCH,MATCH,MISMATCH,MISMATCH,true,true,OBSERVE_MAIN_THEN_KEEP_OR_REGENERATE|DOWNLOAD_AND_VISUALLY_VERIFY_LIVE_PRODUCT_SECONDARIES|REPAIR_TEXT_SEMANTICS|BIND_TEXT_AND_STRUCTURED_CLAIMS_TO_PHYSICAL_PACKAGE_EVIDENCE|REPAIR_CANONICAL_OFFER|CLEAR_OPERATIONAL_LISTING_ISSUES
TQ-ASC4-P2NP,B0H839G6RQ,UNOBSERVABLE,,NO_LOCAL_BYTES_FOR_OBSERVED_AMAZON_MAIN_URL,false,PASS_METADATA_AND_HASH_ALLOWLIST,7,VERIFIED_REQUIRED_INFOGRAPHIC,UNOBSERVABLE,PASS_LIMITED_RULESET,NEEDS_EVIDENCE,,,FAIL_REPAIR_REQUIRED,MATCH,MISMATCH,MATCH,MATCH,MATCH,MISMATCH,true,true,OBSERVE_MAIN_THEN_KEEP_OR_REGENERATE|DOWNLOAD_AND_VISUALLY_VERIFY_LIVE_PRODUCT_SECONDARIES|BIND_TEXT_AND_STRUCTURED_CLAIMS_TO_PHYSICAL_PACKAGE_EVIDENCE|REPAIR_CANONICAL_OFFER
PW-ASDZ-CSR8,B0H839TPC5,UNOBSERVABLE,,NO_LOCAL_BYTES_FOR_OBSERVED_AMAZON_MAIN_URL,false,PASS_METADATA_AND_HASH_ALLOWLIST,7,VERIFIED_REQUIRED_INFOGRAPHIC,UNOBSERVABLE,PASS_LIMITED_RULESET,NEEDS_EVIDENCE,,,FAIL_REPAIR_REQUIRED,MATCH,MISMATCH,MATCH,MATCH,MATCH,MISMATCH,false,true,OBSERVE_MAIN_THEN_KEEP_OR_REGENERATE|DOWNLOAD_AND_VISUALLY_VERIFY_LIVE_PRODUCT_SECONDARIES|BIND_TEXT_AND_STRUCTURED_CLAIMS_TO_PHYSICAL_PACKAGE_EVIDENCE|REPAIR_CANONICAL_OFFER|CLEAR_OPERATIONAL_LISTING_ISSUES
QX-ASS6-4T4F,B0H83B6TYP,UNOBSERVABLE,,NO_LOCAL_BYTES_FOR_OBSERVED_AMAZON_MAIN_URL,false,PASS_METADATA_AND_HASH_ALLOWLIST,7,VERIFIED_REQUIRED_INFOGRAPHIC,UNOBSERVABLE,PASS_LIMITED_RULESET,NEEDS_EVIDENCE,,,FAIL_REPAIR_REQUIRED,MISMATCH,MISMATCH,MATCH,MATCH,MISMATCH,MISMATCH,true,true,OBSERVE_MAIN_THEN_KEEP_OR_REGENERATE|DOWNLOAD_AND_VISUALLY_VERIFY_LIVE_PRODUCT_SECONDARIES|BIND_TEXT_AND_STRUCTURED_CLAIMS_TO_PHYSICAL_PACKAGE_EVIDENCE|REPAIR_CANONICAL_OFFER
ES-AS8A-3W3M,B0H83D8TFQ,UNOBSERVABLE,,NO_LOCAL_BYTES_FOR_OBSERVED_AMAZON_MAIN_URL,false,PASS_METADATA_AND_HASH_ALLOWLIST,7,VERIFIED_REQUIRED_INFOGRAPHIC,UNOBSERVABLE,PASS_LIMITED_RULESET,NEEDS_EVIDENCE,,,FAIL_REPAIR_REQUIRED,MATCH,MISMATCH,MATCH,MATCH,MATCH,MISMATCH,true,true,OBSERVE_MAIN_THEN_KEEP_OR_REGENERATE|DOWNLOAD_AND_VISUALLY_VERIFY_LIVE_PRODUCT_SECONDARIES|BIND_TEXT_AND_STRUCTURED_CLAIMS_TO_PHYSICAL_PACKAGE_EVIDENCE|REPAIR_CANONICAL_OFFER
DF-ASQT-BLUQ,B0H83FKSN6,UNOBSERVABLE,,NO_LOCAL_BYTES_FOR_OBSERVED_AMAZON_MAIN_URL,false,PASS_METADATA_AND_HASH_ALLOWLIST,7,VERIFIED_REQUIRED_INFOGRAPHIC,UNOBSERVABLE,PASS_LIMITED_RULESET,NEEDS_EVIDENCE,,,FAIL_REPAIR_REQUIRED,MISMATCH,MISMATCH,MATCH,MATCH,MISMATCH,MISMATCH,true,true,OBSERVE_MAIN_THEN_KEEP_OR_REGENERATE|DOWNLOAD_AND_VISUALLY_VERIFY_LIVE_PRODUCT_SECONDARIES|BIND_TEXT_AND_STRUCTURED_CLAIMS_TO_PHYSICAL_PACKAGE_EVIDENCE|REPAIR_CANONICAL_OFFER
UG-ASUO-L4D9,B0H83FP8WW,UNOBSERVABLE,,NO_LOCAL_BYTES_FOR_OBSERVED_AMAZON_MAIN_URL,false,PASS_METADATA_AND_HASH_ALLOWLIST,7,VERIFIED_REQUIRED_INFOGRAPHIC,UNOBSERVABLE,PASS_LIMITED_RULESET,NEEDS_EVIDENCE,,,FAIL_REPAIR_REQUIRED,MATCH,MISMATCH,MATCH,MATCH,MATCH,MISMATCH,true,true,OBSERVE_MAIN_THEN_KEEP_OR_REGENERATE|DOWNLOAD_AND_VISUALLY_VERIFY_LIVE_PRODUCT_SECONDARIES|BIND_TEXT_AND_STRUCTURED_CLAIMS_TO_PHYSICAL_PACKAGE_EVIDENCE|REPAIR_CANONICAL_OFFER
KP-ASYC-RN84,B0H83FYZR3,UNOBSERVABLE,,NO_LOCAL_BYTES_FOR_OBSERVED_AMAZON_MAIN_URL,false,PASS_METADATA_AND_HASH_ALLOWLIST,7,VERIFIED_REQUIRED_INFOGRAPHIC,UNOBSERVABLE,PASS_LIMITED_RULESET,NEEDS_EVIDENCE,,,FAIL_REPAIR_REQUIRED,MISMATCH,MISMATCH,MATCH,MATCH,MISMATCH,MISMATCH,true,true,OBSERVE_MAIN_THEN_KEEP_OR_REGENERATE|DOWNLOAD_AND_VISUALLY_VERIFY_LIVE_PRODUCT_SECONDARIES|BIND_TEXT_AND_STRUCTURED_CLAIMS_TO_PHYSICAL_PACKAGE_EVIDENCE|REPAIR_CANONICAL_OFFER|CLEAR_OPERATIONAL_LISTING_ISSUES
EZ-ASLA-Y7MZ,B0H83GBJLW,UNOBSERVABLE,,NO_LOCAL_BYTES_FOR_OBSERVED_AMAZON_MAIN_URL,false,PASS_METADATA_AND_HASH_ALLOWLIST,7,VERIFIED_REQUIRED_INFOGRAPHIC,UNOBSERVABLE,PASS_LIMITED_RULESET,NEEDS_EVIDENCE,,,FAIL_REPAIR_REQUIRED,MATCH,MISMATCH,MATCH,MATCH,MATCH,MISMATCH,true,true,OBSERVE_MAIN_THEN_KEEP_OR_REGENERATE|DOWNLOAD_AND_VISUALLY_VERIFY_LIVE_PRODUCT_SECONDARIES|BIND_TEXT_AND_STRUCTURED_CLAIMS_TO_PHYSICAL_PACKAGE_EVIDENCE|REPAIR_CANONICAL_OFFER
PU-AS3D-SA5Z,B0H83H71F8,UNOBSERVABLE,,NO_LOCAL_BYTES_FOR_OBSERVED_AMAZON_MAIN_URL,false,PASS_METADATA_AND_HASH_ALLOWLIST,7,VERIFIED_REQUIRED_INFOGRAPHIC,UNOBSERVABLE,PASS_LIMITED_RULESET,NEEDS_EVIDENCE,,,FAIL_REPAIR_REQUIRED,MATCH,MISMATCH,MATCH,MATCH,MATCH,MISMATCH,true,true,OBSERVE_MAIN_THEN_KEEP_OR_REGENERATE|DOWNLOAD_AND_VISUALLY_VERIFY_LIVE_PRODUCT_SECONDARIES|BIND_TEXT_AND_STRUCTURED_CLAIMS_TO_PHYSICAL_PACKAGE_EVIDENCE|REPAIR_CANONICAL_OFFER
RQ-ASM7-T9NN,B0H83HNB3B,UNOBSERVABLE,,NO_LOCAL_BYTES_FOR_OBSERVED_AMAZON_MAIN_URL,false,PASS_METADATA_AND_HASH_ALLOWLIST,7,VERIFIED_REQUIRED_INFOGRAPHIC,UNOBSERVABLE,PASS_LIMITED_RULESET,NEEDS_EVIDENCE,,,FAIL_REPAIR_REQUIRED,MISMATCH,MISMATCH,MATCH,MATCH,MISMATCH,MISMATCH,true,true,OBSERVE_MAIN_THEN_KEEP_OR_REGENERATE|DOWNLOAD_AND_VISUALLY_VERIFY_LIVE_PRODUCT_SECONDARIES|BIND_TEXT_AND_STRUCTURED_CLAIMS_TO_PHYSICAL_PACKAGE_EVIDENCE|REPAIR_CANONICAL_OFFER
EX-ASC0-5CRL,B0H83JJW1F,UNOBSERVABLE,,NO_LOCAL_BYTES_FOR_OBSERVED_AMAZON_MAIN_URL,false,PASS_METADATA_AND_HASH_ALLOWLIST,5,VERIFIED_REQUIRED_INFOGRAPHIC,UNOBSERVABLE,PASS_LIMITED_RULESET,NEEDS_EVIDENCE,,,FAIL_REPAIR_REQUIRED,MISMATCH,MISMATCH,MATCH,MATCH,MISMATCH,MISMATCH,true,true,OBSERVE_MAIN_THEN_KEEP_OR_REGENERATE|DOWNLOAD_AND_VISUALLY_VERIFY_LIVE_PRODUCT_SECONDARIES|BIND_TEXT_AND_STRUCTURED_CLAIMS_TO_PHYSICAL_PACKAGE_EVIDENCE|REPAIR_CANONICAL_OFFER|CLEAR_OPERATIONAL_LISTING_ISSUES
BM-AS5J-3MQY,B0H83LSCQQ,UNOBSERVABLE,,NO_LOCAL_BYTES_FOR_OBSERVED_AMAZON_MAIN_URL,false,PASS_METADATA_AND_HASH_ALLOWLIST,5,VERIFIED_REQUIRED_INFOGRAPHIC,UNOBSERVABLE,PASS_LIMITED_RULESET,NEEDS_EVIDENCE,,,FAIL_REPAIR_REQUIRED,MATCH,MISMATCH,MATCH,MATCH,MATCH,MISMATCH,true,true,OBSERVE_MAIN_THEN_KEEP_OR_REGENERATE|DOWNLOAD_AND_VISUALLY_VERIFY_LIVE_PRODUCT_SECONDARIES|BIND_TEXT_AND_STRUCTURED_CLAIMS_TO_PHYSICAL_PACKAGE_EVIDENCE|REPAIR_CANONICAL_OFFER
QW-ASRZ-SYKC,B0H83MDDBL,UNOBSERVABLE,,NO_LOCAL_BYTES_FOR_OBSERVED_AMAZON_MAIN_URL,false,PASS_METADATA_AND_HASH_ALLOWLIST,7,VERIFIED_REQUIRED_INFOGRAPHIC,UNOBSERVABLE,PASS_LIMITED_RULESET,NEEDS_EVIDENCE,,,FAIL_REPAIR_REQUIRED,MATCH,MISMATCH,MISMATCH,MISMATCH,MATCH,MISMATCH,true,true,OBSERVE_MAIN_THEN_KEEP_OR_REGENERATE|DOWNLOAD_AND_VISUALLY_VERIFY_LIVE_PRODUCT_SECONDARIES|BIND_TEXT_AND_STRUCTURED_CLAIMS_TO_PHYSICAL_PACKAGE_EVIDENCE|REPAIR_CANONICAL_OFFER
AY-AS5F-JEY9,B0H83MWTM7,UNOBSERVABLE,,NO_LOCAL_BYTES_FOR_OBSERVED_AMAZON_MAIN_URL,false,PASS_METADATA_AND_HASH_ALLOWLIST,7,VERIFIED_REQUIRED_INFOGRAPHIC,UNOBSERVABLE,FAIL_REPAIR_REQUIRED,FAIL_AND_NEEDS_EVIDENCE,own-brand content uses retail-count × pack-of multiplication,true,FAIL_REPAIR_REQUIRED,MISMATCH,MISMATCH,MATCH,MATCH,MISMATCH,MISMATCH,true,true,OBSERVE_MAIN_THEN_KEEP_OR_REGENERATE|DOWNLOAD_AND_VISUALLY_VERIFY_LIVE_PRODUCT_SECONDARIES|REPAIR_TEXT_SEMANTICS|BIND_TEXT_AND_STRUCTURED_CLAIMS_TO_PHYSICAL_PACKAGE_EVIDENCE|REPAIR_CANONICAL_OFFER
BX-AS5P-6WQV,B0H83NM5PX,UNOBSERVABLE,,NO_LOCAL_BYTES_FOR_OBSERVED_AMAZON_MAIN_URL,false,PASS_METADATA_AND_HASH_ALLOWLIST,7,VERIFIED_REQUIRED_INFOGRAPHIC,UNOBSERVABLE,PASS_LIMITED_RULESET,NEEDS_EVIDENCE,,,FAIL_REPAIR_REQUIRED,MISMATCH,MISMATCH,MATCH,MATCH,MATCH,MISMATCH,false,true,OBSERVE_MAIN_THEN_KEEP_OR_REGENERATE|DOWNLOAD_AND_VISUALLY_VERIFY_LIVE_PRODUCT_SECONDARIES|BIND_TEXT_AND_STRUCTURED_CLAIMS_TO_PHYSICAL_PACKAGE_EVIDENCE|REPAIR_CANONICAL_OFFER|CLEAR_OPERATIONAL_LISTING_ISSUES
NC-ASPL-EXE8,B0H83QRV43,UNOBSERVABLE,,NO_LOCAL_BYTES_FOR_OBSERVED_AMAZON_MAIN_URL,false,PASS_METADATA_AND_HASH_ALLOWLIST,7,VERIFIED_REQUIRED_INFOGRAPHIC,UNOBSERVABLE,FAIL_REPAIR_REQUIRED,FAIL_AND_NEEDS_EVIDENCE,"content does not state 12 pieces for ""Smucker's Uncrustables Frozen Peanut Butter & Strawberry Jam Sandwich – 12g Protein""",true,FAIL_REPAIR_REQUIRED,MISMATCH,MISMATCH,MISMATCH,MISMATCH,MISMATCH,MISMATCH,true,true,OBSERVE_MAIN_THEN_KEEP_OR_REGENERATE|DOWNLOAD_AND_VISUALLY_VERIFY_LIVE_PRODUCT_SECONDARIES|REPAIR_TEXT_SEMANTICS|BIND_TEXT_AND_STRUCTURED_CLAIMS_TO_PHYSICAL_PACKAGE_EVIDENCE|REPAIR_CANONICAL_OFFER|CLEAR_OPERATIONAL_LISTING_ISSUES
HD-ASEQ-MFAY,B0H83QW85C,UNOBSERVABLE,,NO_LOCAL_BYTES_FOR_OBSERVED_AMAZON_MAIN_URL,false,PASS_METADATA_AND_HASH_ALLOWLIST,7,VERIFIED_REQUIRED_INFOGRAPHIC,UNOBSERVABLE,PASS_LIMITED_RULESET,NEEDS_EVIDENCE,,,FAIL_REPAIR_REQUIRED,MISMATCH,MISMATCH,MATCH,MATCH,MISMATCH,MISMATCH,true,true,OBSERVE_MAIN_THEN_KEEP_OR_REGENERATE|DOWNLOAD_AND_VISUALLY_VERIFY_LIVE_PRODUCT_SECONDARIES|BIND_TEXT_AND_STRUCTURED_CLAIMS_TO_PHYSICAL_PACKAGE_EVIDENCE|REPAIR_CANONICAL_OFFER|CLEAR_OPERATIONAL_LISTING_ISSUES
UY-AS5N-A2E4,B0H83R4M3R,UNOBSERVABLE,,NO_LOCAL_BYTES_FOR_OBSERVED_AMAZON_MAIN_URL,false,PASS_METADATA_AND_HASH_ALLOWLIST,7,VERIFIED_REQUIRED_INFOGRAPHIC,UNOBSERVABLE,FAIL_REPAIR_REQUIRED,FAIL_AND_NEEDS_EVIDENCE,"own-brand recipe contains individual pieces, not retail boxes/cases",true,FAIL_REPAIR_REQUIRED,MISMATCH,MISMATCH,MATCH,MATCH,MISMATCH,MISMATCH,true,true,OBSERVE_MAIN_THEN_KEEP_OR_REGENERATE|DOWNLOAD_AND_VISUALLY_VERIFY_LIVE_PRODUCT_SECONDARIES|REPAIR_TEXT_SEMANTICS|BIND_TEXT_AND_STRUCTURED_CLAIMS_TO_PHYSICAL_PACKAGE_EVIDENCE|REPAIR_CANONICAL_OFFER|CLEAR_OPERATIONAL_LISTING_ISSUES
WN-AS33-UFEA,B0H83RCTVV,UNOBSERVABLE,,NO_LOCAL_BYTES_FOR_OBSERVED_AMAZON_MAIN_URL,false,PASS_METADATA_AND_HASH_ALLOWLIST,7,VERIFIED_REQUIRED_INFOGRAPHIC,UNOBSERVABLE,PASS_LIMITED_RULESET,NEEDS_EVIDENCE,,,FAIL_REPAIR_REQUIRED,MATCH,MISMATCH,MATCH,MATCH,MATCH,MISMATCH,true,true,OBSERVE_MAIN_THEN_KEEP_OR_REGENERATE|DOWNLOAD_AND_VISUALLY_VERIFY_LIVE_PRODUCT_SECONDARIES|BIND_TEXT_AND_STRUCTURED_CLAIMS_TO_PHYSICAL_PACKAGE_EVIDENCE|REPAIR_CANONICAL_OFFER
PL-ASR9-U94A,B0H83RR2XQ,UNOBSERVABLE,,NO_LOCAL_BYTES_FOR_OBSERVED_AMAZON_MAIN_URL,false,PASS_METADATA_AND_HASH_ALLOWLIST,5,VERIFIED_REQUIRED_INFOGRAPHIC,UNOBSERVABLE,PASS_LIMITED_RULESET,NEEDS_EVIDENCE,,,FAIL_REPAIR_REQUIRED,MATCH,MISMATCH,MATCH,MATCH,MATCH,MISMATCH,false,true,OBSERVE_MAIN_THEN_KEEP_OR_REGENERATE|DOWNLOAD_AND_VISUALLY_VERIFY_LIVE_PRODUCT_SECONDARIES|BIND_TEXT_AND_STRUCTURED_CLAIMS_TO_PHYSICAL_PACKAGE_EVIDENCE|REPAIR_CANONICAL_OFFER|CLEAR_OPERATIONAL_LISTING_ISSUES
ME-AS1I-SEX2,B0H83RVHNF,UNOBSERVABLE,,NO_LOCAL_BYTES_FOR_OBSERVED_AMAZON_MAIN_URL,false,PASS_METADATA_AND_HASH_ALLOWLIST,7,VERIFIED_REQUIRED_INFOGRAPHIC,UNOBSERVABLE,PASS_LIMITED_RULESET,NEEDS_EVIDENCE,,,FAIL_REPAIR_REQUIRED,MATCH,MISMATCH,MATCH,MATCH,MATCH,MISMATCH,true,true,OBSERVE_MAIN_THEN_KEEP_OR_REGENERATE|DOWNLOAD_AND_VISUALLY_VERIFY_LIVE_PRODUCT_SECONDARIES|BIND_TEXT_AND_STRUCTURED_CLAIMS_TO_PHYSICAL_PACKAGE_EVIDENCE|REPAIR_CANONICAL_OFFER
YM-AS7P-ZX44,B0H83S1LDG,UNOBSERVABLE,,NO_LOCAL_BYTES_FOR_OBSERVED_AMAZON_MAIN_URL,false,PASS_METADATA_AND_HASH_ALLOWLIST,7,VERIFIED_REQUIRED_INFOGRAPHIC,UNOBSERVABLE,PASS_LIMITED_RULESET,NEEDS_EVIDENCE,,,FAIL_REPAIR_REQUIRED,MISMATCH,MISMATCH,MATCH,MATCH,MISMATCH,MISMATCH,true,true,OBSERVE_MAIN_THEN_KEEP_OR_REGENERATE|DOWNLOAD_AND_VISUALLY_VERIFY_LIVE_PRODUCT_SECONDARIES|BIND_TEXT_AND_STRUCTURED_CLAIMS_TO_PHYSICAL_PACKAGE_EVIDENCE|REPAIR_CANONICAL_OFFER|CLEAR_OPERATIONAL_LISTING_ISSUES
BH-ASVY-CR8H,B0H83S368B,UNOBSERVABLE,,NO_LOCAL_BYTES_FOR_OBSERVED_AMAZON_MAIN_URL,false,PASS_METADATA_AND_HASH_ALLOWLIST,7,VERIFIED_REQUIRED_INFOGRAPHIC,UNOBSERVABLE,PASS_LIMITED_RULESET,NEEDS_EVIDENCE,,,FAIL_REPAIR_REQUIRED,MATCH,MISMATCH,MATCH,MATCH,MATCH,MISMATCH,true,true,OBSERVE_MAIN_THEN_KEEP_OR_REGENERATE|DOWNLOAD_AND_VISUALLY_VERIFY_LIVE_PRODUCT_SECONDARIES|BIND_TEXT_AND_STRUCTURED_CLAIMS_TO_PHYSICAL_PACKAGE_EVIDENCE|REPAIR_CANONICAL_OFFER
RU-ASC3-4TUS,B0H83SJFR7,UNOBSERVABLE,,NO_LOCAL_BYTES_FOR_OBSERVED_AMAZON_MAIN_URL,false,PASS_METADATA_AND_HASH_ALLOWLIST,7,VERIFIED_REQUIRED_INFOGRAPHIC,UNOBSERVABLE,FAIL_REPAIR_REQUIRED,FAIL_AND_NEEDS_EVIDENCE,"content does not state 12 pieces for ""Smucker's Uncrustables Frozen Peanut Butter & Strawberry Jam Sandwich – 12g Protein""",true,FAIL_REPAIR_REQUIRED,MATCH,MISMATCH,MATCH,MATCH,MATCH,MISMATCH,false,true,OBSERVE_MAIN_THEN_KEEP_OR_REGENERATE|DOWNLOAD_AND_VISUALLY_VERIFY_LIVE_PRODUCT_SECONDARIES|REPAIR_TEXT_SEMANTICS|BIND_TEXT_AND_STRUCTURED_CLAIMS_TO_PHYSICAL_PACKAGE_EVIDENCE|REPAIR_CANONICAL_OFFER|CLEAR_OPERATIONAL_LISTING_ISSUES
ZY-ASZ4-QM5U,B0H83T9QZV,UNOBSERVABLE,,NO_LOCAL_BYTES_FOR_OBSERVED_AMAZON_MAIN_URL,false,PASS_METADATA_AND_HASH_ALLOWLIST,7,VERIFIED_REQUIRED_INFOGRAPHIC,UNOBSERVABLE,PASS_LIMITED_RULESET,NEEDS_EVIDENCE,,,FAIL_REPAIR_REQUIRED,MISMATCH,MISMATCH,MATCH,MATCH,MISMATCH,MISMATCH,true,true,OBSERVE_MAIN_THEN_KEEP_OR_REGENERATE|DOWNLOAD_AND_VISUALLY_VERIFY_LIVE_PRODUCT_SECONDARIES|BIND_TEXT_AND_STRUCTURED_CLAIMS_TO_PHYSICAL_PACKAGE_EVIDENCE|REPAIR_CANONICAL_OFFER|CLEAR_OPERATIONAL_LISTING_ISSUES
QC-ASX2-RHPA,B0H83TQPJB,UNOBSERVABLE,,NO_LOCAL_BYTES_FOR_OBSERVED_AMAZON_MAIN_URL,false,PASS_METADATA_AND_HASH_ALLOWLIST,7,VERIFIED_REQUIRED_INFOGRAPHIC,UNOBSERVABLE,PASS_LIMITED_RULESET,NEEDS_EVIDENCE,,,FAIL_REPAIR_REQUIRED,MATCH,MISMATCH,MATCH,MATCH,MATCH,MISMATCH,true,true,OBSERVE_MAIN_THEN_KEEP_OR_REGENERATE|DOWNLOAD_AND_VISUALLY_VERIFY_LIVE_PRODUCT_SECONDARIES|BIND_TEXT_AND_STRUCTURED_CLAIMS_TO_PHYSICAL_PACKAGE_EVIDENCE|REPAIR_CANONICAL_OFFER
ZC-ASDC-3QMV,B0H83TSB5J,UNOBSERVABLE,,NO_LOCAL_BYTES_FOR_OBSERVED_AMAZON_MAIN_URL,false,PASS_METADATA_AND_HASH_ALLOWLIST,7,VERIFIED_REQUIRED_INFOGRAPHIC,UNOBSERVABLE,FAIL_REPAIR_REQUIRED,FAIL_AND_NEEDS_EVIDENCE,"own-brand recipe contains individual pieces, not retail boxes/cases",true,FAIL_REPAIR_REQUIRED,MISMATCH,MISMATCH,MATCH,MATCH,MISMATCH,MISMATCH,true,true,OBSERVE_MAIN_THEN_KEEP_OR_REGENERATE|DOWNLOAD_AND_VISUALLY_VERIFY_LIVE_PRODUCT_SECONDARIES|REPAIR_TEXT_SEMANTICS|BIND_TEXT_AND_STRUCTURED_CLAIMS_TO_PHYSICAL_PACKAGE_EVIDENCE|REPAIR_CANONICAL_OFFER
DA-ASF0-D7RG,B0H83VBTLT,UNOBSERVABLE,,NO_LOCAL_BYTES_FOR_OBSERVED_AMAZON_MAIN_URL,false,PASS_METADATA_AND_HASH_ALLOWLIST,7,VERIFIED_REQUIRED_INFOGRAPHIC,UNOBSERVABLE,PASS_LIMITED_RULESET,NEEDS_EVIDENCE,,,FAIL_REPAIR_REQUIRED,MISMATCH,MISMATCH,MATCH,MATCH,MISMATCH,MISMATCH,true,true,OBSERVE_MAIN_THEN_KEEP_OR_REGENERATE|DOWNLOAD_AND_VISUALLY_VERIFY_LIVE_PRODUCT_SECONDARIES|BIND_TEXT_AND_STRUCTURED_CLAIMS_TO_PHYSICAL_PACKAGE_EVIDENCE|REPAIR_CANONICAL_OFFER
EF-AS4A-JCLU,B0H83XB855,UNOBSERVABLE,,NO_LOCAL_BYTES_FOR_OBSERVED_AMAZON_MAIN_URL,false,PASS_METADATA_AND_HASH_ALLOWLIST,7,VERIFIED_REQUIRED_INFOGRAPHIC,UNOBSERVABLE,FAIL_REPAIR_REQUIRED,FAIL_AND_NEEDS_EVIDENCE,"content does not state 12 pieces for ""Smucker's Uncrustables Frozen Peanut Butter & Strawberry Jam Sandwich – 12g Protein""",true,FAIL_REPAIR_REQUIRED,MISMATCH,MISMATCH,MISMATCH,MISMATCH,MISMATCH,MISMATCH,true,true,OBSERVE_MAIN_THEN_KEEP_OR_REGENERATE|DOWNLOAD_AND_VISUALLY_VERIFY_LIVE_PRODUCT_SECONDARIES|REPAIR_TEXT_SEMANTICS|BIND_TEXT_AND_STRUCTURED_CLAIMS_TO_PHYSICAL_PACKAGE_EVIDENCE|REPAIR_CANONICAL_OFFER|CLEAR_OPERATIONAL_LISTING_ISSUES
KN-ASYZ-ST4M,B0H83XBXHX,UNOBSERVABLE,,NO_LOCAL_BYTES_FOR_OBSERVED_AMAZON_MAIN_URL,false,PASS_METADATA_AND_HASH_ALLOWLIST,7,VERIFIED_REQUIRED_INFOGRAPHIC,UNOBSERVABLE,FAIL_REPAIR_REQUIRED,FAIL_AND_NEEDS_EVIDENCE,"content does not state 12 pieces for ""Smucker's Uncrustables Frozen Peanut Butter & Strawberry Jam Sandwich – 12g Protein""",true,FAIL_REPAIR_REQUIRED,MATCH,MISMATCH,MATCH,MATCH,MATCH,MISMATCH,false,true,OBSERVE_MAIN_THEN_KEEP_OR_REGENERATE|DOWNLOAD_AND_VISUALLY_VERIFY_LIVE_PRODUCT_SECONDARIES|REPAIR_TEXT_SEMANTICS|BIND_TEXT_AND_STRUCTURED_CLAIMS_TO_PHYSICAL_PACKAGE_EVIDENCE|REPAIR_CANONICAL_OFFER|CLEAR_OPERATIONAL_LISTING_ISSUES
GX-ASTJ-WHV3,B0H83XV9WX,UNOBSERVABLE,,NO_LOCAL_BYTES_FOR_OBSERVED_AMAZON_MAIN_URL,false,PASS_METADATA_AND_HASH_ALLOWLIST,7,VERIFIED_REQUIRED_INFOGRAPHIC,UNOBSERVABLE,FAIL_REPAIR_REQUIRED,FAIL_AND_NEEDS_EVIDENCE,"content does not state 12 pieces for ""Smucker's Uncrustables Frozen Peanut Butter & Strawberry Jam Sandwich – 12g Protein""",true,FAIL_REPAIR_REQUIRED,MATCH,MISMATCH,MISMATCH,MISMATCH,MISMATCH,MISMATCH,true,true,OBSERVE_MAIN_THEN_KEEP_OR_REGENERATE|DOWNLOAD_AND_VISUALLY_VERIFY_LIVE_PRODUCT_SECONDARIES|REPAIR_TEXT_SEMANTICS|BIND_TEXT_AND_STRUCTURED_CLAIMS_TO_PHYSICAL_PACKAGE_EVIDENCE|REPAIR_CANONICAL_OFFER|CLEAR_OPERATIONAL_LISTING_ISSUES
DP-ASQ6-ZPZU,B0H83Y8JH7,UNOBSERVABLE,,NO_LOCAL_BYTES_FOR_OBSERVED_AMAZON_MAIN_URL,false,PASS_METADATA_AND_HASH_ALLOWLIST,7,VERIFIED_REQUIRED_INFOGRAPHIC,UNOBSERVABLE,FAIL_REPAIR_REQUIRED,FAIL_AND_NEEDS_EVIDENCE,"content does not state 12 pieces for ""Smucker's Uncrustables Frozen Peanut Butter & Strawberry Jam Sandwich – 12g Protein""",true,FAIL_REPAIR_REQUIRED,MATCH,MISMATCH,MISMATCH,MISMATCH,MATCH,MISMATCH,true,true,OBSERVE_MAIN_THEN_KEEP_OR_REGENERATE|DOWNLOAD_AND_VISUALLY_VERIFY_LIVE_PRODUCT_SECONDARIES|REPAIR_TEXT_SEMANTICS|BIND_TEXT_AND_STRUCTURED_CLAIMS_TO_PHYSICAL_PACKAGE_EVIDENCE|REPAIR_CANONICAL_OFFER
JT-ASKD-KS8T,B0H83Z6S3Q,UNOBSERVABLE,,NO_LOCAL_BYTES_FOR_OBSERVED_AMAZON_MAIN_URL,false,PASS_METADATA_AND_HASH_ALLOWLIST,7,VERIFIED_REQUIRED_INFOGRAPHIC,UNOBSERVABLE,PASS_LIMITED_RULESET,NEEDS_EVIDENCE,,,FAIL_REPAIR_REQUIRED,MATCH,MISMATCH,MATCH,MATCH,MATCH,MISMATCH,true,true,OBSERVE_MAIN_THEN_KEEP_OR_REGENERATE|DOWNLOAD_AND_VISUALLY_VERIFY_LIVE_PRODUCT_SECONDARIES|BIND_TEXT_AND_STRUCTURED_CLAIMS_TO_PHYSICAL_PACKAGE_EVIDENCE|REPAIR_CANONICAL_OFFER
SV-AS87-D6SV,B0H83ZGN22,UNOBSERVABLE,,NO_LOCAL_BYTES_FOR_OBSERVED_AMAZON_MAIN_URL,false,PASS_METADATA_AND_HASH_ALLOWLIST,7,VERIFIED_REQUIRED_INFOGRAPHIC,UNOBSERVABLE,FAIL_REPAIR_REQUIRED,FAIL_AND_NEEDS_EVIDENCE,"content does not state 12 pieces for ""Smucker's Uncrustables Frozen Peanut Butter & Strawberry Jam Sandwich – 12g Protein""",true,FAIL_REPAIR_REQUIRED,MISMATCH,MISMATCH,MATCH,MATCH,MISMATCH,MISMATCH,true,true,OBSERVE_MAIN_THEN_KEEP_OR_REGENERATE|DOWNLOAD_AND_VISUALLY_VERIFY_LIVE_PRODUCT_SECONDARIES|REPAIR_TEXT_SEMANTICS|BIND_TEXT_AND_STRUCTURED_CLAIMS_TO_PHYSICAL_PACKAGE_EVIDENCE|REPAIR_CANONICAL_OFFER
SH-ASO0-PW37,B0H83ZH3TB,UNOBSERVABLE,,NO_LOCAL_BYTES_FOR_OBSERVED_AMAZON_MAIN_URL,false,PASS_METADATA_AND_HASH_ALLOWLIST,7,VERIFIED_REQUIRED_INFOGRAPHIC,UNOBSERVABLE,FAIL_REPAIR_REQUIRED,FAIL_AND_NEEDS_EVIDENCE,"content omits recipe flavor ""Smucker's Uncrustables Frozen Peanut Butter & Strawberry Jam Sandwich – 12g Protein""",true,FAIL_REPAIR_REQUIRED,MATCH,MISMATCH,MATCH,MATCH,MATCH,MISMATCH,false,true,OBSERVE_MAIN_THEN_KEEP_OR_REGENERATE|DOWNLOAD_AND_VISUALLY_VERIFY_LIVE_PRODUCT_SECONDARIES|REPAIR_TEXT_SEMANTICS|BIND_TEXT_AND_STRUCTURED_CLAIMS_TO_PHYSICAL_PACKAGE_EVIDENCE|REPAIR_CANONICAL_OFFER|CLEAR_OPERATIONAL_LISTING_ISSUES
UE-ASA6-CLLY,B0H83ZHZ4S,UNOBSERVABLE,,NO_LOCAL_BYTES_FOR_OBSERVED_AMAZON_MAIN_URL,false,PASS_METADATA_AND_HASH_ALLOWLIST,7,VERIFIED_REQUIRED_INFOGRAPHIC,UNOBSERVABLE,PASS_LIMITED_RULESET,NEEDS_EVIDENCE,,,FAIL_REPAIR_REQUIRED,MATCH,MISMATCH,MATCH,MATCH,MISMATCH,MISMATCH,true,true,OBSERVE_MAIN_THEN_KEEP_OR_REGENERATE|DOWNLOAD_AND_VISUALLY_VERIFY_LIVE_PRODUCT_SECONDARIES|BIND_TEXT_AND_STRUCTURED_CLAIMS_TO_PHYSICAL_PACKAGE_EVIDENCE|REPAIR_CANONICAL_OFFER
BH-ASTN-S4XJ,B0H83ZRNCS,UNOBSERVABLE,,NO_LOCAL_BYTES_FOR_OBSERVED_AMAZON_MAIN_URL,false,PASS_METADATA_AND_HASH_ALLOWLIST,7,VERIFIED_REQUIRED_INFOGRAPHIC,UNOBSERVABLE,FAIL_REPAIR_REQUIRED,FAIL_AND_NEEDS_EVIDENCE,"content does not state 12 pieces for ""Smucker's Uncrustables Frozen Peanut Butter & Strawberry Jam Sandwich – 12g Protein""",true,FAIL_REPAIR_REQUIRED,MISMATCH,MISMATCH,MATCH,MATCH,MATCH,MISMATCH,false,true,OBSERVE_MAIN_THEN_KEEP_OR_REGENERATE|DOWNLOAD_AND_VISUALLY_VERIFY_LIVE_PRODUCT_SECONDARIES|REPAIR_TEXT_SEMANTICS|BIND_TEXT_AND_STRUCTURED_CLAIMS_TO_PHYSICAL_PACKAGE_EVIDENCE|REPAIR_CANONICAL_OFFER|CLEAR_OPERATIONAL_LISTING_ISSUES
CN-ASG6-892G,B0H8422DQ1,UNOBSERVABLE,,NO_LOCAL_BYTES_FOR_OBSERVED_AMAZON_MAIN_URL,false,PASS_METADATA_AND_HASH_ALLOWLIST,7,VERIFIED_REQUIRED_INFOGRAPHIC,UNOBSERVABLE,PASS_LIMITED_RULESET,NEEDS_EVIDENCE,,,FAIL_REPAIR_REQUIRED,MISMATCH,MISMATCH,MATCH,MATCH,MISMATCH,MISMATCH,true,true,OBSERVE_MAIN_THEN_KEEP_OR_REGENERATE|DOWNLOAD_AND_VISUALLY_VERIFY_LIVE_PRODUCT_SECONDARIES|BIND_TEXT_AND_STRUCTURED_CLAIMS_TO_PHYSICAL_PACKAGE_EVIDENCE|REPAIR_CANONICAL_OFFER
BQ-ASUE-NT37,B0H842HL49,UNOBSERVABLE,,NO_LOCAL_BYTES_FOR_OBSERVED_AMAZON_MAIN_URL,false,PASS_METADATA_AND_HASH_ALLOWLIST,7,VERIFIED_REQUIRED_INFOGRAPHIC,UNOBSERVABLE,PASS_LIMITED_RULESET,NEEDS_EVIDENCE,,,FAIL_REPAIR_REQUIRED,MISMATCH,MISMATCH,MATCH,MATCH,MISMATCH,MISMATCH,true,true,OBSERVE_MAIN_THEN_KEEP_OR_REGENERATE|DOWNLOAD_AND_VISUALLY_VERIFY_LIVE_PRODUCT_SECONDARIES|BIND_TEXT_AND_STRUCTURED_CLAIMS_TO_PHYSICAL_PACKAGE_EVIDENCE|REPAIR_CANONICAL_OFFER
AU-AS97-USX8,B0H843Q9B5,UNOBSERVABLE,,NO_LOCAL_BYTES_FOR_OBSERVED_AMAZON_MAIN_URL,false,PASS_METADATA_AND_HASH_ALLOWLIST,7,VERIFIED_REQUIRED_INFOGRAPHIC,UNOBSERVABLE,FAIL_REPAIR_REQUIRED,FAIL_AND_NEEDS_EVIDENCE,own-brand content uses retail-count × pack-of multiplication,true,FAIL_REPAIR_REQUIRED,MATCH,MISMATCH,MISMATCH,MATCH,MATCH,MISMATCH,true,true,OBSERVE_MAIN_THEN_KEEP_OR_REGENERATE|DOWNLOAD_AND_VISUALLY_VERIFY_LIVE_PRODUCT_SECONDARIES|REPAIR_TEXT_SEMANTICS|BIND_TEXT_AND_STRUCTURED_CLAIMS_TO_PHYSICAL_PACKAGE_EVIDENCE|REPAIR_CANONICAL_OFFER
WK-AS7E-M3CE,B0H843R64X,UNOBSERVABLE,,NO_LOCAL_BYTES_FOR_OBSERVED_AMAZON_MAIN_URL,false,PASS_METADATA_AND_HASH_ALLOWLIST,7,VERIFIED_REQUIRED_INFOGRAPHIC,UNOBSERVABLE,FAIL_REPAIR_REQUIRED,FAIL_AND_NEEDS_EVIDENCE,"content does not state 12 pieces for ""Smucker's Uncrustables Frozen Peanut Butter & Strawberry Jam Sandwich – 12g Protein""",true,FAIL_REPAIR_REQUIRED,MATCH,MISMATCH,MISMATCH,MISMATCH,MISMATCH,MISMATCH,true,true,OBSERVE_MAIN_THEN_KEEP_OR_REGENERATE|DOWNLOAD_AND_VISUALLY_VERIFY_LIVE_PRODUCT_SECONDARIES|REPAIR_TEXT_SEMANTICS|BIND_TEXT_AND_STRUCTURED_CLAIMS_TO_PHYSICAL_PACKAGE_EVIDENCE|REPAIR_CANONICAL_OFFER|CLEAR_OPERATIONAL_LISTING_ISSUES
NT-ASIL-V5LK,B0H84547PM,UNOBSERVABLE,,NO_LOCAL_BYTES_FOR_OBSERVED_AMAZON_MAIN_URL,false,PASS_METADATA_AND_HASH_ALLOWLIST,7,VERIFIED_REQUIRED_INFOGRAPHIC,UNOBSERVABLE,FAIL_REPAIR_REQUIRED,FAIL_AND_NEEDS_EVIDENCE,"content does not state 12 pieces for ""Smucker's Uncrustables Frozen Peanut Butter & Strawberry Jam Sandwich – 12g Protein""",true,FAIL_REPAIR_REQUIRED,MISMATCH,MISMATCH,MISMATCH,MISMATCH,MATCH,MISMATCH,true,true,OBSERVE_MAIN_THEN_KEEP_OR_REGENERATE|DOWNLOAD_AND_VISUALLY_VERIFY_LIVE_PRODUCT_SECONDARIES|REPAIR_TEXT_SEMANTICS|BIND_TEXT_AND_STRUCTURED_CLAIMS_TO_PHYSICAL_PACKAGE_EVIDENCE|REPAIR_CANONICAL_OFFER
TH-AS6D-CCES,B0H845HSDZ,UNOBSERVABLE,,NO_LOCAL_BYTES_FOR_OBSERVED_AMAZON_MAIN_URL,false,PASS_METADATA_AND_HASH_ALLOWLIST,7,VERIFIED_REQUIRED_INFOGRAPHIC,UNOBSERVABLE,FAIL_REPAIR_REQUIRED,FAIL_AND_NEEDS_EVIDENCE,own-brand content uses retail-count × pack-of multiplication,true,FAIL_REPAIR_REQUIRED,MATCH,MISMATCH,MATCH,MATCH,MISMATCH,MISMATCH,true,true,OBSERVE_MAIN_THEN_KEEP_OR_REGENERATE|DOWNLOAD_AND_VISUALLY_VERIFY_LIVE_PRODUCT_SECONDARIES|REPAIR_TEXT_SEMANTICS|BIND_TEXT_AND_STRUCTURED_CLAIMS_TO_PHYSICAL_PACKAGE_EVIDENCE|REPAIR_CANONICAL_OFFER
KD-AS12-8HZ3,B0H845JBM6,REGENERATE,3504b902388fddb7cc06d67e7cd648c0cd007f7d7ba35bf902a198f89835691f,UNAPPROVED_COOLER_TEMPLATE_VISIBLE|INCORRECT_SALUTEM_LOGO_VISIBLE|INCORRECT_GEL_PACK_DESIGN_VISIBLE|UNACCEPTABLE_MAIN_IMAGE_COMPOSITION_VISIBLE,false,PASS_METADATA_AND_HASH_ALLOWLIST,7,VERIFIED_REQUIRED_INFOGRAPHIC,UNOBSERVABLE,FAIL_REPAIR_REQUIRED,FAIL_AND_NEEDS_EVIDENCE,"content does not state 12 pieces for ""Smucker's Uncrustables Frozen Peanut Butter & Strawberry Jam Sandwich – 12g Protein""",true,FAIL_REPAIR_REQUIRED,MISMATCH,MISMATCH,MISMATCH,MATCH,MATCH,MISMATCH,true,true,REGENERATE_MAIN|DOWNLOAD_AND_VISUALLY_VERIFY_LIVE_PRODUCT_SECONDARIES|REPAIR_TEXT_SEMANTICS|BIND_TEXT_AND_STRUCTURED_CLAIMS_TO_PHYSICAL_PACKAGE_EVIDENCE|REPAIR_CANONICAL_OFFER
JY-ASPW-LB4K,B0H84621N6,UNOBSERVABLE,,NO_LOCAL_BYTES_FOR_OBSERVED_AMAZON_MAIN_URL,false,PASS_METADATA_AND_HASH_ALLOWLIST,7,VERIFIED_REQUIRED_INFOGRAPHIC,UNOBSERVABLE,FAIL_REPAIR_REQUIRED,FAIL_AND_NEEDS_EVIDENCE,"content does not state 12 pieces for ""Smucker's Uncrustables Frozen Peanut Butter & Apple Cinnamon Jelly Sandwich – 12g Protein""",true,FAIL_REPAIR_REQUIRED,MISMATCH,MISMATCH,MISMATCH,MISMATCH,MISMATCH,MISMATCH,true,true,OBSERVE_MAIN_THEN_KEEP_OR_REGENERATE|DOWNLOAD_AND_VISUALLY_VERIFY_LIVE_PRODUCT_SECONDARIES|REPAIR_TEXT_SEMANTICS|BIND_TEXT_AND_STRUCTURED_CLAIMS_TO_PHYSICAL_PACKAGE_EVIDENCE|REPAIR_CANONICAL_OFFER|CLEAR_OPERATIONAL_LISTING_ISSUES
JU-ASM0-KV4Z,B0H8462L4S,UNOBSERVABLE,,NO_LOCAL_BYTES_FOR_OBSERVED_AMAZON_MAIN_URL,false,PASS_METADATA_AND_HASH_ALLOWLIST,7,VERIFIED_REQUIRED_INFOGRAPHIC,UNOBSERVABLE,PASS_LIMITED_RULESET,NEEDS_EVIDENCE,,,FAIL_REPAIR_REQUIRED,MATCH,MISMATCH,MATCH,MATCH,MATCH,MISMATCH,true,true,OBSERVE_MAIN_THEN_KEEP_OR_REGENERATE|DOWNLOAD_AND_VISUALLY_VERIFY_LIVE_PRODUCT_SECONDARIES|BIND_TEXT_AND_STRUCTURED_CLAIMS_TO_PHYSICAL_PACKAGE_EVIDENCE|REPAIR_CANONICAL_OFFER
CE-ASGK-ZRHM,B0H84651LM,UNOBSERVABLE,,NO_LOCAL_BYTES_FOR_OBSERVED_AMAZON_MAIN_URL,false,PASS_METADATA_AND_HASH_ALLOWLIST,7,VERIFIED_REQUIRED_INFOGRAPHIC,UNOBSERVABLE,FAIL_REPAIR_REQUIRED,FAIL_AND_NEEDS_EVIDENCE,"content does not state 12 pieces for ""Smucker's Uncrustables Frozen Peanut Butter & Strawberry Jam Sandwich – 12g Protein""",true,FAIL_REPAIR_REQUIRED,MISMATCH,MISMATCH,MATCH,MATCH,MISMATCH,MISMATCH,true,true,OBSERVE_MAIN_THEN_KEEP_OR_REGENERATE|DOWNLOAD_AND_VISUALLY_VERIFY_LIVE_PRODUCT_SECONDARIES|REPAIR_TEXT_SEMANTICS|BIND_TEXT_AND_STRUCTURED_CLAIMS_TO_PHYSICAL_PACKAGE_EVIDENCE|REPAIR_CANONICAL_OFFER|CLEAR_OPERATIONAL_LISTING_ISSUES
RY-ASMO-6N4F,B0H8493HNR,UNOBSERVABLE,,NO_LOCAL_BYTES_FOR_OBSERVED_AMAZON_MAIN_URL,false,PASS_METADATA_AND_HASH_ALLOWLIST,7,VERIFIED_REQUIRED_INFOGRAPHIC,UNOBSERVABLE,PASS_LIMITED_RULESET,NEEDS_EVIDENCE,,,FAIL_REPAIR_REQUIRED,MATCH,MISMATCH,MATCH,MATCH,MATCH,MISMATCH,true,true,OBSERVE_MAIN_THEN_KEEP_OR_REGENERATE|DOWNLOAD_AND_VISUALLY_VERIFY_LIVE_PRODUCT_SECONDARIES|BIND_TEXT_AND_STRUCTURED_CLAIMS_TO_PHYSICAL_PACKAGE_EVIDENCE|REPAIR_CANONICAL_OFFER
PP-AS23-SPLQ,B0H84CDNQG,UNOBSERVABLE,,NO_LOCAL_BYTES_FOR_OBSERVED_AMAZON_MAIN_URL,false,PASS_METADATA_AND_HASH_ALLOWLIST,7,VERIFIED_REQUIRED_INFOGRAPHIC,UNOBSERVABLE,PASS_LIMITED_RULESET,NEEDS_EVIDENCE,,,FAIL_REPAIR_REQUIRED,MATCH,MISMATCH,MATCH,MATCH,MISMATCH,MISMATCH,true,true,OBSERVE_MAIN_THEN_KEEP_OR_REGENERATE|DOWNLOAD_AND_VISUALLY_VERIFY_LIVE_PRODUCT_SECONDARIES|BIND_TEXT_AND_STRUCTURED_CLAIMS_TO_PHYSICAL_PACKAGE_EVIDENCE|REPAIR_CANONICAL_OFFER
LK-AS7X-K43B,B0H84CGGXL,UNOBSERVABLE,,NO_LOCAL_BYTES_FOR_OBSERVED_AMAZON_MAIN_URL,false,PASS_METADATA_AND_HASH_ALLOWLIST,7,VERIFIED_REQUIRED_INFOGRAPHIC,UNOBSERVABLE,PASS_LIMITED_RULESET,NEEDS_EVIDENCE,,,FAIL_REPAIR_REQUIRED,MATCH,MISMATCH,MATCH,MATCH,MATCH,MISMATCH,true,true,OBSERVE_MAIN_THEN_KEEP_OR_REGENERATE|DOWNLOAD_AND_VISUALLY_VERIFY_LIVE_PRODUCT_SECONDARIES|BIND_TEXT_AND_STRUCTURED_CLAIMS_TO_PHYSICAL_PACKAGE_EVIDENCE|REPAIR_CANONICAL_OFFER
AJ-ASRB-HKC3,B0H84G7DHC,UNOBSERVABLE,,NO_LOCAL_BYTES_FOR_OBSERVED_AMAZON_MAIN_URL,false,PASS_METADATA_AND_HASH_ALLOWLIST,7,VERIFIED_REQUIRED_INFOGRAPHIC,UNOBSERVABLE,PASS_LIMITED_RULESET,NEEDS_EVIDENCE,,,FAIL_REPAIR_REQUIRED,MISMATCH,MISMATCH,MISMATCH,MISMATCH,MISMATCH,MISMATCH,true,true,OBSERVE_MAIN_THEN_KEEP_OR_REGENERATE|DOWNLOAD_AND_VISUALLY_VERIFY_LIVE_PRODUCT_SECONDARIES|BIND_TEXT_AND_STRUCTURED_CLAIMS_TO_PHYSICAL_PACKAGE_EVIDENCE|REPAIR_CANONICAL_OFFER|CLEAR_OPERATIONAL_LISTING_ISSUES
ER-ASRK-TPYQ,B0H84JH1WN,UNOBSERVABLE,,NO_LOCAL_BYTES_FOR_OBSERVED_AMAZON_MAIN_URL,false,PASS_METADATA_AND_HASH_ALLOWLIST,7,VERIFIED_REQUIRED_INFOGRAPHIC,UNOBSERVABLE,PASS_LIMITED_RULESET,NEEDS_EVIDENCE,,,FAIL_REPAIR_REQUIRED,MATCH,MISMATCH,MATCH,MATCH,MATCH,MISMATCH,true,true,OBSERVE_MAIN_THEN_KEEP_OR_REGENERATE|DOWNLOAD_AND_VISUALLY_VERIFY_LIVE_PRODUCT_SECONDARIES|BIND_TEXT_AND_STRUCTURED_CLAIMS_TO_PHYSICAL_PACKAGE_EVIDENCE|REPAIR_CANONICAL_OFFER
SG-ASLB-M2DG,B0H84PFKYC,UNOBSERVABLE,,NO_LOCAL_BYTES_FOR_OBSERVED_AMAZON_MAIN_URL,false,PASS_METADATA_AND_HASH_ALLOWLIST,7,VERIFIED_REQUIRED_INFOGRAPHIC,UNOBSERVABLE,PASS_LIMITED_RULESET,NEEDS_EVIDENCE,,,FAIL_REPAIR_REQUIRED,MATCH,MISMATCH,MATCH,MATCH,MISMATCH,MISMATCH,true,true,OBSERVE_MAIN_THEN_KEEP_OR_REGENERATE|DOWNLOAD_AND_VISUALLY_VERIFY_LIVE_PRODUCT_SECONDARIES|BIND_TEXT_AND_STRUCTURED_CLAIMS_TO_PHYSICAL_PACKAGE_EVIDENCE|REPAIR_CANONICAL_OFFER
ZX-ASQU-TKU9,B0H84PVG1G,UNOBSERVABLE,,NO_LOCAL_BYTES_FOR_OBSERVED_AMAZON_MAIN_URL,false,PASS_METADATA_AND_HASH_ALLOWLIST,7,VERIFIED_REQUIRED_INFOGRAPHIC,UNOBSERVABLE,PASS_LIMITED_RULESET,NEEDS_EVIDENCE,,,FAIL_REPAIR_REQUIRED,MATCH,MISMATCH,MATCH,MATCH,MATCH,MISMATCH,true,true,OBSERVE_MAIN_THEN_KEEP_OR_REGENERATE|DOWNLOAD_AND_VISUALLY_VERIFY_LIVE_PRODUCT_SECONDARIES|BIND_TEXT_AND_STRUCTURED_CLAIMS_TO_PHYSICAL_PACKAGE_EVIDENCE|REPAIR_CANONICAL_OFFER
TY-AST2-JE9P,B0H84WQRXB,UNOBSERVABLE,,NO_LOCAL_BYTES_FOR_OBSERVED_AMAZON_MAIN_URL,false,PASS_METADATA_AND_HASH_ALLOWLIST,7,VERIFIED_REQUIRED_INFOGRAPHIC,UNOBSERVABLE,FAIL_REPAIR_REQUIRED,FAIL_AND_NEEDS_EVIDENCE,own-brand content uses retail-count × pack-of multiplication,true,FAIL_REPAIR_REQUIRED,MISMATCH,MISMATCH,MATCH,MATCH,MISMATCH,MISMATCH,true,true,OBSERVE_MAIN_THEN_KEEP_OR_REGENERATE|DOWNLOAD_AND_VISUALLY_VERIFY_LIVE_PRODUCT_SECONDARIES|REPAIR_TEXT_SEMANTICS|BIND_TEXT_AND_STRUCTURED_CLAIMS_TO_PHYSICAL_PACKAGE_EVIDENCE|REPAIR_CANONICAL_OFFER|CLEAR_OPERATIONAL_LISTING_ISSUES
RY-ASO3-24Q2,B0H84XMG42,UNOBSERVABLE,,NO_LOCAL_BYTES_FOR_OBSERVED_AMAZON_MAIN_URL,false,PASS_METADATA_AND_HASH_ALLOWLIST,7,VERIFIED_REQUIRED_INFOGRAPHIC,UNOBSERVABLE,PASS_LIMITED_RULESET,NEEDS_EVIDENCE,,,FAIL_REPAIR_REQUIRED,MATCH,MISMATCH,MATCH,MATCH,MATCH,MISMATCH,false,true,OBSERVE_MAIN_THEN_KEEP_OR_REGENERATE|DOWNLOAD_AND_VISUALLY_VERIFY_LIVE_PRODUCT_SECONDARIES|BIND_TEXT_AND_STRUCTURED_CLAIMS_TO_PHYSICAL_PACKAGE_EVIDENCE|REPAIR_CANONICAL_OFFER|CLEAR_OPERATIONAL_LISTING_ISSUES
LU-ASK0-LSDF,B0H84YZDB7,UNOBSERVABLE,,NO_LOCAL_BYTES_FOR_OBSERVED_AMAZON_MAIN_URL,false,PASS_METADATA_AND_HASH_ALLOWLIST,7,VERIFIED_REQUIRED_INFOGRAPHIC,UNOBSERVABLE,PASS_LIMITED_RULESET,NEEDS_EVIDENCE,,,FAIL_REPAIR_REQUIRED,MATCH,MISMATCH,MATCH,MATCH,MISMATCH,MISMATCH,true,true,OBSERVE_MAIN_THEN_KEEP_OR_REGENERATE|DOWNLOAD_AND_VISUALLY_VERIFY_LIVE_PRODUCT_SECONDARIES|BIND_TEXT_AND_STRUCTURED_CLAIMS_TO_PHYSICAL_PACKAGE_EVIDENCE|REPAIR_CANONICAL_OFFER
PT-AS5B-Z2XH,B0H84Z6QWY,UNOBSERVABLE,,NO_LOCAL_BYTES_FOR_OBSERVED_AMAZON_MAIN_URL,false,PASS_METADATA_AND_HASH_ALLOWLIST,7,VERIFIED_REQUIRED_INFOGRAPHIC,UNOBSERVABLE,PASS_LIMITED_RULESET,NEEDS_EVIDENCE,,,FAIL_REPAIR_REQUIRED,MATCH,MISMATCH,MATCH,MATCH,MATCH,MISMATCH,true,true,OBSERVE_MAIN_THEN_KEEP_OR_REGENERATE|DOWNLOAD_AND_VISUALLY_VERIFY_LIVE_PRODUCT_SECONDARIES|BIND_TEXT_AND_STRUCTURED_CLAIMS_TO_PHYSICAL_PACKAGE_EVIDENCE|REPAIR_CANONICAL_OFFER
MP-ASYO-QNU2,B0H84Z9KWL,UNOBSERVABLE,,NO_LOCAL_BYTES_FOR_OBSERVED_AMAZON_MAIN_URL,false,PASS_METADATA_AND_HASH_ALLOWLIST,7,VERIFIED_REQUIRED_INFOGRAPHIC,UNOBSERVABLE,PASS_LIMITED_RULESET,NEEDS_EVIDENCE,,,FAIL_REPAIR_REQUIRED,MATCH,MISMATCH,MATCH,MATCH,MISMATCH,MISMATCH,true,true,OBSERVE_MAIN_THEN_KEEP_OR_REGENERATE|DOWNLOAD_AND_VISUALLY_VERIFY_LIVE_PRODUCT_SECONDARIES|BIND_TEXT_AND_STRUCTURED_CLAIMS_TO_PHYSICAL_PACKAGE_EVIDENCE|REPAIR_CANONICAL_OFFER
JC-ASM4-XXW7,B0H84ZL156,UNOBSERVABLE,,NO_LOCAL_BYTES_FOR_OBSERVED_AMAZON_MAIN_URL,false,PASS_METADATA_AND_HASH_ALLOWLIST,7,VERIFIED_REQUIRED_INFOGRAPHIC,UNOBSERVABLE,FAIL_REPAIR_REQUIRED,FAIL_AND_NEEDS_EVIDENCE,"content does not state 12 pieces for ""Smucker's Uncrustables Frozen Peanut Butter & Apple Cinnamon Jelly Sandwich – 12g Protein""",true,FAIL_REPAIR_REQUIRED,MATCH,MISMATCH,MATCH,MATCH,MATCH,MISMATCH,false,true,OBSERVE_MAIN_THEN_KEEP_OR_REGENERATE|DOWNLOAD_AND_VISUALLY_VERIFY_LIVE_PRODUCT_SECONDARIES|REPAIR_TEXT_SEMANTICS|BIND_TEXT_AND_STRUCTURED_CLAIMS_TO_PHYSICAL_PACKAGE_EVIDENCE|REPAIR_CANONICAL_OFFER|CLEAR_OPERATIONAL_LISTING_ISSUES
YG-ASH6-BCXX,B0H8511Y5G,UNOBSERVABLE,,NO_LOCAL_BYTES_FOR_OBSERVED_AMAZON_MAIN_URL,true,PASS_METADATA_AND_HASH_ALLOWLIST,7,VERIFIED_REQUIRED_INFOGRAPHIC,UNOBSERVABLE,PASS_LIMITED_RULESET,NEEDS_EVIDENCE,,,FAIL_REPAIR_REQUIRED,MATCH,MISMATCH,MATCH,MATCH,MISMATCH,MISMATCH,true,true,OBSERVE_MAIN_THEN_KEEP_OR_REGENERATE|DOWNLOAD_AND_VISUALLY_VERIFY_LIVE_PRODUCT_SECONDARIES|BIND_TEXT_AND_STRUCTURED_CLAIMS_TO_PHYSICAL_PACKAGE_EVIDENCE|REPAIR_CANONICAL_OFFER
ZE-AS5W-FKH3,B0H8531B8B,UNOBSERVABLE,,NO_LOCAL_BYTES_FOR_OBSERVED_AMAZON_MAIN_URL,false,PASS_METADATA_AND_HASH_ALLOWLIST,7,VERIFIED_REQUIRED_INFOGRAPHIC,UNOBSERVABLE,FAIL_REPAIR_REQUIRED,FAIL_AND_NEEDS_EVIDENCE,"content omits recipe flavor ""Smucker's Uncrustables Morning Protein Peanut Butter & Mixed Berry Spread Sandwich""",true,FAIL_REPAIR_REQUIRED,MISMATCH,MISMATCH,MATCH,MATCH,MATCH,MISMATCH,false,true,OBSERVE_MAIN_THEN_KEEP_OR_REGENERATE|DOWNLOAD_AND_VISUALLY_VERIFY_LIVE_PRODUCT_SECONDARIES|REPAIR_TEXT_SEMANTICS|BIND_TEXT_AND_STRUCTURED_CLAIMS_TO_PHYSICAL_PACKAGE_EVIDENCE|REPAIR_CANONICAL_OFFER|CLEAR_OPERATIONAL_LISTING_ISSUES
VN-AS6Q-5AE9,B0H8538L32,UNOBSERVABLE,,NO_LOCAL_BYTES_FOR_OBSERVED_AMAZON_MAIN_URL,false,PASS_METADATA_AND_HASH_ALLOWLIST,7,VERIFIED_REQUIRED_INFOGRAPHIC,UNOBSERVABLE,PASS_LIMITED_RULESET,NEEDS_EVIDENCE,,,FAIL_REPAIR_REQUIRED,MATCH,MISMATCH,MATCH,MATCH,MISMATCH,MISMATCH,true,true,OBSERVE_MAIN_THEN_KEEP_OR_REGENERATE|DOWNLOAD_AND_VISUALLY_VERIFY_LIVE_PRODUCT_SECONDARIES|BIND_TEXT_AND_STRUCTURED_CLAIMS_TO_PHYSICAL_PACKAGE_EVIDENCE|REPAIR_CANONICAL_OFFER
SU-ASS4-RV6R,B0H853HGHC,UNOBSERVABLE,,NO_LOCAL_BYTES_FOR_OBSERVED_AMAZON_MAIN_URL,false,PASS_METADATA_AND_HASH_ALLOWLIST,7,VERIFIED_REQUIRED_INFOGRAPHIC,UNOBSERVABLE,PASS_LIMITED_RULESET,NEEDS_EVIDENCE,,,FAIL_REPAIR_REQUIRED,MATCH,MISMATCH,MATCH,MATCH,MATCH,MISMATCH,false,true,OBSERVE_MAIN_THEN_KEEP_OR_REGENERATE|DOWNLOAD_AND_VISUALLY_VERIFY_LIVE_PRODUCT_SECONDARIES|BIND_TEXT_AND_STRUCTURED_CLAIMS_TO_PHYSICAL_PACKAGE_EVIDENCE|REPAIR_CANONICAL_OFFER|CLEAR_OPERATIONAL_LISTING_ISSUES
BH-AS7H-D4FV,B0H853MCYZ,UNOBSERVABLE,,NO_LOCAL_BYTES_FOR_OBSERVED_AMAZON_MAIN_URL,false,PASS_METADATA_AND_HASH_ALLOWLIST,7,VERIFIED_REQUIRED_INFOGRAPHIC,UNOBSERVABLE,PASS_LIMITED_RULESET,NEEDS_EVIDENCE,,,FAIL_REPAIR_REQUIRED,MATCH,MISMATCH,MATCH,MATCH,MISMATCH,MISMATCH,true,true,OBSERVE_MAIN_THEN_KEEP_OR_REGENERATE|DOWNLOAD_AND_VISUALLY_VERIFY_LIVE_PRODUCT_SECONDARIES|BIND_TEXT_AND_STRUCTURED_CLAIMS_TO_PHYSICAL_PACKAGE_EVIDENCE|REPAIR_CANONICAL_OFFER
LJ-ASYO-FWJK,B0H853SHVC,UNOBSERVABLE,,NO_LOCAL_BYTES_FOR_OBSERVED_AMAZON_MAIN_URL,false,PASS_METADATA_AND_HASH_ALLOWLIST,7,VERIFIED_REQUIRED_INFOGRAPHIC,UNOBSERVABLE,PASS_LIMITED_RULESET,NEEDS_EVIDENCE,,,FAIL_REPAIR_REQUIRED,MATCH,MISMATCH,MATCH,MATCH,MATCH,MISMATCH,true,true,OBSERVE_MAIN_THEN_KEEP_OR_REGENERATE|DOWNLOAD_AND_VISUALLY_VERIFY_LIVE_PRODUCT_SECONDARIES|BIND_TEXT_AND_STRUCTURED_CLAIMS_TO_PHYSICAL_PACKAGE_EVIDENCE|REPAIR_CANONICAL_OFFER
FM-AS51-S4MT,B0H853VHRF,UNOBSERVABLE,,NO_LOCAL_BYTES_FOR_OBSERVED_AMAZON_MAIN_URL,false,PASS_METADATA_AND_HASH_ALLOWLIST,7,VERIFIED_REQUIRED_INFOGRAPHIC,UNOBSERVABLE,PASS_LIMITED_RULESET,NEEDS_EVIDENCE,,,FAIL_REPAIR_REQUIRED,MATCH,MISMATCH,MATCH,MATCH,MISMATCH,MISMATCH,true,true,OBSERVE_MAIN_THEN_KEEP_OR_REGENERATE|DOWNLOAD_AND_VISUALLY_VERIFY_LIVE_PRODUCT_SECONDARIES|BIND_TEXT_AND_STRUCTURED_CLAIMS_TO_PHYSICAL_PACKAGE_EVIDENCE|REPAIR_CANONICAL_OFFER
JU-ASYC-SSJD,B0H854C7SZ,UNOBSERVABLE,,NO_LOCAL_BYTES_FOR_OBSERVED_AMAZON_MAIN_URL,false,PASS_METADATA_AND_HASH_ALLOWLIST,7,VERIFIED_REQUIRED_INFOGRAPHIC,UNOBSERVABLE,PASS_LIMITED_RULESET,NEEDS_EVIDENCE,,,FAIL_REPAIR_REQUIRED,MATCH,MISMATCH,MATCH,MATCH,MATCH,MISMATCH,true,true,OBSERVE_MAIN_THEN_KEEP_OR_REGENERATE|DOWNLOAD_AND_VISUALLY_VERIFY_LIVE_PRODUCT_SECONDARIES|BIND_TEXT_AND_STRUCTURED_CLAIMS_TO_PHYSICAL_PACKAGE_EVIDENCE|REPAIR_CANONICAL_OFFER
UF-ASA1-GN5P,B0H854DM3X,UNOBSERVABLE,,NO_LOCAL_BYTES_FOR_OBSERVED_AMAZON_MAIN_URL,false,PASS_METADATA_AND_HASH_ALLOWLIST,7,VERIFIED_REQUIRED_INFOGRAPHIC,UNOBSERVABLE,PASS_LIMITED_RULESET,NEEDS_EVIDENCE,,,FAIL_REPAIR_REQUIRED,MATCH,MISMATCH,MATCH,MATCH,MISMATCH,MISMATCH,true,true,OBSERVE_MAIN_THEN_KEEP_OR_REGENERATE|DOWNLOAD_AND_VISUALLY_VERIFY_LIVE_PRODUCT_SECONDARIES|BIND_TEXT_AND_STRUCTURED_CLAIMS_TO_PHYSICAL_PACKAGE_EVIDENCE|REPAIR_CANONICAL_OFFER
SG-AS32-LZ9Y,B0H8564C6D,UNOBSERVABLE,,NO_LOCAL_BYTES_FOR_OBSERVED_AMAZON_MAIN_URL,false,PASS_METADATA_AND_HASH_ALLOWLIST,7,VERIFIED_REQUIRED_INFOGRAPHIC,UNOBSERVABLE,PASS_LIMITED_RULESET,NEEDS_EVIDENCE,,,FAIL_REPAIR_REQUIRED,MATCH,MISMATCH,MATCH,MATCH,MATCH,MISMATCH,true,true,OBSERVE_MAIN_THEN_KEEP_OR_REGENERATE|DOWNLOAD_AND_VISUALLY_VERIFY_LIVE_PRODUCT_SECONDARIES|BIND_TEXT_AND_STRUCTURED_CLAIMS_TO_PHYSICAL_PACKAGE_EVIDENCE|REPAIR_CANONICAL_OFFER
SC-ASH8-4RQG,B0H856DWVS,UNOBSERVABLE,,NO_LOCAL_BYTES_FOR_OBSERVED_AMAZON_MAIN_URL,false,PASS_METADATA_AND_HASH_ALLOWLIST,7,VERIFIED_REQUIRED_INFOGRAPHIC,UNOBSERVABLE,FAIL_REPAIR_REQUIRED,FAIL_AND_NEEDS_EVIDENCE,"own-brand recipe contains individual pieces, not retail boxes/cases",true,FAIL_REPAIR_REQUIRED,MISMATCH,MISMATCH,MATCH,MATCH,MISMATCH,MISMATCH,true,true,OBSERVE_MAIN_THEN_KEEP_OR_REGENERATE|DOWNLOAD_AND_VISUALLY_VERIFY_LIVE_PRODUCT_SECONDARIES|REPAIR_TEXT_SEMANTICS|BIND_TEXT_AND_STRUCTURED_CLAIMS_TO_PHYSICAL_PACKAGE_EVIDENCE|REPAIR_CANONICAL_OFFER|CLEAR_OPERATIONAL_LISTING_ISSUES
HR-AS7Q-7ZDF,B0H856RRRK,REGENERATE,d8e837772fac23dbd42605aa0a80180d7a996b4fa9a910605008f0be6659cfb5,UNAPPROVED_COOLER_TEMPLATE_VISIBLE|INCORRECT_SALUTEM_LOGO_VISIBLE|INCORRECT_GEL_PACK_DESIGN_VISIBLE|UNACCEPTABLE_MAIN_IMAGE_COMPOSITION_VISIBLE,false,PASS_METADATA_AND_HASH_ALLOWLIST,7,VERIFIED_REQUIRED_INFOGRAPHIC,UNOBSERVABLE,PASS_LIMITED_RULESET,NEEDS_EVIDENCE,,,FAIL_REPAIR_REQUIRED,MATCH,MISMATCH,MATCH,MATCH,MATCH,MISMATCH,true,true,REGENERATE_MAIN|DOWNLOAD_AND_VISUALLY_VERIFY_LIVE_PRODUCT_SECONDARIES|BIND_TEXT_AND_STRUCTURED_CLAIMS_TO_PHYSICAL_PACKAGE_EVIDENCE|REPAIR_CANONICAL_OFFER
VH-ASHZ-TJEE,B0H856VWD6,UNOBSERVABLE,,NO_LOCAL_BYTES_FOR_OBSERVED_AMAZON_MAIN_URL,false,PASS_METADATA_AND_HASH_ALLOWLIST,7,VERIFIED_REQUIRED_INFOGRAPHIC,UNOBSERVABLE,FAIL_REPAIR_REQUIRED,FAIL_AND_NEEDS_EVIDENCE,"content omits recipe flavor ""Smucker's Uncrustables Morning Protein Peanut Butter & Mixed Berry Spread Sandwich""",true,FAIL_REPAIR_REQUIRED,MISMATCH,MISMATCH,MATCH,MATCH,MISMATCH,MISMATCH,true,true,OBSERVE_MAIN_THEN_KEEP_OR_REGENERATE|DOWNLOAD_AND_VISUALLY_VERIFY_LIVE_PRODUCT_SECONDARIES|REPAIR_TEXT_SEMANTICS|BIND_TEXT_AND_STRUCTURED_CLAIMS_TO_PHYSICAL_PACKAGE_EVIDENCE|REPAIR_CANONICAL_OFFER|CLEAR_OPERATIONAL_LISTING_ISSUES
HZ-ASPS-4L22,B0H857K38C,UNOBSERVABLE,,NO_LOCAL_BYTES_FOR_OBSERVED_AMAZON_MAIN_URL,false,PASS_METADATA_AND_HASH_ALLOWLIST,7,VERIFIED_REQUIRED_INFOGRAPHIC,UNOBSERVABLE,PASS_LIMITED_RULESET,NEEDS_EVIDENCE,,,FAIL_REPAIR_REQUIRED,MATCH,MISMATCH,MATCH,MATCH,MATCH,MISMATCH,true,true,OBSERVE_MAIN_THEN_KEEP_OR_REGENERATE|DOWNLOAD_AND_VISUALLY_VERIFY_LIVE_PRODUCT_SECONDARIES|BIND_TEXT_AND_STRUCTURED_CLAIMS_TO_PHYSICAL_PACKAGE_EVIDENCE|REPAIR_CANONICAL_OFFER
XW-ASSI-SZZT,B0H858GF4N,UNOBSERVABLE,,NO_LOCAL_BYTES_FOR_OBSERVED_AMAZON_MAIN_URL,false,PASS_METADATA_AND_HASH_ALLOWLIST,7,VERIFIED_REQUIRED_INFOGRAPHIC,UNOBSERVABLE,PASS_LIMITED_RULESET,NEEDS_EVIDENCE,,,FAIL_REPAIR_REQUIRED,MATCH,MISMATCH,MATCH,MATCH,MISMATCH,MISMATCH,true,true,OBSERVE_MAIN_THEN_KEEP_OR_REGENERATE|DOWNLOAD_AND_VISUALLY_VERIFY_LIVE_PRODUCT_SECONDARIES|BIND_TEXT_AND_STRUCTURED_CLAIMS_TO_PHYSICAL_PACKAGE_EVIDENCE|REPAIR_CANONICAL_OFFER
YV-AST8-LMKN,B0H859JMGJ,UNOBSERVABLE,,NO_LOCAL_BYTES_FOR_OBSERVED_AMAZON_MAIN_URL,false,PASS_METADATA_AND_HASH_ALLOWLIST,7,VERIFIED_REQUIRED_INFOGRAPHIC,UNOBSERVABLE,PASS_LIMITED_RULESET,NEEDS_EVIDENCE,,,FAIL_REPAIR_REQUIRED,MATCH,MISMATCH,MATCH,MATCH,MATCH,MISMATCH,true,true,OBSERVE_MAIN_THEN_KEEP_OR_REGENERATE|DOWNLOAD_AND_VISUALLY_VERIFY_LIVE_PRODUCT_SECONDARIES|BIND_TEXT_AND_STRUCTURED_CLAIMS_TO_PHYSICAL_PACKAGE_EVIDENCE|REPAIR_CANONICAL_OFFER
RB-ASVO-GYCY,B0H859N8VM,UNOBSERVABLE,,NO_LOCAL_BYTES_FOR_OBSERVED_AMAZON_MAIN_URL,false,PASS_METADATA_AND_HASH_ALLOWLIST,7,VERIFIED_REQUIRED_INFOGRAPHIC,UNOBSERVABLE,PASS_LIMITED_RULESET,NEEDS_EVIDENCE,,,FAIL_REPAIR_REQUIRED,MISMATCH,MISMATCH,MATCH,MATCH,MISMATCH,MISMATCH,true,true,OBSERVE_MAIN_THEN_KEEP_OR_REGENERATE|DOWNLOAD_AND_VISUALLY_VERIFY_LIVE_PRODUCT_SECONDARIES|BIND_TEXT_AND_STRUCTURED_CLAIMS_TO_PHYSICAL_PACKAGE_EVIDENCE|REPAIR_CANONICAL_OFFER
WR-ASR5-AVWE,B0H859VYXH,REGENERATE,9938a7a37201154ff673b4eba193de4d4b6834bb23378032f32f27c0fcb312a7,UNAPPROVED_COOLER_TEMPLATE_VISIBLE|INCORRECT_SALUTEM_LOGO_VISIBLE|INCORRECT_GEL_PACK_DESIGN_VISIBLE|UNACCEPTABLE_MAIN_IMAGE_COMPOSITION_VISIBLE,false,PASS_METADATA_AND_HASH_ALLOWLIST,7,VERIFIED_REQUIRED_INFOGRAPHIC,UNOBSERVABLE,FAIL_REPAIR_REQUIRED,FAIL_AND_NEEDS_EVIDENCE,"content does not state 12 pieces for ""Smucker's Uncrustables Frozen Peanut Butter & Apple Cinnamon Jelly Sandwich – 12g Protein""",true,FAIL_REPAIR_REQUIRED,MATCH,MISMATCH,MATCH,MATCH,MATCH,MISMATCH,true,true,REGENERATE_MAIN|DOWNLOAD_AND_VISUALLY_VERIFY_LIVE_PRODUCT_SECONDARIES|REPAIR_TEXT_SEMANTICS|BIND_TEXT_AND_STRUCTURED_CLAIMS_TO_PHYSICAL_PACKAGE_EVIDENCE|REPAIR_CANONICAL_OFFER
AG-ASKV-W9EN,B0H85B64V2,UNOBSERVABLE,,NO_LOCAL_BYTES_FOR_OBSERVED_AMAZON_MAIN_URL,false,PASS_METADATA_AND_HASH_ALLOWLIST,7,VERIFIED_REQUIRED_INFOGRAPHIC,UNOBSERVABLE,PASS_LIMITED_RULESET,NEEDS_EVIDENCE,,,FAIL_REPAIR_REQUIRED,MATCH,MISMATCH,MATCH,MATCH,MISMATCH,MISMATCH,true,true,OBSERVE_MAIN_THEN_KEEP_OR_REGENERATE|DOWNLOAD_AND_VISUALLY_VERIFY_LIVE_PRODUCT_SECONDARIES|BIND_TEXT_AND_STRUCTURED_CLAIMS_TO_PHYSICAL_PACKAGE_EVIDENCE|REPAIR_CANONICAL_OFFER
WK-ASPD-G9HL,B0H85CF81Y,UNOBSERVABLE,,NO_LOCAL_BYTES_FOR_OBSERVED_AMAZON_MAIN_URL,false,PASS_METADATA_AND_HASH_ALLOWLIST,7,VERIFIED_REQUIRED_INFOGRAPHIC,UNOBSERVABLE,PASS_LIMITED_RULESET,NEEDS_EVIDENCE,,,FAIL_REPAIR_REQUIRED,MATCH,MISMATCH,MATCH,MATCH,MATCH,MISMATCH,true,true,OBSERVE_MAIN_THEN_KEEP_OR_REGENERATE|DOWNLOAD_AND_VISUALLY_VERIFY_LIVE_PRODUCT_SECONDARIES|BIND_TEXT_AND_STRUCTURED_CLAIMS_TO_PHYSICAL_PACKAGE_EVIDENCE|REPAIR_CANONICAL_OFFER
VT-ASTH-B6LM,B0H85CL8JD,UNOBSERVABLE,,NO_LOCAL_BYTES_FOR_OBSERVED_AMAZON_MAIN_URL,false,PASS_METADATA_AND_HASH_ALLOWLIST,7,VERIFIED_REQUIRED_INFOGRAPHIC,UNOBSERVABLE,FAIL_REPAIR_REQUIRED,FAIL_AND_NEEDS_EVIDENCE,own-brand content uses retail-count × pack-of multiplication,true,FAIL_REPAIR_REQUIRED,MISMATCH,MISMATCH,MATCH,MATCH,MISMATCH,MISMATCH,true,true,OBSERVE_MAIN_THEN_KEEP_OR_REGENERATE|DOWNLOAD_AND_VISUALLY_VERIFY_LIVE_PRODUCT_SECONDARIES|REPAIR_TEXT_SEMANTICS|BIND_TEXT_AND_STRUCTURED_CLAIMS_TO_PHYSICAL_PACKAGE_EVIDENCE|REPAIR_CANONICAL_OFFER
WZ-ASXK-ZFAS,B0H85DF1R7,UNOBSERVABLE,,NO_LOCAL_BYTES_FOR_OBSERVED_AMAZON_MAIN_URL,false,PASS_METADATA_AND_HASH_ALLOWLIST,7,VERIFIED_REQUIRED_INFOGRAPHIC,UNOBSERVABLE,FAIL_REPAIR_REQUIRED,FAIL_AND_NEEDS_EVIDENCE,own-brand content uses retail-count × pack-of multiplication,true,FAIL_REPAIR_REQUIRED,MATCH,MISMATCH,MATCH,MATCH,MATCH,MISMATCH,true,true,OBSERVE_MAIN_THEN_KEEP_OR_REGENERATE|DOWNLOAD_AND_VISUALLY_VERIFY_LIVE_PRODUCT_SECONDARIES|REPAIR_TEXT_SEMANTICS|BIND_TEXT_AND_STRUCTURED_CLAIMS_TO_PHYSICAL_PACKAGE_EVIDENCE|REPAIR_CANONICAL_OFFER
QP-ASAD-PTLX,B0H85DG2JQ,UNOBSERVABLE,,NO_LOCAL_BYTES_FOR_OBSERVED_AMAZON_MAIN_URL,false,PASS_METADATA_AND_HASH_ALLOWLIST,7,VERIFIED_REQUIRED_INFOGRAPHIC,UNOBSERVABLE,FAIL_REPAIR_REQUIRED,FAIL_AND_NEEDS_EVIDENCE,"content does not state 12 pieces for ""Smucker's Uncrustables Frozen Peanut Butter & Apple Cinnamon Jelly Sandwich – 12g Protein""",true,FAIL_REPAIR_REQUIRED,MISMATCH,MISMATCH,MATCH,MATCH,MISMATCH,MISMATCH,true,true,OBSERVE_MAIN_THEN_KEEP_OR_REGENERATE|DOWNLOAD_AND_VISUALLY_VERIFY_LIVE_PRODUCT_SECONDARIES|REPAIR_TEXT_SEMANTICS|BIND_TEXT_AND_STRUCTURED_CLAIMS_TO_PHYSICAL_PACKAGE_EVIDENCE|REPAIR_CANONICAL_OFFER
WR-ASTH-TPXV,B0H85DRT93,UNOBSERVABLE,,NO_LOCAL_BYTES_FOR_OBSERVED_AMAZON_MAIN_URL,false,PASS_METADATA_AND_HASH_ALLOWLIST,7,VERIFIED_REQUIRED_INFOGRAPHIC,UNOBSERVABLE,FAIL_REPAIR_REQUIRED,FAIL_AND_NEEDS_EVIDENCE,"content does not state 12 pieces for ""Smucker's Uncrustables Frozen Peanut Butter & Apple Cinnamon Jelly Sandwich – 12g Protein""",true,FAIL_REPAIR_REQUIRED,MISMATCH,MISMATCH,MATCH,MISMATCH,MATCH,MISMATCH,true,true,OBSERVE_MAIN_THEN_KEEP_OR_REGENERATE|DOWNLOAD_AND_VISUALLY_VERIFY_LIVE_PRODUCT_SECONDARIES|REPAIR_TEXT_SEMANTICS|BIND_TEXT_AND_STRUCTURED_CLAIMS_TO_PHYSICAL_PACKAGE_EVIDENCE|REPAIR_CANONICAL_OFFER
VK-ASSB-3YFK,B0H85FY28F,UNOBSERVABLE,,NO_LOCAL_BYTES_FOR_OBSERVED_AMAZON_MAIN_URL,false,PASS_METADATA_AND_HASH_ALLOWLIST,7,VERIFIED_REQUIRED_INFOGRAPHIC,UNOBSERVABLE,FAIL_REPAIR_REQUIRED,FAIL_AND_NEEDS_EVIDENCE,own-brand title must contain exactly one count claim equal to 24; found none,true,FAIL_REPAIR_REQUIRED,MATCH,MISMATCH,MATCH,MATCH,MISMATCH,MISMATCH,true,true,OBSERVE_MAIN_THEN_KEEP_OR_REGENERATE|DOWNLOAD_AND_VISUALLY_VERIFY_LIVE_PRODUCT_SECONDARIES|REPAIR_TEXT_SEMANTICS|BIND_TEXT_AND_STRUCTURED_CLAIMS_TO_PHYSICAL_PACKAGE_EVIDENCE|REPAIR_CANONICAL_OFFER
RQ-AS78-STLZ,B0H85GR968,UNOBSERVABLE,,NO_LOCAL_BYTES_FOR_OBSERVED_AMAZON_MAIN_URL,false,PASS_METADATA_AND_HASH_ALLOWLIST,7,VERIFIED_REQUIRED_INFOGRAPHIC,UNOBSERVABLE,PASS_LIMITED_RULESET,NEEDS_EVIDENCE,,,FAIL_REPAIR_REQUIRED,MATCH,MISMATCH,MATCH,MATCH,MATCH,MISMATCH,true,true,OBSERVE_MAIN_THEN_KEEP_OR_REGENERATE|DOWNLOAD_AND_VISUALLY_VERIFY_LIVE_PRODUCT_SECONDARIES|BIND_TEXT_AND_STRUCTURED_CLAIMS_TO_PHYSICAL_PACKAGE_EVIDENCE|REPAIR_CANONICAL_OFFER
FN-ASVM-UWAG,B0H85J88LJ,UNOBSERVABLE,,NO_LOCAL_BYTES_FOR_OBSERVED_AMAZON_MAIN_URL,false,PASS_METADATA_AND_HASH_ALLOWLIST,7,VERIFIED_REQUIRED_INFOGRAPHIC,UNOBSERVABLE,PASS_LIMITED_RULESET,NEEDS_EVIDENCE,,,FAIL_REPAIR_REQUIRED,MATCH,MISMATCH,MATCH,MATCH,MISMATCH,MISMATCH,true,true,OBSERVE_MAIN_THEN_KEEP_OR_REGENERATE|DOWNLOAD_AND_VISUALLY_VERIFY_LIVE_PRODUCT_SECONDARIES|BIND_TEXT_AND_STRUCTURED_CLAIMS_TO_PHYSICAL_PACKAGE_EVIDENCE|REPAIR_CANONICAL_OFFER
BK-AS5Z-8UY5,B0H85JF1V1,UNOBSERVABLE,,NO_LOCAL_BYTES_FOR_OBSERVED_AMAZON_MAIN_URL,false,PASS_METADATA_AND_HASH_ALLOWLIST,7,VERIFIED_REQUIRED_INFOGRAPHIC,UNOBSERVABLE,FAIL_REPAIR_REQUIRED,FAIL_AND_NEEDS_EVIDENCE,own-brand content uses retail-count × pack-of multiplication,true,FAIL_REPAIR_REQUIRED,MATCH,MISMATCH,MATCH,MATCH,MATCH,MISMATCH,true,true,OBSERVE_MAIN_THEN_KEEP_OR_REGENERATE|DOWNLOAD_AND_VISUALLY_VERIFY_LIVE_PRODUCT_SECONDARIES|REPAIR_TEXT_SEMANTICS|BIND_TEXT_AND_STRUCTURED_CLAIMS_TO_PHYSICAL_PACKAGE_EVIDENCE|REPAIR_CANONICAL_OFFER
RH-ASWA-ER34,B0H85JR6WN,UNOBSERVABLE,,NO_LOCAL_BYTES_FOR_OBSERVED_AMAZON_MAIN_URL,false,PASS_METADATA_AND_HASH_ALLOWLIST,7,VERIFIED_REQUIRED_INFOGRAPHIC,UNOBSERVABLE,PASS_LIMITED_RULESET,NEEDS_EVIDENCE,,,FAIL_REPAIR_REQUIRED,MATCH,MISMATCH,MATCH,MATCH,MISMATCH,MISMATCH,true,true,OBSERVE_MAIN_THEN_KEEP_OR_REGENERATE|DOWNLOAD_AND_VISUALLY_VERIFY_LIVE_PRODUCT_SECONDARIES|BIND_TEXT_AND_STRUCTURED_CLAIMS_TO_PHYSICAL_PACKAGE_EVIDENCE|REPAIR_CANONICAL_OFFER
NV-AS86-HD44,B0H85KQJKS,UNOBSERVABLE,,NO_LOCAL_BYTES_FOR_OBSERVED_AMAZON_MAIN_URL,false,PASS_METADATA_AND_HASH_ALLOWLIST,7,VERIFIED_REQUIRED_INFOGRAPHIC,UNOBSERVABLE,PASS_LIMITED_RULESET,NEEDS_EVIDENCE,,,FAIL_REPAIR_REQUIRED,MATCH,MISMATCH,MATCH,MATCH,MATCH,MISMATCH,true,true,OBSERVE_MAIN_THEN_KEEP_OR_REGENERATE|DOWNLOAD_AND_VISUALLY_VERIFY_LIVE_PRODUCT_SECONDARIES|BIND_TEXT_AND_STRUCTURED_CLAIMS_TO_PHYSICAL_PACKAGE_EVIDENCE|REPAIR_CANONICAL_OFFER
PJ-ASDX-E8LW,B0H85MGP35,UNOBSERVABLE,,NO_LOCAL_BYTES_FOR_OBSERVED_AMAZON_MAIN_URL,false,PASS_METADATA_AND_HASH_ALLOWLIST,7,VERIFIED_REQUIRED_INFOGRAPHIC,UNOBSERVABLE,FAIL_REPAIR_REQUIRED,FAIL_AND_NEEDS_EVIDENCE,"own-brand recipe contains individual pieces, not retail boxes/cases",true,FAIL_REPAIR_REQUIRED,MISMATCH,MISMATCH,MATCH,MATCH,MISMATCH,MISMATCH,true,true,OBSERVE_MAIN_THEN_KEEP_OR_REGENERATE|DOWNLOAD_AND_VISUALLY_VERIFY_LIVE_PRODUCT_SECONDARIES|REPAIR_TEXT_SEMANTICS|BIND_TEXT_AND_STRUCTURED_CLAIMS_TO_PHYSICAL_PACKAGE_EVIDENCE|REPAIR_CANONICAL_OFFER|CLEAR_OPERATIONAL_LISTING_ISSUES
RQ-AS0L-9B45,B0H85MQLHG,UNOBSERVABLE,,NO_LOCAL_BYTES_FOR_OBSERVED_AMAZON_MAIN_URL,false,PASS_METADATA_AND_HASH_ALLOWLIST,7,VERIFIED_REQUIRED_INFOGRAPHIC,UNOBSERVABLE,FAIL_REPAIR_REQUIRED,FAIL_AND_NEEDS_EVIDENCE,"content does not state 12 pieces for ""Smucker's Uncrustables Frozen Peanut Butter & Apple Cinnamon Jelly Sandwich – 12g Protein""",true,FAIL_REPAIR_REQUIRED,MISMATCH,MISMATCH,MATCH,MATCH,MATCH,MISMATCH,false,true,OBSERVE_MAIN_THEN_KEEP_OR_REGENERATE|DOWNLOAD_AND_VISUALLY_VERIFY_LIVE_PRODUCT_SECONDARIES|REPAIR_TEXT_SEMANTICS|BIND_TEXT_AND_STRUCTURED_CLAIMS_TO_PHYSICAL_PACKAGE_EVIDENCE|REPAIR_CANONICAL_OFFER|CLEAR_OPERATIONAL_LISTING_ISSUES
BD-AS8P-XAW5,B0H85MXFH8,UNOBSERVABLE,,NO_LOCAL_BYTES_FOR_OBSERVED_AMAZON_MAIN_URL,false,PASS_METADATA_AND_HASH_ALLOWLIST,7,VERIFIED_REQUIRED_INFOGRAPHIC,UNOBSERVABLE,FAIL_REPAIR_REQUIRED,FAIL_AND_NEEDS_EVIDENCE,"content does not state 12 pieces for ""Smucker's Uncrustables Frozen Peanut Butter & Apple Cinnamon Jelly Sandwich – 12g Protein""",true,FAIL_REPAIR_REQUIRED,MISMATCH,MISMATCH,MATCH,MATCH,MISMATCH,MISMATCH,true,true,OBSERVE_MAIN_THEN_KEEP_OR_REGENERATE|DOWNLOAD_AND_VISUALLY_VERIFY_LIVE_PRODUCT_SECONDARIES|REPAIR_TEXT_SEMANTICS|BIND_TEXT_AND_STRUCTURED_CLAIMS_TO_PHYSICAL_PACKAGE_EVIDENCE|REPAIR_CANONICAL_OFFER
ZP-ASJD-X7ZD,B0H85N7X8W,REGENERATE,5518355a28eb1f5cf2dafae5129e62e56bd068d0c647a6027a03d2e94ce58eb7,UNAPPROVED_COOLER_TEMPLATE_VISIBLE|INCORRECT_SALUTEM_LOGO_VISIBLE|INCORRECT_GEL_PACK_DESIGN_VISIBLE|UNACCEPTABLE_MAIN_IMAGE_COMPOSITION_VISIBLE,false,PASS_METADATA_AND_HASH_ALLOWLIST,7,VERIFIED_REQUIRED_INFOGRAPHIC,UNOBSERVABLE,FAIL_REPAIR_REQUIRED,FAIL_AND_NEEDS_EVIDENCE,own-brand content uses retail-count × pack-of multiplication,true,FAIL_REPAIR_REQUIRED,MISMATCH,MISMATCH,MATCH,MATCH,MATCH,MISMATCH,false,true,REGENERATE_MAIN|DOWNLOAD_AND_VISUALLY_VERIFY_LIVE_PRODUCT_SECONDARIES|REPAIR_TEXT_SEMANTICS|BIND_TEXT_AND_STRUCTURED_CLAIMS_TO_PHYSICAL_PACKAGE_EVIDENCE|REPAIR_CANONICAL_OFFER|CLEAR_OPERATIONAL_LISTING_ISSUES
TL-ASHN-ZRKG,B0H85P9F3R,REGENERATE,846005feea2a43108672aa5d4c65f272511d4332c5f7d449ba2ee437633c4e2b,UNAPPROVED_COOLER_TEMPLATE_VISIBLE|INCORRECT_SALUTEM_LOGO_VISIBLE|INCORRECT_GEL_PACK_DESIGN_VISIBLE|UNACCEPTABLE_MAIN_IMAGE_COMPOSITION_VISIBLE,true,PASS_METADATA_AND_HASH_ALLOWLIST,7,VERIFIED_REQUIRED_INFOGRAPHIC,UNOBSERVABLE,PASS_LIMITED_RULESET,NEEDS_EVIDENCE,,,FAIL_REPAIR_REQUIRED,MISMATCH,MISMATCH,MATCH,MATCH,MISMATCH,MISMATCH,true,true,REGENERATE_MAIN|DOWNLOAD_AND_VISUALLY_VERIFY_LIVE_PRODUCT_SECONDARIES|BIND_TEXT_AND_STRUCTURED_CLAIMS_TO_PHYSICAL_PACKAGE_EVIDENCE|REPAIR_CANONICAL_OFFER
RZ-AS26-WLRM,B0H85PJ516,REGENERATE,d30551fb1c2e5738c2bf526fd59c7f37695f82e113724bc9bbd7199bb2e6f8e9,UNAPPROVED_COOLER_TEMPLATE_VISIBLE|INCORRECT_SALUTEM_LOGO_VISIBLE|INCORRECT_GEL_PACK_DESIGN_VISIBLE|UNACCEPTABLE_MAIN_IMAGE_COMPOSITION_VISIBLE,false,PASS_METADATA_AND_HASH_ALLOWLIST,7,VERIFIED_REQUIRED_INFOGRAPHIC,UNOBSERVABLE,PASS_LIMITED_RULESET,NEEDS_EVIDENCE,,,FAIL_REPAIR_REQUIRED,MATCH,MISMATCH,MATCH,MATCH,MATCH,MISMATCH,true,true,REGENERATE_MAIN|DOWNLOAD_AND_VISUALLY_VERIFY_LIVE_PRODUCT_SECONDARIES|BIND_TEXT_AND_STRUCTURED_CLAIMS_TO_PHYSICAL_PACKAGE_EVIDENCE|REPAIR_CANONICAL_OFFER
VA-ASOK-QJCA,B0H85RZDX5,REGENERATE,c3c91ca192562b66a53a3841127aa4d7ee554de850d02cb5e148e2985c0f8dc4,UNAPPROVED_COOLER_TEMPLATE_VISIBLE|INCORRECT_SALUTEM_LOGO_VISIBLE|INCORRECT_GEL_PACK_DESIGN_VISIBLE|UNACCEPTABLE_MAIN_IMAGE_COMPOSITION_VISIBLE,false,PASS_METADATA_AND_HASH_ALLOWLIST,7,VERIFIED_REQUIRED_INFOGRAPHIC,UNOBSERVABLE,FAIL_REPAIR_REQUIRED,FAIL_AND_NEEDS_EVIDENCE,own-brand content uses retail-count × pack-of multiplication,true,FAIL_REPAIR_REQUIRED,MISMATCH,MISMATCH,MATCH,MATCH,MISMATCH,MISMATCH,true,true,REGENERATE_MAIN|DOWNLOAD_AND_VISUALLY_VERIFY_LIVE_PRODUCT_SECONDARIES|REPAIR_TEXT_SEMANTICS|BIND_TEXT_AND_STRUCTURED_CLAIMS_TO_PHYSICAL_PACKAGE_EVIDENCE|REPAIR_CANONICAL_OFFER|CLEAR_OPERATIONAL_LISTING_ISSUES
HA-ASCR-ME3A,B0H85V287S,REGENERATE,03e9749b052a72b529b38cd9d4112bb16ef743f09e17048648af31c1584f49ae,UNAPPROVED_COOLER_TEMPLATE_VISIBLE|INCORRECT_SALUTEM_LOGO_VISIBLE|INCORRECT_GEL_PACK_DESIGN_VISIBLE|UNACCEPTABLE_MAIN_IMAGE_COMPOSITION_VISIBLE,false,PASS_METADATA_AND_HASH_ALLOWLIST,7,VERIFIED_REQUIRED_INFOGRAPHIC,UNOBSERVABLE,FAIL_REPAIR_REQUIRED,FAIL_AND_NEEDS_EVIDENCE,"own-brand recipe contains individual pieces, not retail boxes/cases",true,FAIL_REPAIR_REQUIRED,MATCH,MISMATCH,MATCH,MATCH,MATCH,MISMATCH,false,true,REGENERATE_MAIN|DOWNLOAD_AND_VISUALLY_VERIFY_LIVE_PRODUCT_SECONDARIES|REPAIR_TEXT_SEMANTICS|BIND_TEXT_AND_STRUCTURED_CLAIMS_TO_PHYSICAL_PACKAGE_EVIDENCE|REPAIR_CANONICAL_OFFER|CLEAR_OPERATIONAL_LISTING_ISSUES
AN-ASUW-49Y5,B0H8628LW3,UNOBSERVABLE,,NO_LOCAL_BYTES_FOR_OBSERVED_AMAZON_MAIN_URL,false,PASS_METADATA_AND_HASH_ALLOWLIST,7,VERIFIED_REQUIRED_INFOGRAPHIC,UNOBSERVABLE,PASS_LIMITED_RULESET,NEEDS_EVIDENCE,,,FAIL_REPAIR_REQUIRED,MATCH,MISMATCH,MATCH,MATCH,MISMATCH,MISMATCH,true,true,OBSERVE_MAIN_THEN_KEEP_OR_REGENERATE|DOWNLOAD_AND_VISUALLY_VERIFY_LIVE_PRODUCT_SECONDARIES|BIND_TEXT_AND_STRUCTURED_CLAIMS_TO_PHYSICAL_PACKAGE_EVIDENCE|REPAIR_CANONICAL_OFFER
CK-ASUM-WT9W,B0H86PRTWS,UNOBSERVABLE,,NO_LOCAL_BYTES_FOR_OBSERVED_AMAZON_MAIN_URL,false,PASS_METADATA_AND_HASH_ALLOWLIST,7,VERIFIED_REQUIRED_INFOGRAPHIC,UNOBSERVABLE,FAIL_REPAIR_REQUIRED,FAIL_AND_NEEDS_EVIDENCE,own-brand content uses retail-count × pack-of multiplication,true,FAIL_REPAIR_REQUIRED,MATCH,MISMATCH,MATCH,MATCH,MATCH,MISMATCH,true,true,OBSERVE_MAIN_THEN_KEEP_OR_REGENERATE|DOWNLOAD_AND_VISUALLY_VERIFY_LIVE_PRODUCT_SECONDARIES|REPAIR_TEXT_SEMANTICS|BIND_TEXT_AND_STRUCTURED_CLAIMS_TO_PHYSICAL_PACKAGE_EVIDENCE|REPAIR_CANONICAL_OFFER
NM-ASEW-S2SK,B0H86TVN3C,UNOBSERVABLE,,NO_LOCAL_BYTES_FOR_OBSERVED_AMAZON_MAIN_URL,false,PASS_METADATA_AND_HASH_ALLOWLIST,5,VERIFIED_REQUIRED_INFOGRAPHIC,UNOBSERVABLE,PASS_LIMITED_RULESET,NEEDS_EVIDENCE,,,FAIL_REPAIR_REQUIRED,MISMATCH,MISMATCH,MATCH,MISMATCH,MISMATCH,MISMATCH,true,true,OBSERVE_MAIN_THEN_KEEP_OR_REGENERATE|DOWNLOAD_AND_VISUALLY_VERIFY_LIVE_PRODUCT_SECONDARIES|BIND_TEXT_AND_STRUCTURED_CLAIMS_TO_PHYSICAL_PACKAGE_EVIDENCE|REPAIR_CANONICAL_OFFER
BD-ASGH-LREJ,B0H86Z59DW,UNOBSERVABLE,,NO_LOCAL_BYTES_FOR_OBSERVED_AMAZON_MAIN_URL,false,PASS_METADATA_AND_HASH_ALLOWLIST,7,VERIFIED_REQUIRED_INFOGRAPHIC,UNOBSERVABLE,PASS_LIMITED_RULESET,NEEDS_EVIDENCE,,,FAIL_REPAIR_REQUIRED,MATCH,MISMATCH,MATCH,MATCH,MATCH,MISMATCH,true,true,OBSERVE_MAIN_THEN_KEEP_OR_REGENERATE|DOWNLOAD_AND_VISUALLY_VERIFY_LIVE_PRODUCT_SECONDARIES|BIND_TEXT_AND_STRUCTURED_CLAIMS_TO_PHYSICAL_PACKAGE_EVIDENCE|REPAIR_CANONICAL_OFFER
RS-AS47-M3K3,B0H87748WJ,UNOBSERVABLE,,NO_LOCAL_BYTES_FOR_OBSERVED_AMAZON_MAIN_URL,false,PASS_METADATA_AND_HASH_ALLOWLIST,7,VERIFIED_REQUIRED_INFOGRAPHIC,UNOBSERVABLE,PASS_LIMITED_RULESET,NEEDS_EVIDENCE,,,FAIL_REPAIR_REQUIRED,MATCH,MISMATCH,MATCH,MATCH,MISMATCH,MISMATCH,true,true,OBSERVE_MAIN_THEN_KEEP_OR_REGENERATE|DOWNLOAD_AND_VISUALLY_VERIFY_LIVE_PRODUCT_SECONDARIES|BIND_TEXT_AND_STRUCTURED_CLAIMS_TO_PHYSICAL_PACKAGE_EVIDENCE|REPAIR_CANONICAL_OFFER|CLEAR_OPERATIONAL_LISTING_ISSUES
EW-ASWP-PMZX,B0H891WSZ9,UNOBSERVABLE,,NO_LOCAL_BYTES_FOR_OBSERVED_AMAZON_MAIN_URL,false,PASS_METADATA_AND_HASH_ALLOWLIST,7,VERIFIED_REQUIRED_INFOGRAPHIC,UNOBSERVABLE,PASS_LIMITED_RULESET,NEEDS_EVIDENCE,,,FAIL_REPAIR_REQUIRED,MISMATCH,MISMATCH,MATCH,MATCH,MISMATCH,MISMATCH,true,true,OBSERVE_MAIN_THEN_KEEP_OR_REGENERATE|DOWNLOAD_AND_VISUALLY_VERIFY_LIVE_PRODUCT_SECONDARIES|BIND_TEXT_AND_STRUCTURED_CLAIMS_TO_PHYSICAL_PACKAGE_EVIDENCE|REPAIR_CANONICAL_OFFER
