ordinal,sku,asin,gate_status,readback_status,observed_at,secondary_total,fixed_card_occurrences,additional_total,additional_relevant,exact_recipe_images,shared_context_images,recipe_components_covered,recipe_components_required,blockers,primary_evidence_path,primary_evidence_sha256,row_evidence_sha256
1,AC-AS4J-B64F,B0H82ZZS2P,BLOCKED,POINT_IN_TIME_PASS_LATEST_READBACK_MISSING,2026-07-17T22:43:12.080Z,7,1,6,6,5,1,1,1,LATEST_LIVE_GALLERY_READBACK_REQUIRED,data/audits/uncrustables-live-gallery-fetch-20260718/manifest.json,aeea0813c67584d5d082186fca92535487b7a96de1dedd9e0e0bb67930944f02,d76a87c90d95b3feccf2f2cbe67b09156baf50304ef5a5872d77c605b764043f
2,AD-AS4H-QXZD,B0H82J6V9T,PASS,VERIFIED_3_STABLE_POST_WRITE_READS,2026-07-18T12:30:05.688Z,5,1,4,4,4,0,1,1,,data/repairs/checkpoints/8badb989fc9bc5ee9c7c/20260718T123005688Z-AD-AS4H-QXZD_media-VERIFIED-7f8cb8d8-b998-4bed-9c54-e16fafb34ae5.json,c475758f2183c674d623c17a98a1cb433f1d0672a5d330f352a74a7dee0d8bcc,9862d82ae31734f2589f19f438505008c3684eacd7fa584108414cbbfafdbd58
3,AG-ASKV-W9EN,B0H85B64V2,FAIL,POINT_IN_TIME_FAIL_REPAIR_NOT_APPLIED,2026-07-17T22:43:12.080Z,7,1,6,5,4,1,1,2,GALLERY_REPAIR_NOT_APPLIED;DISALLOWED_ASSET_SHA256;ASSET_HAS_POLICY_ISSUES;UNAPPROVED_SHARED_CONTEXT_ASSET;MISSING_RECIPE_COMPONENT:PB_STRAWBERRY;UNBALANCED_RECIPE_COMPONENT_COUNTS;NOT_RECIPE_COMPONENT_ROUND_ROBIN;LATEST_LIVE_GALLERY_READBACK_REQUIRED,data/audits/uncrustables-live-gallery-fetch-20260718/manifest.json,aeea0813c67584d5d082186fca92535487b7a96de1dedd9e0e0bb67930944f02,0234c5e1bf438233f6de4cb5bce456fb4ccb8f4e6477bca8f22641f9fbd5fa01
4,AJ-ASRB-HKC3,B0H84G7DHC,FAIL,POINT_IN_TIME_FAIL_REPAIR_NOT_APPLIED,2026-07-17T22:43:12.080Z,7,1,6,5,4,1,1,2,GALLERY_REPAIR_NOT_APPLIED;UNAPPROVED_SHARED_CONTEXT_ASSET;MISSING_RECIPE_COMPONENT:PB_MIXED_BERRY_MORNING_PROTEIN;UNBALANCED_RECIPE_COMPONENT_COUNTS;NOT_RECIPE_COMPONENT_ROUND_ROBIN;LATEST_LIVE_GALLERY_READBACK_REQUIRED,data/audits/uncrustables-live-gallery-fetch-20260718/manifest.json,aeea0813c67584d5d082186fca92535487b7a96de1dedd9e0e0bb67930944f02,ed97478176e8bb39006a8535d02eb157322a866269d8969069758056b4ddd057
5,AN-ASUW-49Y5,B0H8628LW3,FAIL,POINT_IN_TIME_FAIL_REPAIR_NOT_APPLIED,2026-07-17T22:43:12.080Z,7,1,6,5,5,0,1,2,GALLERY_REPAIR_NOT_APPLIED;DISALLOWED_ASSET_SHA256;ASSET_HAS_POLICY_ISSUES;UNAPPROVED_SHARED_CONTEXT_ASSET;MISSING_RECIPE_COMPONENT:PB_STRAWBERRY;UNBALANCED_RECIPE_COMPONENT_COUNTS;NOT_RECIPE_COMPONENT_ROUND_ROBIN;LATEST_LIVE_GALLERY_READBACK_REQUIRED,data/audits/uncrustables-live-gallery-fetch-20260718/manifest.json,aeea0813c67584d5d082186fca92535487b7a96de1dedd9e0e0bb67930944f02,0da4cb4773045ff2b5d6960f05122dd6ae1ea9ffa8b49942d654e30d868dce30
6,AU-AS97-USX8,B0H843Q9B5,FAIL,POINT_IN_TIME_FAIL_REPAIR_NOT_APPLIED,2026-07-17T22:43:12.080Z,7,1,6,5,4,1,1,2,GALLERY_REPAIR_NOT_APPLIED;UNAPPROVED_SHARED_CONTEXT_ASSET;MISSING_RECIPE_COMPONENT:PB_PLAIN;UNBALANCED_RECIPE_COMPONENT_COUNTS;NOT_RECIPE_COMPONENT_ROUND_ROBIN;LATEST_LIVE_GALLERY_READBACK_REQUIRED,data/audits/uncrustables-live-gallery-fetch-20260718/manifest.json,aeea0813c67584d5d082186fca92535487b7a96de1dedd9e0e0bb67930944f02,600a700f75705faf21a44a0407298529d6381a8b8228a1e0eff97f075186a5ce
7,AV-AS7X-8EXK,B0H82JTY19,FAIL,POINT_IN_TIME_FAIL_REPAIR_NOT_APPLIED,2026-07-17T22:43:12.080Z,7,1,6,5,4,1,1,1,GALLERY_REPAIR_NOT_APPLIED;DISALLOWED_ASSET_SHA256;ASSET_HAS_POLICY_ISSUES;UNAPPROVED_SHARED_CONTEXT_ASSET;LATEST_LIVE_GALLERY_READBACK_REQUIRED,data/audits/uncrustables-live-gallery-fetch-20260718/manifest.json,aeea0813c67584d5d082186fca92535487b7a96de1dedd9e0e0bb67930944f02,17479a0185ded8f4f1c379c8aee80fb7d656b52517a9f9e44c9fd511e4ed86f0
8,AY-AS5F-JEY9,B0H83MWTM7,FAIL,POINT_IN_TIME_FAIL_REPAIR_NOT_APPLIED,2026-07-17T22:43:12.080Z,7,1,6,5,4,1,1,1,GALLERY_REPAIR_NOT_APPLIED;DISALLOWED_ASSET_SHA256;ASSET_HAS_POLICY_ISSUES;UNAPPROVED_SHARED_CONTEXT_ASSET;LATEST_LIVE_GALLERY_READBACK_REQUIRED,data/audits/uncrustables-live-gallery-fetch-20260718/manifest.json,aeea0813c67584d5d082186fca92535487b7a96de1dedd9e0e0bb67930944f02,3f75f988ab6f6e540db2bfa4a38639cd161eb703b0a497fa63a246b3c318f075
9,AZ-ASMY-VEQ2,B0H788M8WM,PASS,VERIFIED_3_STABLE_POST_WRITE_READS,2026-07-18T15:00:50.701Z,6,1,5,5,5,0,1,1,,data/repairs/checkpoints/8badb989fc9bc5ee9c7c/20260718T150050701Z-AZ-ASMY-VEQ2_media-VERIFIED-3c8d931e-564e-40ba-b2e2-a3277fac035d.json,96a5fd0965f8cfaeabe552c350e606c1f1678e1d38a0251a86774c28274171e9,a1ad3c6b0f6990b46591e4b75c7d604a6ac1c58b940dae23b3038cdd871c2472
10,BD-AS8P-XAW5,B0H85MXFH8,FAIL,POINT_IN_TIME_FAIL_REPAIR_NOT_APPLIED,2026-07-17T22:43:12.080Z,7,1,6,6,5,1,1,2,GALLERY_REPAIR_NOT_APPLIED;MISSING_RECIPE_COMPONENT:PB_GRAPE;UNBALANCED_RECIPE_COMPONENT_COUNTS;NOT_RECIPE_COMPONENT_ROUND_ROBIN;LATEST_LIVE_GALLERY_READBACK_REQUIRED,data/audits/uncrustables-live-gallery-fetch-20260718/manifest.json,aeea0813c67584d5d082186fca92535487b7a96de1dedd9e0e0bb67930944f02,0cbba1412b4daca153ba5e7df4618e99c99ff7ea1ebdc36c106411781e694781
11,BD-ASGH-LREJ,B0H86Z59DW,FAIL,POINT_IN_TIME_FAIL_REPAIR_NOT_APPLIED,2026-07-17T22:43:12.080Z,7,1,6,5,4,1,1,2,GALLERY_REPAIR_NOT_APPLIED;DISALLOWED_ASSET_SHA256;ASSET_HAS_POLICY_ISSUES;UNAPPROVED_SHARED_CONTEXT_ASSET;MISSING_RECIPE_COMPONENT:WHOLE_WHEAT_PB_STRAWBERRY;UNBALANCED_RECIPE_COMPONENT_COUNTS;NOT_RECIPE_COMPONENT_ROUND_ROBIN;LATEST_LIVE_GALLERY_READBACK_REQUIRED,data/audits/uncrustables-live-gallery-fetch-20260718/manifest.json,aeea0813c67584d5d082186fca92535487b7a96de1dedd9e0e0bb67930944f02,eb9a9d34f9c22942db70157ebdfdfe00eaae340b52c66832645d978c8339ce05
12,BH-AS7H-D4FV,B0H853MCYZ,FAIL,POINT_IN_TIME_FAIL_REPAIR_NOT_APPLIED,2026-07-17T22:43:12.080Z,7,1,6,5,4,1,1,2,GALLERY_REPAIR_NOT_APPLIED;DISALLOWED_ASSET_SHA256;ASSET_HAS_POLICY_ISSUES;UNAPPROVED_SHARED_CONTEXT_ASSET;MISSING_RECIPE_COMPONENT:PB_BLACKBERRY;UNBALANCED_RECIPE_COMPONENT_COUNTS;NOT_RECIPE_COMPONENT_ROUND_ROBIN;LATEST_LIVE_GALLERY_READBACK_REQUIRED,data/audits/uncrustables-live-gallery-fetch-20260718/manifest.json,aeea0813c67584d5d082186fca92535487b7a96de1dedd9e0e0bb67930944f02,060ebe6084d4ccb932727e5694986f6a7dd53d4cb0f37cffa4b6c781388f65d1
13,BH-ASTN-S4XJ,B0H83ZRNCS,FAIL,POINT_IN_TIME_FAIL_REPAIR_NOT_APPLIED,2026-07-17T22:43:12.080Z,7,1,6,6,5,1,1,2,GALLERY_REPAIR_NOT_APPLIED;MISSING_RECIPE_COMPONENT:PB_BLACKBERRY;UNBALANCED_RECIPE_COMPONENT_COUNTS;NOT_RECIPE_COMPONENT_ROUND_ROBIN;LATEST_LIVE_GALLERY_READBACK_REQUIRED,data/audits/uncrustables-live-gallery-fetch-20260718/manifest.json,aeea0813c67584d5d082186fca92535487b7a96de1dedd9e0e0bb67930944f02,2b4afec5e0490319ade03dc3d1d6c9d5a6aed6a75d468d60f8462b511a6d46c7
14,BH-ASVY-CR8H,B0H83S368B,FAIL,POINT_IN_TIME_FAIL_REPAIR_NOT_APPLIED,2026-07-17T22:43:12.080Z,7,1,6,5,4,1,1,1,GALLERY_REPAIR_NOT_APPLIED;UNAPPROVED_SHARED_CONTEXT_ASSET;LATEST_LIVE_GALLERY_READBACK_REQUIRED,data/audits/uncrustables-live-gallery-fetch-20260718/manifest.json,aeea0813c67584d5d082186fca92535487b7a96de1dedd9e0e0bb67930944f02,2cf85c02b501f7e90834a0411dbe150d8da0567fd8ce6cbcc1f1c0a756a0a9d9
15,BK-AS5Z-8UY5,B0H85JF1V1,FAIL,POINT_IN_TIME_FAIL_REPAIR_NOT_APPLIED,2026-07-17T22:43:12.080Z,7,1,6,5,4,1,1,2,GALLERY_REPAIR_NOT_APPLIED;DISALLOWED_ASSET_SHA256;ASSET_HAS_POLICY_ISSUES;UNAPPROVED_SHARED_CONTEXT_ASSET;MISSING_RECIPE_COMPONENT:PB_BLACKBERRY;UNBALANCED_RECIPE_COMPONENT_COUNTS;NOT_RECIPE_COMPONENT_ROUND_ROBIN;LATEST_LIVE_GALLERY_READBACK_REQUIRED,data/audits/uncrustables-live-gallery-fetch-20260718/manifest.json,aeea0813c67584d5d082186fca92535487b7a96de1dedd9e0e0bb67930944f02,1bb83bbd912d56a3a0d52d92b70e4e249417a5f6e5737a3aecb270e8f6edac0c
16,BM-AS5J-3MQY,B0H83LSCQQ,FAIL,POINT_IN_TIME_FAIL_REPAIR_NOT_APPLIED,2026-07-17T22:43:12.080Z,5,1,4,3,3,0,1,1,GALLERY_REPAIR_NOT_APPLIED;DISALLOWED_ASSET_SHA256;ASSET_HAS_POLICY_ISSUES;UNAPPROVED_SHARED_CONTEXT_ASSET;LATEST_LIVE_GALLERY_READBACK_REQUIRED,data/audits/uncrustables-live-gallery-fetch-20260718/manifest.json,aeea0813c67584d5d082186fca92535487b7a96de1dedd9e0e0bb67930944f02,cbf91296d092cd0d1f2df5c6b23e2dde24e56324158a87e2bc173ebe12312cfb
17,BQ-ASUE-NT37,B0H842HL49,FAIL,POINT_IN_TIME_FAIL_REPAIR_NOT_APPLIED,2026-07-17T22:43:12.080Z,7,1,6,6,5,1,1,2,GALLERY_REPAIR_NOT_APPLIED;MISSING_RECIPE_COMPONENT:WHOLE_WHEAT_PB_GRAPE;UNBALANCED_RECIPE_COMPONENT_COUNTS;NOT_RECIPE_COMPONENT_ROUND_ROBIN;LATEST_LIVE_GALLERY_READBACK_REQUIRED,data/audits/uncrustables-live-gallery-fetch-20260718/manifest.json,aeea0813c67584d5d082186fca92535487b7a96de1dedd9e0e0bb67930944f02,ab53163ad99a0c9a247fcdcccfd26e1c4c9907e66e1f6345f2fe2bbe21e6b8ff
18,BX-AS5P-6WQV,B0H83NM5PX,BLOCKED,POINT_IN_TIME_PASS_LATEST_READBACK_MISSING,2026-07-17T22:43:12.080Z,7,1,6,6,6,0,1,1,LATEST_LIVE_GALLERY_READBACK_REQUIRED,data/audits/uncrustables-live-gallery-fetch-20260718/manifest.json,aeea0813c67584d5d082186fca92535487b7a96de1dedd9e0e0bb67930944f02,74f3da6b593d4ece28020407bf9b19830f6024f28c52d91a3e358b30e70396bc
19,BY-ASY2-8UJJ,B0H83789KC,FAIL,POINT_IN_TIME_FAIL_REPAIR_NOT_APPLIED,2026-07-17T22:43:12.080Z,7,1,6,5,4,1,1,1,GALLERY_REPAIR_NOT_APPLIED;DISALLOWED_ASSET_SHA256;ASSET_HAS_POLICY_ISSUES;UNAPPROVED_SHARED_CONTEXT_ASSET;LATEST_LIVE_GALLERY_READBACK_REQUIRED,data/audits/uncrustables-live-gallery-fetch-20260718/manifest.json,aeea0813c67584d5d082186fca92535487b7a96de1dedd9e0e0bb67930944f02,c9c2121f7d8a2ee81376929b3080de0ec8209ddbcdf99e45798a4018010dd75f
20,CE-ASGK-ZRHM,B0H84651LM,FAIL,POINT_IN_TIME_FAIL_REPAIR_NOT_APPLIED,2026-07-17T22:43:12.080Z,7,1,6,6,5,1,1,2,GALLERY_REPAIR_NOT_APPLIED;MISSING_RECIPE_COMPONENT:PB_BLUEBERRY_PROTEIN;UNBALANCED_RECIPE_COMPONENT_COUNTS;NOT_RECIPE_COMPONENT_ROUND_ROBIN;LATEST_LIVE_GALLERY_READBACK_REQUIRED,data/audits/uncrustables-live-gallery-fetch-20260718/manifest.json,aeea0813c67584d5d082186fca92535487b7a96de1dedd9e0e0bb67930944f02,7d6c41399527fd4d6fe3cfb660cce62ad3001d4d5e84533444c8654d822cbc24
21,CK-ASUM-WT9W,B0H86PRTWS,FAIL,POINT_IN_TIME_FAIL_REPAIR_NOT_APPLIED,2026-07-17T22:43:12.080Z,7,1,6,5,5,0,1,2,GALLERY_REPAIR_NOT_APPLIED;DISALLOWED_ASSET_SHA256;ASSET_HAS_POLICY_ISSUES;UNAPPROVED_SHARED_CONTEXT_ASSET;MISSING_RECIPE_COMPONENT:PB_BLUEBERRY_PROTEIN;UNBALANCED_RECIPE_COMPONENT_COUNTS;NOT_RECIPE_COMPONENT_ROUND_ROBIN;LATEST_LIVE_GALLERY_READBACK_REQUIRED,data/audits/uncrustables-live-gallery-fetch-20260718/manifest.json,aeea0813c67584d5d082186fca92535487b7a96de1dedd9e0e0bb67930944f02,0b01a05ce26ce2b83f5342ba9466a06422240e1164e98d021049b67051999d04
22,CN-ASG6-892G,B0H8422DQ1,BLOCKED,POINT_IN_TIME_PASS_LATEST_READBACK_MISSING,2026-07-17T22:43:12.080Z,7,1,6,6,5,1,1,1,LATEST_LIVE_GALLERY_READBACK_REQUIRED,data/audits/uncrustables-live-gallery-fetch-20260718/manifest.json,aeea0813c67584d5d082186fca92535487b7a96de1dedd9e0e0bb67930944f02,c21566481f04802adf0dfabd55d5f652154216fdb5c1753286fb027d00e387b4
23,DA-ASF0-D7RG,B0H83VBTLT,FAIL,POINT_IN_TIME_FAIL_REPAIR_NOT_APPLIED,2026-07-17T22:43:12.080Z,7,1,6,5,5,0,1,1,GALLERY_REPAIR_NOT_APPLIED;DISALLOWED_ASSET_SHA256;ASSET_HAS_POLICY_ISSUES;UNAPPROVED_SHARED_CONTEXT_ASSET;LATEST_LIVE_GALLERY_READBACK_REQUIRED,data/audits/uncrustables-live-gallery-fetch-20260718/manifest.json,aeea0813c67584d5d082186fca92535487b7a96de1dedd9e0e0bb67930944f02,f2087747f1d7f5908d684f6721bd5480d7a92f8052050113f410cea3a5369d74
24,DF-ASQT-BLUQ,B0H83FKSN6,BLOCKED,POINT_IN_TIME_PASS_LATEST_READBACK_MISSING,2026-07-17T22:43:12.080Z,7,1,6,6,5,1,1,1,LATEST_LIVE_GALLERY_READBACK_REQUIRED,data/audits/uncrustables-live-gallery-fetch-20260718/manifest.json,aeea0813c67584d5d082186fca92535487b7a96de1dedd9e0e0bb67930944f02,f280915e08ad88ceb756205614e3dbce8f273798c673a7a5aed456a9e3840118
25,DP-ASQ6-ZPZU,B0H83Y8JH7,FAIL,POINT_IN_TIME_FAIL_REPAIR_NOT_APPLIED,2026-07-17T22:43:12.080Z,7,1,6,6,5,1,1,2,GALLERY_REPAIR_NOT_APPLIED;MISSING_RECIPE_COMPONENT:PB_PLAIN;UNBALANCED_RECIPE_COMPONENT_COUNTS;NOT_RECIPE_COMPONENT_ROUND_ROBIN;LATEST_LIVE_GALLERY_READBACK_REQUIRED,data/audits/uncrustables-live-gallery-fetch-20260718/manifest.json,aeea0813c67584d5d082186fca92535487b7a96de1dedd9e0e0bb67930944f02,8cc666e48ef0ba0be744b19fa70541930b4cd1a7dfa0c5b5586215eb49a70832
26,DY-AS8W-6MJG,B0H82MKPRJ,BLOCKED,POINT_IN_TIME_PASS_LATEST_READBACK_MISSING,2026-07-17T22:43:12.080Z,7,1,6,6,6,0,1,1,LATEST_LIVE_GALLERY_READBACK_REQUIRED,data/audits/uncrustables-live-gallery-fetch-20260718/manifest.json,aeea0813c67584d5d082186fca92535487b7a96de1dedd9e0e0bb67930944f02,f4fed2e1b0d76b60a58fde9c9b7c2cd767cca8c80ac6b7f3336dc7aea12e03d0
27,EF-AS4A-JCLU,B0H83XB855,FAIL,POINT_IN_TIME_FAIL_REPAIR_NOT_APPLIED,2026-07-17T22:43:12.080Z,7,1,6,6,5,1,1,2,GALLERY_REPAIR_NOT_APPLIED;MISSING_RECIPE_COMPONENT:CHOCOLATE_HAZELNUT;UNBALANCED_RECIPE_COMPONENT_COUNTS;NOT_RECIPE_COMPONENT_ROUND_ROBIN;LATEST_LIVE_GALLERY_READBACK_REQUIRED,data/audits/uncrustables-live-gallery-fetch-20260718/manifest.json,aeea0813c67584d5d082186fca92535487b7a96de1dedd9e0e0bb67930944f02,738e45d965d4425ec3642d2802e3d5970e89adf6a24afd9b26718f25fa738856
28,EJ-ASCD-8K87,B0H82PXWKS,FAIL,POINT_IN_TIME_FAIL_REPAIR_NOT_APPLIED,2026-07-17T22:43:12.080Z,7,1,6,5,4,1,1,1,GALLERY_REPAIR_NOT_APPLIED;UNAPPROVED_SHARED_CONTEXT_ASSET;LATEST_LIVE_GALLERY_READBACK_REQUIRED,data/audits/uncrustables-live-gallery-fetch-20260718/manifest.json,aeea0813c67584d5d082186fca92535487b7a96de1dedd9e0e0bb67930944f02,382ef2b744ab3641d3ed7cd99d15387105ba80800e74b734a9ae8d785c5c8357
29,ER-ASRK-TPYQ,B0H84JH1WN,FAIL,POINT_IN_TIME_FAIL_REPAIR_NOT_APPLIED,2026-07-17T22:43:12.080Z,7,1,6,5,4,1,1,2,GALLERY_REPAIR_NOT_APPLIED;UNAPPROVED_SHARED_CONTEXT_ASSET;MISSING_RECIPE_COMPONENT:PB_BLUEBERRY_PROTEIN;UNBALANCED_RECIPE_COMPONENT_COUNTS;NOT_RECIPE_COMPONENT_ROUND_ROBIN;LATEST_LIVE_GALLERY_READBACK_REQUIRED,data/audits/uncrustables-live-gallery-fetch-20260718/manifest.json,aeea0813c67584d5d082186fca92535487b7a96de1dedd9e0e0bb67930944f02,9681c89b45383ef67a763f8cea08c3bc3079c2d486a5918cd61ce2ab5d2ea1a5
30,ES-AS8A-3W3M,B0H83D8TFQ,BLOCKED,POINT_IN_TIME_PASS_LATEST_READBACK_MISSING,2026-07-17T22:43:12.080Z,7,1,6,6,5,1,1,1,LATEST_LIVE_GALLERY_READBACK_REQUIRED,data/audits/uncrustables-live-gallery-fetch-20260718/manifest.json,aeea0813c67584d5d082186fca92535487b7a96de1dedd9e0e0bb67930944f02,fcab12ffc3f2d529930c3f14ad55f6f8c75e771af421d74c419525fa4cac3a27
31,EW-ASJ9-E79N,B0H82MT74H,BLOCKED,POINT_IN_TIME_PASS_LATEST_READBACK_MISSING,2026-07-17T22:43:12.080Z,7,1,6,6,5,1,1,1,LATEST_LIVE_GALLERY_READBACK_REQUIRED,data/audits/uncrustables-live-gallery-fetch-20260718/manifest.json,aeea0813c67584d5d082186fca92535487b7a96de1dedd9e0e0bb67930944f02,c87dde82052cde8199e332aa8003d267620c510b3054b49a4d47e498a5cdaa48
32,EW-ASWP-PMZX,B0H891WSZ9,BLOCKED,POINT_IN_TIME_PASS_LATEST_READBACK_MISSING,2026-07-17T22:43:12.080Z,7,1,6,6,5,1,1,1,LATEST_LIVE_GALLERY_READBACK_REQUIRED,data/audits/uncrustables-live-gallery-fetch-20260718/manifest.json,aeea0813c67584d5d082186fca92535487b7a96de1dedd9e0e0bb67930944f02,c90ddfcce51d5721dac564b2bbf7635a0b97cb07310060d3c159cc0ea9735d22
33,EX-ASC0-5CRL,B0H83JJW1F,FAIL,POINT_IN_TIME_FAIL_REPAIR_NOT_APPLIED,2026-07-17T22:43:12.080Z,5,1,4,3,3,0,1,1,GALLERY_REPAIR_NOT_APPLIED;DISALLOWED_ASSET_SHA256;ASSET_HAS_POLICY_ISSUES;UNAPPROVED_SHARED_CONTEXT_ASSET;LATEST_LIVE_GALLERY_READBACK_REQUIRED,data/audits/uncrustables-live-gallery-fetch-20260718/manifest.json,aeea0813c67584d5d082186fca92535487b7a96de1dedd9e0e0bb67930944f02,434430b2c318dc014ace5f2d9c98e5b361ba114eb124e9395b659e49f847610b
34,EZ-ASLA-Y7MZ,B0H83GBJLW,FAIL,POINT_IN_TIME_FAIL_REPAIR_NOT_APPLIED,2026-07-17T22:43:12.080Z,7,1,6,5,4,1,1,1,GALLERY_REPAIR_NOT_APPLIED;DISALLOWED_ASSET_SHA256;ASSET_HAS_POLICY_ISSUES;UNAPPROVED_SHARED_CONTEXT_ASSET;LATEST_LIVE_GALLERY_READBACK_REQUIRED,data/audits/uncrustables-live-gallery-fetch-20260718/manifest.json,aeea0813c67584d5d082186fca92535487b7a96de1dedd9e0e0bb67930944f02,d00b42954bee9ff6eac1e0ca64e8fd6945acc304c320beb94d491b006332e251
35,FK-AS6B-6G25,B0H8259J9G,BLOCKED,POINT_IN_TIME_PASS_LATEST_READBACK_MISSING,2026-07-17T22:43:12.080Z,7,1,6,6,6,0,1,1,LATEST_LIVE_GALLERY_READBACK_REQUIRED,data/audits/uncrustables-live-gallery-fetch-20260718/manifest.json,aeea0813c67584d5d082186fca92535487b7a96de1dedd9e0e0bb67930944f02,0c546858a0b185a074aeb08f40d3a01958bcf9795ec4c046b3f22eb0081e552a
36,FM-AS51-S4MT,B0H853VHRF,FAIL,POINT_IN_TIME_FAIL_REPAIR_NOT_APPLIED,2026-07-17T22:43:12.080Z,7,1,6,5,4,1,1,2,GALLERY_REPAIR_NOT_APPLIED;DISALLOWED_ASSET_SHA256;ASSET_HAS_POLICY_ISSUES;UNAPPROVED_SHARED_CONTEXT_ASSET;MISSING_RECIPE_COMPONENT:PB_CHOCOLATE_FLAVORED_SPREAD;UNBALANCED_RECIPE_COMPONENT_COUNTS;NOT_RECIPE_COMPONENT_ROUND_ROBIN;LATEST_LIVE_GALLERY_READBACK_REQUIRED,data/audits/uncrustables-live-gallery-fetch-20260718/manifest.json,aeea0813c67584d5d082186fca92535487b7a96de1dedd9e0e0bb67930944f02,6a8a747dc9242a405ca2af2b056cfb881d46c66e67d1e0659f850e6871d39d35
37,FN-ASVM-UWAG,B0H85J88LJ,FAIL,POINT_IN_TIME_FAIL_REPAIR_NOT_APPLIED,2026-07-17T22:43:12.080Z,7,1,6,5,4,1,1,2,GALLERY_REPAIR_NOT_APPLIED;DISALLOWED_ASSET_SHA256;ASSET_HAS_POLICY_ISSUES;UNAPPROVED_SHARED_CONTEXT_ASSET;MISSING_RECIPE_COMPONENT:WHOLE_WHEAT_PB_GRAPE;UNBALANCED_RECIPE_COMPONENT_COUNTS;NOT_RECIPE_COMPONENT_ROUND_ROBIN;LATEST_LIVE_GALLERY_READBACK_REQUIRED,data/audits/uncrustables-live-gallery-fetch-20260718/manifest.json,aeea0813c67584d5d082186fca92535487b7a96de1dedd9e0e0bb67930944f02,1f26f3a8c10cf4d1c4a9dfd475d7b1213106e02f6f7129b92f5e1d1810f0f9a7
38,FR-AS6X-5KJY,B0H827V9DJ,FAIL,POINT_IN_TIME_FAIL_REPAIR_NOT_APPLIED,2026-07-17T22:43:12.080Z,7,1,6,5,5,0,1,1,GALLERY_REPAIR_NOT_APPLIED;DISALLOWED_ASSET_SHA256;ASSET_HAS_POLICY_ISSUES;UNAPPROVED_SHARED_CONTEXT_ASSET;LATEST_LIVE_GALLERY_READBACK_REQUIRED,data/audits/uncrustables-live-gallery-fetch-20260718/manifest.json,aeea0813c67584d5d082186fca92535487b7a96de1dedd9e0e0bb67930944f02,563c20a146fc9eb737fadbbba1ae292361343caca27491961cae4415f0298e70
39,FV-AS47-EJZW,B0H82SZSYJ,BLOCKED,POINT_IN_TIME_PASS_LATEST_READBACK_MISSING,2026-07-17T22:43:12.080Z,7,1,6,6,5,1,1,1,LATEST_LIVE_GALLERY_READBACK_REQUIRED,data/audits/uncrustables-live-gallery-fetch-20260718/manifest.json,aeea0813c67584d5d082186fca92535487b7a96de1dedd9e0e0bb67930944f02,796aed3e95a33479ddb41044f237c9551cd6710c9aa6615c486f866ed68df92d
40,FX-AS2W-KHZT,B0H827J2XZ,BLOCKED,POINT_IN_TIME_PASS_LATEST_READBACK_MISSING,2026-07-17T22:43:12.080Z,7,1,6,6,5,1,1,1,LATEST_LIVE_GALLERY_READBACK_REQUIRED,data/audits/uncrustables-live-gallery-fetch-20260718/manifest.json,aeea0813c67584d5d082186fca92535487b7a96de1dedd9e0e0bb67930944f02,33d430ae9c162463915732fe227b71631ccfc014703953cde50167f78b6a4345
41,GG-ASNC-C9WA,B0H8219Z7T,FAIL,POINT_IN_TIME_FAIL_REPAIR_NOT_APPLIED,2026-07-17T22:43:12.080Z,7,1,6,5,5,0,1,1,GALLERY_REPAIR_NOT_APPLIED;DISALLOWED_ASSET_SHA256;ASSET_HAS_POLICY_ISSUES;UNAPPROVED_SHARED_CONTEXT_ASSET;LATEST_LIVE_GALLERY_READBACK_REQUIRED,data/audits/uncrustables-live-gallery-fetch-20260718/manifest.json,aeea0813c67584d5d082186fca92535487b7a96de1dedd9e0e0bb67930944f02,85a41a8000c6fcfb23f6c05c97a11454f2436c8185a05161dd8303f5a5d753d6
42,GR-AS0R-YPCF,B0H82GJ292,FAIL,POINT_IN_TIME_FAIL_REPAIR_NOT_APPLIED,2026-07-17T22:43:12.080Z,7,1,6,5,4,1,1,1,GALLERY_REPAIR_NOT_APPLIED;DISALLOWED_ASSET_SHA256;ASSET_HAS_POLICY_ISSUES;UNAPPROVED_SHARED_CONTEXT_ASSET;LATEST_LIVE_GALLERY_READBACK_REQUIRED,data/audits/uncrustables-live-gallery-fetch-20260718/manifest.json,aeea0813c67584d5d082186fca92535487b7a96de1dedd9e0e0bb67930944f02,95bab7f49e4fecb5454fb977ff213eefa48674286544e03418ac21d6867aff79
43,GR-AS1P-DBB2,B0H82S7TFG,FAIL,POINT_IN_TIME_FAIL_REPAIR_NOT_APPLIED,2026-07-17T22:43:12.080Z,7,1,6,5,5,0,1,1,GALLERY_REPAIR_NOT_APPLIED;DISALLOWED_ASSET_SHA256;ASSET_HAS_POLICY_ISSUES;UNAPPROVED_SHARED_CONTEXT_ASSET;LATEST_LIVE_GALLERY_READBACK_REQUIRED,data/audits/uncrustables-live-gallery-fetch-20260718/manifest.json,aeea0813c67584d5d082186fca92535487b7a96de1dedd9e0e0bb67930944f02,1c3498bac023edf50facc0e90f8df383182aacdce438480a51a553d5a80dc389
44,GU-ASQ1-S7M6,B0H828GQLP,FAIL,POINT_IN_TIME_FAIL_REPAIR_NOT_APPLIED,2026-07-17T22:43:12.080Z,7,1,6,5,4,1,1,1,GALLERY_REPAIR_NOT_APPLIED;UNAPPROVED_SHARED_CONTEXT_ASSET;LATEST_LIVE_GALLERY_READBACK_REQUIRED,data/audits/uncrustables-live-gallery-fetch-20260718/manifest.json,aeea0813c67584d5d082186fca92535487b7a96de1dedd9e0e0bb67930944f02,e4b3c18ce173d132e4dffb5715c64639d0df38c5347c3a794caad185b1ad86ae
45,GX-ASTJ-WHV3,B0H83XV9WX,FAIL,POINT_IN_TIME_FAIL_REPAIR_NOT_APPLIED,2026-07-17T22:43:12.080Z,7,1,6,6,5,1,1,2,GALLERY_REPAIR_NOT_APPLIED;MISSING_RECIPE_COMPONENT:PB_APPLE_CINNAMON_PROTEIN;UNBALANCED_RECIPE_COMPONENT_COUNTS;NOT_RECIPE_COMPONENT_ROUND_ROBIN;LATEST_LIVE_GALLERY_READBACK_REQUIRED,data/audits/uncrustables-live-gallery-fetch-20260718/manifest.json,aeea0813c67584d5d082186fca92535487b7a96de1dedd9e0e0bb67930944f02,f9e3c66ae3cc163b4edd29c0af62c373d55fc9c832ae2196b7ffa262ef616a9f
46,HA-ASCR-ME3A,B0H85V287S,FAIL,POINT_IN_TIME_FAIL_REPAIR_NOT_APPLIED,2026-07-17T22:43:12.080Z,7,1,6,6,5,1,1,2,GALLERY_REPAIR_NOT_APPLIED;MISSING_RECIPE_COMPONENT:PB_CHOCOLATE_FLAVORED_SPREAD;UNBALANCED_RECIPE_COMPONENT_COUNTS;NOT_RECIPE_COMPONENT_ROUND_ROBIN;LATEST_LIVE_GALLERY_READBACK_REQUIRED,data/audits/uncrustables-live-gallery-fetch-20260718/manifest.json,aeea0813c67584d5d082186fca92535487b7a96de1dedd9e0e0bb67930944f02,966a6b8d2582e1d45ce980392036ed9bd5e019a7be45b758fa7ed075de1a12bf
47,HD-ASEQ-MFAY,B0H83QW85C,BLOCKED,POINT_IN_TIME_PASS_LATEST_READBACK_MISSING,2026-07-17T22:43:12.080Z,7,1,6,6,5,1,1,1,LATEST_LIVE_GALLERY_READBACK_REQUIRED,data/audits/uncrustables-live-gallery-fetch-20260718/manifest.json,aeea0813c67584d5d082186fca92535487b7a96de1dedd9e0e0bb67930944f02,9ac626f058e94da2c59184c50791874a5ed105458db9de75dcf5cf0d0fe47576
48,HR-AS7Q-7ZDF,B0H856RRRK,FAIL,POINT_IN_TIME_FAIL_REPAIR_NOT_APPLIED,2026-07-17T22:43:12.080Z,7,1,6,5,4,1,1,2,GALLERY_REPAIR_NOT_APPLIED;DISALLOWED_ASSET_SHA256;ASSET_HAS_POLICY_ISSUES;UNAPPROVED_SHARED_CONTEXT_ASSET;MISSING_RECIPE_COMPONENT:PB_CHOCOLATE_FLAVORED_SPREAD;UNBALANCED_RECIPE_COMPONENT_COUNTS;NOT_RECIPE_COMPONENT_ROUND_ROBIN;LATEST_LIVE_GALLERY_READBACK_REQUIRED,data/audits/uncrustables-live-gallery-fetch-20260718/manifest.json,aeea0813c67584d5d082186fca92535487b7a96de1dedd9e0e0bb67930944f02,10e626d662eff1d4e25398b927eb0740593d261aa1f5ca391b3e90a5ef4041b2
49,HU-ASMI-DN3X,B0H82YMT6K,BLOCKED,POINT_IN_TIME_PASS_LATEST_READBACK_MISSING,2026-07-17T22:43:12.080Z,7,1,6,6,6,0,1,1,LATEST_LIVE_GALLERY_READBACK_REQUIRED,data/audits/uncrustables-live-gallery-fetch-20260718/manifest.json,aeea0813c67584d5d082186fca92535487b7a96de1dedd9e0e0bb67930944f02,edfc21c64e0f54c3bece297581f600c13bcf091b27e4db583d38b6659a3615e4
50,HX-ASO8-XCL2,B0H832SD15,FAIL,POINT_IN_TIME_FAIL_REPAIR_NOT_APPLIED,2026-07-17T22:43:12.080Z,7,1,6,5,5,0,1,1,GALLERY_REPAIR_NOT_APPLIED;DISALLOWED_ASSET_SHA256;ASSET_HAS_POLICY_ISSUES;UNAPPROVED_SHARED_CONTEXT_ASSET;LATEST_LIVE_GALLERY_READBACK_REQUIRED,data/audits/uncrustables-live-gallery-fetch-20260718/manifest.json,aeea0813c67584d5d082186fca92535487b7a96de1dedd9e0e0bb67930944f02,c1f316d19ecc84496822999214428664aa2425327bb48678d6b5e9370bb48ff8
51,HZ-ASPS-4L22,B0H857K38C,FAIL,POINT_IN_TIME_FAIL_REPAIR_NOT_APPLIED,2026-07-17T22:43:12.080Z,7,1,6,5,4,1,1,2,GALLERY_REPAIR_NOT_APPLIED;DISALLOWED_ASSET_SHA256;ASSET_HAS_POLICY_ISSUES;UNAPPROVED_SHARED_CONTEXT_ASSET;MISSING_RECIPE_COMPONENT:PB_BLUEBERRY_PROTEIN;UNBALANCED_RECIPE_COMPONENT_COUNTS;NOT_RECIPE_COMPONENT_ROUND_ROBIN;LATEST_LIVE_GALLERY_READBACK_REQUIRED,data/audits/uncrustables-live-gallery-fetch-20260718/manifest.json,aeea0813c67584d5d082186fca92535487b7a96de1dedd9e0e0bb67930944f02,c5e04c42bb192650c97aefc3a6191d49130a8ff377ec8981798e100266282cb2
52,JC-ASM4-XXW7,B0H84ZL156,FAIL,POINT_IN_TIME_FAIL_REPAIR_NOT_APPLIED,2026-07-17T22:43:12.080Z,7,1,6,6,5,1,1,2,GALLERY_REPAIR_NOT_APPLIED;MISSING_RECIPE_COMPONENT:PB_BLACKBERRY;UNBALANCED_RECIPE_COMPONENT_COUNTS;NOT_RECIPE_COMPONENT_ROUND_ROBIN;LATEST_LIVE_GALLERY_READBACK_REQUIRED,data/audits/uncrustables-live-gallery-fetch-20260718/manifest.json,aeea0813c67584d5d082186fca92535487b7a96de1dedd9e0e0bb67930944f02,5770f870b386b19311fd8e2ba5500027fb7b92b4098272ccedeba6b4da6d5ead
53,JH-ASV9-Z46X,B0H8369PMK,BLOCKED,POINT_IN_TIME_PASS_LATEST_READBACK_MISSING,2026-07-17T22:43:12.080Z,7,1,6,6,5,1,1,1,LATEST_LIVE_GALLERY_READBACK_REQUIRED,data/audits/uncrustables-live-gallery-fetch-20260718/manifest.json,aeea0813c67584d5d082186fca92535487b7a96de1dedd9e0e0bb67930944f02,d2a4d682d2152176fcd1e6a622f47687067350af152fa2032a2bdaaf39ca93c2
54,JL-ASUC-JUZE,B0H831MXGD,FAIL,POINT_IN_TIME_FAIL_REPAIR_NOT_APPLIED,2026-07-17T22:43:12.080Z,7,1,6,5,4,1,1,1,GALLERY_REPAIR_NOT_APPLIED;DISALLOWED_ASSET_SHA256;ASSET_HAS_POLICY_ISSUES;UNAPPROVED_SHARED_CONTEXT_ASSET;LATEST_LIVE_GALLERY_READBACK_REQUIRED,data/audits/uncrustables-live-gallery-fetch-20260718/manifest.json,aeea0813c67584d5d082186fca92535487b7a96de1dedd9e0e0bb67930944f02,a9a4a0718bcbf1eee99bfaa44710d574b7a37a4b2e1920686725260d5a34422e
55,JS-AS5F-QB8T,B0H822TJ7C,BLOCKED,POINT_IN_TIME_PASS_LATEST_READBACK_MISSING,2026-07-17T22:43:12.080Z,7,1,6,6,5,1,1,1,LATEST_LIVE_GALLERY_READBACK_REQUIRED,data/audits/uncrustables-live-gallery-fetch-20260718/manifest.json,aeea0813c67584d5d082186fca92535487b7a96de1dedd9e0e0bb67930944f02,9aa38880c69cd1c257f37a87197583d5c7553739e7796f22eb1915866e9fefdf
56,JT-ASKD-KS8T,B0H83Z6S3Q,FAIL,POINT_IN_TIME_FAIL_REPAIR_NOT_APPLIED,2026-07-17T22:43:12.080Z,7,1,6,5,5,0,1,1,GALLERY_REPAIR_NOT_APPLIED;DISALLOWED_ASSET_SHA256;ASSET_HAS_POLICY_ISSUES;UNAPPROVED_SHARED_CONTEXT_ASSET;LATEST_LIVE_GALLERY_READBACK_REQUIRED,data/audits/uncrustables-live-gallery-fetch-20260718/manifest.json,aeea0813c67584d5d082186fca92535487b7a96de1dedd9e0e0bb67930944f02,e9bfec4e2ef91b372213e1090ce90cb2708016396ef1bc4a9d374d3ccd88fb2f
57,JU-ASM0-KV4Z,B0H8462L4S,FAIL,POINT_IN_TIME_FAIL_REPAIR_NOT_APPLIED,2026-07-17T22:43:12.080Z,7,1,6,5,4,1,1,2,GALLERY_REPAIR_NOT_APPLIED;UNAPPROVED_SHARED_CONTEXT_ASSET;MISSING_RECIPE_COMPONENT:WHOLE_WHEAT_PB_GRAPE;UNBALANCED_RECIPE_COMPONENT_COUNTS;NOT_RECIPE_COMPONENT_ROUND_ROBIN;LATEST_LIVE_GALLERY_READBACK_REQUIRED,data/audits/uncrustables-live-gallery-fetch-20260718/manifest.json,aeea0813c67584d5d082186fca92535487b7a96de1dedd9e0e0bb67930944f02,3b7e49474b5a1c1bdc4ca19d656a49aae633e5dfba40a5bf005a502032acbbb4
58,JU-ASYC-SSJD,B0H854C7SZ,FAIL,POINT_IN_TIME_FAIL_REPAIR_NOT_APPLIED,2026-07-17T22:43:12.080Z,7,1,6,5,4,1,1,2,GALLERY_REPAIR_NOT_APPLIED;DISALLOWED_ASSET_SHA256;ASSET_HAS_POLICY_ISSUES;UNAPPROVED_SHARED_CONTEXT_ASSET;MISSING_RECIPE_COMPONENT:WHOLE_WHEAT_PB_GRAPE;UNBALANCED_RECIPE_COMPONENT_COUNTS;NOT_RECIPE_COMPONENT_ROUND_ROBIN;LATEST_LIVE_GALLERY_READBACK_REQUIRED,data/audits/uncrustables-live-gallery-fetch-20260718/manifest.json,aeea0813c67584d5d082186fca92535487b7a96de1dedd9e0e0bb67930944f02,eb107d4810019b16f337dc4da12793426d462cc380316e4a9d1878e6e868a981
59,JY-ASPW-LB4K,B0H84621N6,FAIL,POINT_IN_TIME_FAIL_REPAIR_NOT_APPLIED,2026-07-17T22:43:12.080Z,7,1,6,5,4,1,1,2,GALLERY_REPAIR_NOT_APPLIED;UNAPPROVED_SHARED_CONTEXT_ASSET;MISSING_RECIPE_COMPONENT:PB_APPLE_CINNAMON_PROTEIN;UNBALANCED_RECIPE_COMPONENT_COUNTS;NOT_RECIPE_COMPONENT_ROUND_ROBIN;LATEST_LIVE_GALLERY_READBACK_REQUIRED,data/audits/uncrustables-live-gallery-fetch-20260718/manifest.json,aeea0813c67584d5d082186fca92535487b7a96de1dedd9e0e0bb67930944f02,1ec2535532d398297a9bb7114c752fed5afbb8582867769bf32bd3cd4b4a3026
60,KD-AS12-8HZ3,B0H845JBM6,FAIL,POINT_IN_TIME_FAIL_REPAIR_NOT_APPLIED,2026-07-17T22:43:12.080Z,7,1,6,6,5,1,1,2,GALLERY_REPAIR_NOT_APPLIED;MISSING_RECIPE_COMPONENT:PB_MIXED_BERRY_MORNING_PROTEIN;UNBALANCED_RECIPE_COMPONENT_COUNTS;NOT_RECIPE_COMPONENT_ROUND_ROBIN;LATEST_LIVE_GALLERY_READBACK_REQUIRED,data/audits/uncrustables-live-gallery-fetch-20260718/manifest.json,aeea0813c67584d5d082186fca92535487b7a96de1dedd9e0e0bb67930944f02,b7cba9d7b1a55b5e6a1d8eb8a60b61063ed11a4c378aedef5ae8921026792ef2
61,KN-ASYZ-ST4M,B0H83XBXHX,FAIL,POINT_IN_TIME_FAIL_REPAIR_NOT_APPLIED,2026-07-17T22:43:12.080Z,7,1,6,6,5,1,1,2,GALLERY_REPAIR_NOT_APPLIED;MISSING_RECIPE_COMPONENT:PB_RASPBERRY;UNBALANCED_RECIPE_COMPONENT_COUNTS;NOT_RECIPE_COMPONENT_ROUND_ROBIN;LATEST_LIVE_GALLERY_READBACK_REQUIRED,data/audits/uncrustables-live-gallery-fetch-20260718/manifest.json,aeea0813c67584d5d082186fca92535487b7a96de1dedd9e0e0bb67930944f02,3c5192981ab4db161fd40b1c98a10ed977e0adca7bc522dba2c1f7945312e2a3
62,KP-ASYC-RN84,B0H83FYZR3,BLOCKED,POINT_IN_TIME_PASS_LATEST_READBACK_MISSING,2026-07-17T22:43:12.080Z,7,1,6,6,6,0,1,1,LATEST_LIVE_GALLERY_READBACK_REQUIRED,data/audits/uncrustables-live-gallery-fetch-20260718/manifest.json,aeea0813c67584d5d082186fca92535487b7a96de1dedd9e0e0bb67930944f02,759922769203cc7146821f84858c4d20593563b62599fd62a710bd52d68a0d0d
63,LH-ASP7-KZR4,B0H82XNFRW,FAIL,POINT_IN_TIME_FAIL_REPAIR_NOT_APPLIED,2026-07-17T22:43:12.080Z,7,1,6,5,4,1,1,1,GALLERY_REPAIR_NOT_APPLIED;DISALLOWED_ASSET_SHA256;ASSET_HAS_POLICY_ISSUES;UNAPPROVED_SHARED_CONTEXT_ASSET;LATEST_LIVE_GALLERY_READBACK_REQUIRED,data/audits/uncrustables-live-gallery-fetch-20260718/manifest.json,aeea0813c67584d5d082186fca92535487b7a96de1dedd9e0e0bb67930944f02,2a77a43e56a4e71814ce02f6578dea34d5c386e7fbe3182e46f3756dd5a1101c
64,LJ-ASYO-FWJK,B0H853SHVC,FAIL,POINT_IN_TIME_FAIL_REPAIR_NOT_APPLIED,2026-07-17T22:43:12.080Z,7,1,6,5,4,1,1,2,GALLERY_REPAIR_NOT_APPLIED;DISALLOWED_ASSET_SHA256;ASSET_HAS_POLICY_ISSUES;UNAPPROVED_SHARED_CONTEXT_ASSET;MISSING_RECIPE_COMPONENT:CHOCOLATE_HAZELNUT;UNBALANCED_RECIPE_COMPONENT_COUNTS;NOT_RECIPE_COMPONENT_ROUND_ROBIN;LATEST_LIVE_GALLERY_READBACK_REQUIRED,data/audits/uncrustables-live-gallery-fetch-20260718/manifest.json,aeea0813c67584d5d082186fca92535487b7a96de1dedd9e0e0bb67930944f02,fe9e6a0a906de302a93cf6387c7f78690ff35514cf013724560be584ce2394d1
65,LK-AS7X-K43B,B0H84CGGXL,FAIL,POINT_IN_TIME_FAIL_REPAIR_NOT_APPLIED,2026-07-17T22:43:12.080Z,7,1,6,5,4,1,1,2,GALLERY_REPAIR_NOT_APPLIED;UNAPPROVED_SHARED_CONTEXT_ASSET;MISSING_RECIPE_COMPONENT:PB_STRAWBERRY;UNBALANCED_RECIPE_COMPONENT_COUNTS;NOT_RECIPE_COMPONENT_ROUND_ROBIN;LATEST_LIVE_GALLERY_READBACK_REQUIRED,data/audits/uncrustables-live-gallery-fetch-20260718/manifest.json,aeea0813c67584d5d082186fca92535487b7a96de1dedd9e0e0bb67930944f02,1592763d2801368f2289a2875af5e26976dbd9a9ca0fa4d5a8f58c0be52e7ff4
66,LP-AS9J-HSVB,B0H82B7KK1,FAIL,POINT_IN_TIME_FAIL_REPAIR_NOT_APPLIED,2026-07-17T22:43:12.080Z,7,1,6,5,4,1,1,1,GALLERY_REPAIR_NOT_APPLIED;UNAPPROVED_SHARED_CONTEXT_ASSET;LATEST_LIVE_GALLERY_READBACK_REQUIRED,data/audits/uncrustables-live-gallery-fetch-20260718/manifest.json,aeea0813c67584d5d082186fca92535487b7a96de1dedd9e0e0bb67930944f02,458c246acb7d6ac352610e42d542aae9fe393e43dbd4d143d1ab7ab6711b7b3d
67,LU-ASK0-LSDF,B0H84YZDB7,FAIL,POINT_IN_TIME_FAIL_REPAIR_NOT_APPLIED,2026-07-17T22:43:12.080Z,7,1,6,5,4,1,1,2,GALLERY_REPAIR_NOT_APPLIED;DISALLOWED_ASSET_SHA256;ASSET_HAS_POLICY_ISSUES;UNAPPROVED_SHARED_CONTEXT_ASSET;MISSING_RECIPE_COMPONENT:PB_GRAPE;UNBALANCED_RECIPE_COMPONENT_COUNTS;NOT_RECIPE_COMPONENT_ROUND_ROBIN;LATEST_LIVE_GALLERY_READBACK_REQUIRED,data/audits/uncrustables-live-gallery-fetch-20260718/manifest.json,aeea0813c67584d5d082186fca92535487b7a96de1dedd9e0e0bb67930944f02,614780a72594b83d7af396865c56418d4ca7fe4fce1194c79ae0117ab2b4c658
68,ME-AS1I-SEX2,B0H83RVHNF,BLOCKED,POINT_IN_TIME_PASS_LATEST_READBACK_MISSING,2026-07-17T22:43:12.080Z,7,1,6,6,5,1,1,1,LATEST_LIVE_GALLERY_READBACK_REQUIRED,data/audits/uncrustables-live-gallery-fetch-20260718/manifest.json,aeea0813c67584d5d082186fca92535487b7a96de1dedd9e0e0bb67930944f02,5b754f94ada8f18a9a44897ada0c3720b865b2c63680edd5ed81165a32d14d35
69,MF-AS0J-YRT4,B0H82NHQCL,FAIL,POINT_IN_TIME_FAIL_REPAIR_NOT_APPLIED,2026-07-17T22:43:12.080Z,7,1,6,5,4,1,1,1,GALLERY_REPAIR_NOT_APPLIED;DISALLOWED_ASSET_SHA256;ASSET_HAS_POLICY_ISSUES;UNAPPROVED_SHARED_CONTEXT_ASSET;LATEST_LIVE_GALLERY_READBACK_REQUIRED,data/audits/uncrustables-live-gallery-fetch-20260718/manifest.json,aeea0813c67584d5d082186fca92535487b7a96de1dedd9e0e0bb67930944f02,7e0a7f7d46f8cfbe06dd9d789206cd30a079cca7531730781ddea4a00983ce05
70,MP-ASYO-QNU2,B0H84Z9KWL,FAIL,POINT_IN_TIME_FAIL_REPAIR_NOT_APPLIED,2026-07-17T22:43:12.080Z,7,1,6,5,4,1,1,2,GALLERY_REPAIR_NOT_APPLIED;DISALLOWED_ASSET_SHA256;ASSET_HAS_POLICY_ISSUES;UNAPPROVED_SHARED_CONTEXT_ASSET;MISSING_RECIPE_COMPONENT:PB_GRAPE;UNBALANCED_RECIPE_COMPONENT_COUNTS;NOT_RECIPE_COMPONENT_ROUND_ROBIN;LATEST_LIVE_GALLERY_READBACK_REQUIRED,data/audits/uncrustables-live-gallery-fetch-20260718/manifest.json,aeea0813c67584d5d082186fca92535487b7a96de1dedd9e0e0bb67930944f02,e7ee60dd7b9720d682881561d648c860983b6b2d945fa6f79f0d9d8a967f80d2
71,MP-ASZ9-TKE7,B0H837HLKC,FAIL,POINT_IN_TIME_FAIL_REPAIR_NOT_APPLIED,2026-07-17T22:43:12.080Z,5,1,4,3,3,0,1,1,GALLERY_REPAIR_NOT_APPLIED;DISALLOWED_ASSET_SHA256;ASSET_HAS_POLICY_ISSUES;UNAPPROVED_SHARED_CONTEXT_ASSET;LATEST_LIVE_GALLERY_READBACK_REQUIRED,data/audits/uncrustables-live-gallery-fetch-20260718/manifest.json,aeea0813c67584d5d082186fca92535487b7a96de1dedd9e0e0bb67930944f02,0ec19842eb18ee06420fb0c1bbe217feb3899900fe91fc3c3352a0f7747a3fc4
72,NC-ASPL-EXE8,B0H83QRV43,FAIL,POINT_IN_TIME_FAIL_REPAIR_NOT_APPLIED,2026-07-17T22:43:12.080Z,7,1,6,6,5,1,1,2,GALLERY_REPAIR_NOT_APPLIED;MISSING_RECIPE_COMPONENT:WHOLE_WHEAT_PB_STRAWBERRY;UNBALANCED_RECIPE_COMPONENT_COUNTS;NOT_RECIPE_COMPONENT_ROUND_ROBIN;LATEST_LIVE_GALLERY_READBACK_REQUIRED,data/audits/uncrustables-live-gallery-fetch-20260718/manifest.json,aeea0813c67584d5d082186fca92535487b7a96de1dedd9e0e0bb67930944f02,0a55f01541c8a6df1ef46495c11e0d708a2a5a5181ec76038a51655d98a50ac4
73,NJ-ASAC-PTK2,B0H82X48CD,FAIL,POINT_IN_TIME_FAIL_REPAIR_NOT_APPLIED,2026-07-17T22:43:12.080Z,7,1,6,5,4,1,1,1,GALLERY_REPAIR_NOT_APPLIED;DISALLOWED_ASSET_SHA256;ASSET_HAS_POLICY_ISSUES;UNAPPROVED_SHARED_CONTEXT_ASSET;LATEST_LIVE_GALLERY_READBACK_REQUIRED,data/audits/uncrustables-live-gallery-fetch-20260718/manifest.json,aeea0813c67584d5d082186fca92535487b7a96de1dedd9e0e0bb67930944f02,af8f04efe5289f1f743070b45eaf18449847dc7a27cd8e3356671bd80a7969d6
74,NM-ASEW-S2SK,B0H86TVN3C,FAIL,POINT_IN_TIME_FAIL_REPAIR_NOT_APPLIED,2026-07-17T22:43:12.080Z,5,1,4,3,3,0,1,1,GALLERY_REPAIR_NOT_APPLIED;DISALLOWED_ASSET_SHA256;ASSET_HAS_POLICY_ISSUES;UNAPPROVED_SHARED_CONTEXT_ASSET;LATEST_LIVE_GALLERY_READBACK_REQUIRED,data/audits/uncrustables-live-gallery-fetch-20260718/manifest.json,aeea0813c67584d5d082186fca92535487b7a96de1dedd9e0e0bb67930944f02,b4e366c128041c55d43cfa937e8326b680ac4beafbf71239bafd3099cbdc7955
75,NS-ASSD-B3JJ,B0H82L945T,BLOCKED,POINT_IN_TIME_PASS_LATEST_READBACK_MISSING,2026-07-17T22:43:12.080Z,7,1,6,6,6,0,1,1,LATEST_LIVE_GALLERY_READBACK_REQUIRED,data/audits/uncrustables-live-gallery-fetch-20260718/manifest.json,aeea0813c67584d5d082186fca92535487b7a96de1dedd9e0e0bb67930944f02,cf5f4c087f16da292e26794bb8e90935f0a16c6341be8b8229b49f27bfeb9d8d
76,NT-ASIL-V5LK,B0H84547PM,FAIL,POINT_IN_TIME_FAIL_REPAIR_NOT_APPLIED,2026-07-17T22:43:12.080Z,7,1,6,6,5,1,1,2,GALLERY_REPAIR_NOT_APPLIED;MISSING_RECIPE_COMPONENT:PB_CHOCOLATE_FLAVORED_SPREAD;UNBALANCED_RECIPE_COMPONENT_COUNTS;NOT_RECIPE_COMPONENT_ROUND_ROBIN;LATEST_LIVE_GALLERY_READBACK_REQUIRED,data/audits/uncrustables-live-gallery-fetch-20260718/manifest.json,aeea0813c67584d5d082186fca92535487b7a96de1dedd9e0e0bb67930944f02,c8496dce57249575cd11fe0b193dcc35dac61f32dcf681486b4563f281b52f53
77,NV-AS86-HD44,B0H85KQJKS,FAIL,POINT_IN_TIME_FAIL_REPAIR_NOT_APPLIED,2026-07-17T22:43:12.080Z,7,1,6,5,5,0,1,2,GALLERY_REPAIR_NOT_APPLIED;DISALLOWED_ASSET_SHA256;ASSET_HAS_POLICY_ISSUES;UNAPPROVED_SHARED_CONTEXT_ASSET;MISSING_RECIPE_COMPONENT:WHOLE_WHEAT_PB_GRAPE;UNBALANCED_RECIPE_COMPONENT_COUNTS;NOT_RECIPE_COMPONENT_ROUND_ROBIN;LATEST_LIVE_GALLERY_READBACK_REQUIRED,data/audits/uncrustables-live-gallery-fetch-20260718/manifest.json,aeea0813c67584d5d082186fca92535487b7a96de1dedd9e0e0bb67930944f02,dd9428754dfef973c1ecbba4f35a182cdf5db09acd7859dfa7e681a39265f046
78,PB-ASAF-G2T6,B0H82K7Y7S,FAIL,POINT_IN_TIME_FAIL_REPAIR_NOT_APPLIED,2026-07-17T22:43:12.080Z,7,1,6,5,4,1,1,1,GALLERY_REPAIR_NOT_APPLIED;DISALLOWED_ASSET_SHA256;ASSET_HAS_POLICY_ISSUES;UNAPPROVED_SHARED_CONTEXT_ASSET;LATEST_LIVE_GALLERY_READBACK_REQUIRED,data/audits/uncrustables-live-gallery-fetch-20260718/manifest.json,aeea0813c67584d5d082186fca92535487b7a96de1dedd9e0e0bb67930944f02,f68ec31acd6a0d4250b7f24e9a6e3ee2a5b0e7a139e927a96dcec787157f4b41
79,PJ-ASAX-6LTG,B0H82T12L7,BLOCKED,POINT_IN_TIME_PASS_LATEST_READBACK_MISSING,2026-07-17T22:43:12.080Z,7,1,6,6,5,1,1,1,LATEST_LIVE_GALLERY_READBACK_REQUIRED,data/audits/uncrustables-live-gallery-fetch-20260718/manifest.json,aeea0813c67584d5d082186fca92535487b7a96de1dedd9e0e0bb67930944f02,ed7a693769e368ca6c55afd8a70440f6cb4d477552a1ee5c4f745e3dffa48727
80,PJ-ASDX-E8LW,B0H85MGP35,FAIL,POINT_IN_TIME_FAIL_REPAIR_NOT_APPLIED,2026-07-17T22:43:12.080Z,7,1,6,5,4,1,1,2,GALLERY_REPAIR_NOT_APPLIED;DISALLOWED_ASSET_SHA256;ASSET_HAS_POLICY_ISSUES;UNAPPROVED_SHARED_CONTEXT_ASSET;MISSING_RECIPE_COMPONENT:PB_MIXED_BERRY_MORNING_PROTEIN;UNBALANCED_RECIPE_COMPONENT_COUNTS;NOT_RECIPE_COMPONENT_ROUND_ROBIN;LATEST_LIVE_GALLERY_READBACK_REQUIRED,data/audits/uncrustables-live-gallery-fetch-20260718/manifest.json,aeea0813c67584d5d082186fca92535487b7a96de1dedd9e0e0bb67930944f02,677bd914150f96624e015aaaacda17eb4c95d8bc64121b1758294f6acb4248fe
81,PL-ASR9-U94A,B0H83RR2XQ,FAIL,POINT_IN_TIME_FAIL_REPAIR_NOT_APPLIED,2026-07-17T22:43:12.080Z,5,1,4,3,3,0,1,1,GALLERY_REPAIR_NOT_APPLIED;DISALLOWED_ASSET_SHA256;ASSET_HAS_POLICY_ISSUES;UNAPPROVED_SHARED_CONTEXT_ASSET;LATEST_LIVE_GALLERY_READBACK_REQUIRED,data/audits/uncrustables-live-gallery-fetch-20260718/manifest.json,aeea0813c67584d5d082186fca92535487b7a96de1dedd9e0e0bb67930944f02,66015581d89fdb8ff2aa8e6356bcd4b5d6c8c5bcc190531f17129b07f1a77524
82,PP-AS23-SPLQ,B0H84CDNQG,FAIL,POINT_IN_TIME_FAIL_REPAIR_NOT_APPLIED,2026-07-17T22:43:12.080Z,7,1,6,5,4,1,1,2,GALLERY_REPAIR_NOT_APPLIED;UNAPPROVED_SHARED_CONTEXT_ASSET;MISSING_RECIPE_COMPONENT:WHOLE_WHEAT_PB_STRAWBERRY;UNBALANCED_RECIPE_COMPONENT_COUNTS;NOT_RECIPE_COMPONENT_ROUND_ROBIN;LATEST_LIVE_GALLERY_READBACK_REQUIRED,data/audits/uncrustables-live-gallery-fetch-20260718/manifest.json,aeea0813c67584d5d082186fca92535487b7a96de1dedd9e0e0bb67930944f02,6fde8374c2f8b44f964be5e43f96ac79eb0c26c3292f07e06ae6a724d9e0a350
83,PR-AS79-8SDF,B0H82L74PL,BLOCKED,POINT_IN_TIME_PASS_LATEST_READBACK_MISSING,2026-07-17T22:43:12.080Z,7,1,6,6,5,1,1,1,LATEST_LIVE_GALLERY_READBACK_REQUIRED,data/audits/uncrustables-live-gallery-fetch-20260718/manifest.json,aeea0813c67584d5d082186fca92535487b7a96de1dedd9e0e0bb67930944f02,0d42399cdf6a69e70018e9bbe01eb394836b1e8806cac264c29b6f47ec99bfa6
84,PT-AS5B-Z2XH,B0H84Z6QWY,FAIL,POINT_IN_TIME_FAIL_REPAIR_NOT_APPLIED,2026-07-17T22:43:12.080Z,7,1,6,5,4,1,1,2,GALLERY_REPAIR_NOT_APPLIED;DISALLOWED_ASSET_SHA256;ASSET_HAS_POLICY_ISSUES;UNAPPROVED_SHARED_CONTEXT_ASSET;MISSING_RECIPE_COMPONENT:PB_GRAPE;UNBALANCED_RECIPE_COMPONENT_COUNTS;NOT_RECIPE_COMPONENT_ROUND_ROBIN;LATEST_LIVE_GALLERY_READBACK_REQUIRED,data/audits/uncrustables-live-gallery-fetch-20260718/manifest.json,aeea0813c67584d5d082186fca92535487b7a96de1dedd9e0e0bb67930944f02,42b66d575341273d0ddb5483ec04e673d552ba874ad53fa3e001d871fc845ceb
85,PU-AS3D-SA5Z,B0H83H71F8,FAIL,POINT_IN_TIME_FAIL_REPAIR_NOT_APPLIED,2026-07-17T22:43:12.080Z,7,1,6,5,5,0,1,1,GALLERY_REPAIR_NOT_APPLIED;DISALLOWED_ASSET_SHA256;ASSET_HAS_POLICY_ISSUES;UNAPPROVED_SHARED_CONTEXT_ASSET;LATEST_LIVE_GALLERY_READBACK_REQUIRED,data/audits/uncrustables-live-gallery-fetch-20260718/manifest.json,aeea0813c67584d5d082186fca92535487b7a96de1dedd9e0e0bb67930944f02,5b541e28f3cb80a47ea6f32d6c03a5abdf5e194d2ef222f1d32045fbbc63096c
86,PW-ASDZ-CSR8,B0H839TPC5,BLOCKED,POINT_IN_TIME_PASS_LATEST_READBACK_MISSING,2026-07-17T22:43:12.080Z,7,1,6,6,5,1,1,1,LATEST_LIVE_GALLERY_READBACK_REQUIRED,data/audits/uncrustables-live-gallery-fetch-20260718/manifest.json,aeea0813c67584d5d082186fca92535487b7a96de1dedd9e0e0bb67930944f02,d5fd2b7d27a3c36cced51a1179ba9a8747767405193bd7411b1b9554381ace5b
87,PY-ASBM-WX6W,B0H82B7GV5,BLOCKED,POINT_IN_TIME_PASS_LATEST_READBACK_MISSING,2026-07-17T22:43:12.080Z,7,1,6,6,5,1,1,1,LATEST_LIVE_GALLERY_READBACK_REQUIRED,data/audits/uncrustables-live-gallery-fetch-20260718/manifest.json,aeea0813c67584d5d082186fca92535487b7a96de1dedd9e0e0bb67930944f02,4b520db6e096e4ec7f4a19274ec4c1c3c5d648fa15751e98eb72eb2f424f8270
88,QC-ASX2-RHPA,B0H83TQPJB,BLOCKED,POINT_IN_TIME_PASS_LATEST_READBACK_MISSING,2026-07-17T22:43:12.080Z,7,1,6,6,5,1,1,1,LATEST_LIVE_GALLERY_READBACK_REQUIRED,data/audits/uncrustables-live-gallery-fetch-20260718/manifest.json,aeea0813c67584d5d082186fca92535487b7a96de1dedd9e0e0bb67930944f02,53883bb91828656415a61d7b096f365f6ee0c1695f0696048417159f33497cb2
89,QE-ASEQ-4YV5,B0H82CBLRM,BLOCKED,POINT_IN_TIME_PASS_LATEST_READBACK_MISSING,2026-07-17T22:43:12.080Z,7,1,6,6,5,1,1,1,LATEST_LIVE_GALLERY_READBACK_REQUIRED,data/audits/uncrustables-live-gallery-fetch-20260718/manifest.json,aeea0813c67584d5d082186fca92535487b7a96de1dedd9e0e0bb67930944f02,2c7467dee031ee33aa284c4cda368020ae0655acc682b2adacc8b457f4ace5fb
90,QP-ASAD-PTLX,B0H85DG2JQ,FAIL,POINT_IN_TIME_FAIL_REPAIR_NOT_APPLIED,2026-07-17T22:43:12.080Z,7,1,6,5,4,1,1,2,GALLERY_REPAIR_NOT_APPLIED;DISALLOWED_ASSET_SHA256;ASSET_HAS_POLICY_ISSUES;UNAPPROVED_SHARED_CONTEXT_ASSET;MISSING_RECIPE_COMPONENT:PB_APPLE_CINNAMON_PROTEIN;UNBALANCED_RECIPE_COMPONENT_COUNTS;NOT_RECIPE_COMPONENT_ROUND_ROBIN;LATEST_LIVE_GALLERY_READBACK_REQUIRED,data/audits/uncrustables-live-gallery-fetch-20260718/manifest.json,aeea0813c67584d5d082186fca92535487b7a96de1dedd9e0e0bb67930944f02,39f48b96b2df99bbe3887989588e24c9feea96fdb9c7fae0839dbc63077619f2
91,QW-ASRZ-SYKC,B0H83MDDBL,FAIL,POINT_IN_TIME_FAIL_REPAIR_NOT_APPLIED,2026-07-17T22:43:12.080Z,7,1,6,5,4,1,1,1,GALLERY_REPAIR_NOT_APPLIED;DISALLOWED_ASSET_SHA256;ASSET_HAS_POLICY_ISSUES;UNAPPROVED_SHARED_CONTEXT_ASSET;LATEST_LIVE_GALLERY_READBACK_REQUIRED,data/audits/uncrustables-live-gallery-fetch-20260718/manifest.json,aeea0813c67584d5d082186fca92535487b7a96de1dedd9e0e0bb67930944f02,5d8ca3be195b622493d5aaed522ef93f852909b9ef779ee8637e149a440d07d0
92,QX-AS89-H8YC,B0H82RQ226,BLOCKED,POINT_IN_TIME_PASS_LATEST_READBACK_MISSING,2026-07-17T22:43:12.080Z,7,1,6,6,5,1,1,1,LATEST_LIVE_GALLERY_READBACK_REQUIRED,data/audits/uncrustables-live-gallery-fetch-20260718/manifest.json,aeea0813c67584d5d082186fca92535487b7a96de1dedd9e0e0bb67930944f02,697db0acdc6fafc17c11b2d32af7d11cc66bea778da0a1db1d6a10580870e1c5
93,QX-ASS6-4T4F,B0H83B6TYP,FAIL,POINT_IN_TIME_FAIL_REPAIR_NOT_APPLIED,2026-07-17T22:43:12.080Z,7,1,6,5,5,0,1,1,GALLERY_REPAIR_NOT_APPLIED;DISALLOWED_ASSET_SHA256;ASSET_HAS_POLICY_ISSUES;UNAPPROVED_SHARED_CONTEXT_ASSET;LATEST_LIVE_GALLERY_READBACK_REQUIRED,data/audits/uncrustables-live-gallery-fetch-20260718/manifest.json,aeea0813c67584d5d082186fca92535487b7a96de1dedd9e0e0bb67930944f02,87c327e797cf8947405d6f1484e195e957a63dd801dfc7c9940fd12f38fd3549
94,RB-ASVO-GYCY,B0H859N8VM,FAIL,POINT_IN_TIME_FAIL_REPAIR_NOT_APPLIED,2026-07-17T22:43:12.080Z,7,1,6,6,5,1,1,2,GALLERY_REPAIR_NOT_APPLIED;MISSING_RECIPE_COMPONENT:PB_STRAWBERRY;UNBALANCED_RECIPE_COMPONENT_COUNTS;NOT_RECIPE_COMPONENT_ROUND_ROBIN;LATEST_LIVE_GALLERY_READBACK_REQUIRED,data/audits/uncrustables-live-gallery-fetch-20260718/manifest.json,aeea0813c67584d5d082186fca92535487b7a96de1dedd9e0e0bb67930944f02,b4a34577936e8895209c1927ab7afc06a7ffc2eedd29e0ed3a9fbf106483fc6d
95,RH-ASWA-ER34,B0H85JR6WN,FAIL,POINT_IN_TIME_FAIL_REPAIR_NOT_APPLIED,2026-07-17T22:43:12.080Z,7,1,6,5,4,1,1,2,GALLERY_REPAIR_NOT_APPLIED;DISALLOWED_ASSET_SHA256;ASSET_HAS_POLICY_ISSUES;UNAPPROVED_SHARED_CONTEXT_ASSET;MISSING_RECIPE_COMPONENT:CHOCOLATE_HAZELNUT;UNBALANCED_RECIPE_COMPONENT_COUNTS;NOT_RECIPE_COMPONENT_ROUND_ROBIN;LATEST_LIVE_GALLERY_READBACK_REQUIRED,data/audits/uncrustables-live-gallery-fetch-20260718/manifest.json,aeea0813c67584d5d082186fca92535487b7a96de1dedd9e0e0bb67930944f02,ce5c3667e64ac8c2e0da197bbecd5f3017529c94cf398da331b8f323cf3f19a9
96,RL-AS64-Q8QX,B0H82LZLM2,FAIL,POINT_IN_TIME_FAIL_REPAIR_NOT_APPLIED,2026-07-17T22:43:12.080Z,5,1,4,3,3,0,1,1,GALLERY_REPAIR_NOT_APPLIED;DISALLOWED_ASSET_SHA256;ASSET_HAS_POLICY_ISSUES;UNAPPROVED_SHARED_CONTEXT_ASSET;LATEST_LIVE_GALLERY_READBACK_REQUIRED,data/audits/uncrustables-live-gallery-fetch-20260718/manifest.json,aeea0813c67584d5d082186fca92535487b7a96de1dedd9e0e0bb67930944f02,488209feaf58b07039375b5982ae008609f4dffcf944a43c96d0365aa5e01b35
97,RM-ASCV-DVA5,B0H822CVVL,BLOCKED,POINT_IN_TIME_PASS_LATEST_READBACK_MISSING,2026-07-17T22:43:12.080Z,7,1,6,6,5,1,1,1,LATEST_LIVE_GALLERY_READBACK_REQUIRED,data/audits/uncrustables-live-gallery-fetch-20260718/manifest.json,aeea0813c67584d5d082186fca92535487b7a96de1dedd9e0e0bb67930944f02,b7a7407f6fcabcf91480ab3e023cec65e5f750d06e491222119e02a424ab7b2e
98,RN-ASLP-VH3X,B0H82JYZQH,BLOCKED,POINT_IN_TIME_PASS_LATEST_READBACK_MISSING,2026-07-17T22:43:12.080Z,7,1,6,6,5,1,1,1,LATEST_LIVE_GALLERY_READBACK_REQUIRED,data/audits/uncrustables-live-gallery-fetch-20260718/manifest.json,aeea0813c67584d5d082186fca92535487b7a96de1dedd9e0e0bb67930944f02,02db39bc52e33a88466e46b3fed9dfc598ea3284658532457ecb64fb9eab4a36
99,RQ-AS0L-9B45,B0H85MQLHG,FAIL,POINT_IN_TIME_FAIL_REPAIR_NOT_APPLIED,2026-07-17T22:43:12.080Z,7,1,6,5,4,1,1,2,GALLERY_REPAIR_NOT_APPLIED;DISALLOWED_ASSET_SHA256;ASSET_HAS_POLICY_ISSUES;UNAPPROVED_SHARED_CONTEXT_ASSET;MISSING_RECIPE_COMPONENT:PB_APPLE_CINNAMON_PROTEIN;UNBALANCED_RECIPE_COMPONENT_COUNTS;NOT_RECIPE_COMPONENT_ROUND_ROBIN;LATEST_LIVE_GALLERY_READBACK_REQUIRED,data/audits/uncrustables-live-gallery-fetch-20260718/manifest.json,aeea0813c67584d5d082186fca92535487b7a96de1dedd9e0e0bb67930944f02,6cad78377f4674024ca9f54650f478764d8193b0afe3b01f707f777d1a04df71
100,RQ-AS78-STLZ,B0H85GR968,FAIL,POINT_IN_TIME_FAIL_REPAIR_NOT_APPLIED,2026-07-17T22:43:12.080Z,7,1,6,5,4,1,1,2,GALLERY_REPAIR_NOT_APPLIED;DISALLOWED_ASSET_SHA256;ASSET_HAS_POLICY_ISSUES;UNAPPROVED_SHARED_CONTEXT_ASSET;MISSING_RECIPE_COMPONENT:PB_MIXED_BERRY_MORNING_PROTEIN;UNBALANCED_RECIPE_COMPONENT_COUNTS;NOT_RECIPE_COMPONENT_ROUND_ROBIN;LATEST_LIVE_GALLERY_READBACK_REQUIRED,data/audits/uncrustables-live-gallery-fetch-20260718/manifest.json,aeea0813c67584d5d082186fca92535487b7a96de1dedd9e0e0bb67930944f02,ce66d3d2a87388d6c6489903aa3b4b6c2d42cef1976c0775deb7b151d4607845
101,RQ-ASM7-T9NN,B0H83HNB3B,BLOCKED,POINT_IN_TIME_PASS_LATEST_READBACK_MISSING,2026-07-17T22:43:12.080Z,7,1,6,6,5,1,1,1,LATEST_LIVE_GALLERY_READBACK_REQUIRED,data/audits/uncrustables-live-gallery-fetch-20260718/manifest.json,aeea0813c67584d5d082186fca92535487b7a96de1dedd9e0e0bb67930944f02,375f473c075b6737d194bf30cfe3d9018fc539db2a2eeeec0e13983c197d58f7
102,RR-ASG1-JVKV,B0H8361PYX,FAIL,POINT_IN_TIME_FAIL_REPAIR_NOT_APPLIED,2026-07-17T22:43:12.080Z,7,1,6,5,4,1,1,1,GALLERY_REPAIR_NOT_APPLIED;DISALLOWED_ASSET_SHA256;ASSET_HAS_POLICY_ISSUES;UNAPPROVED_SHARED_CONTEXT_ASSET;LATEST_LIVE_GALLERY_READBACK_REQUIRED,data/audits/uncrustables-live-gallery-fetch-20260718/manifest.json,aeea0813c67584d5d082186fca92535487b7a96de1dedd9e0e0bb67930944f02,c62a412bf5971e84b3e5538f152fdf73bc9dc1b3ba5ae4e4cbb30697ee69ef03
103,RS-AS47-M3K3,B0H87748WJ,FAIL,POINT_IN_TIME_FAIL_REPAIR_NOT_APPLIED,2026-07-17T22:43:12.080Z,7,1,6,5,5,0,1,2,GALLERY_REPAIR_NOT_APPLIED;DISALLOWED_ASSET_SHA256;ASSET_HAS_POLICY_ISSUES;UNAPPROVED_SHARED_CONTEXT_ASSET;MISSING_RECIPE_COMPONENT:PB_GRAPE;UNBALANCED_RECIPE_COMPONENT_COUNTS;NOT_RECIPE_COMPONENT_ROUND_ROBIN;LATEST_LIVE_GALLERY_READBACK_REQUIRED,data/audits/uncrustables-live-gallery-fetch-20260718/manifest.json,aeea0813c67584d5d082186fca92535487b7a96de1dedd9e0e0bb67930944f02,58425953e477d8df38bf64ca7634f574566bc017a9513cd1f190862bf1969271
104,RU-ASC3-4TUS,B0H83SJFR7,FAIL,POINT_IN_TIME_FAIL_REPAIR_NOT_APPLIED,2026-07-17T22:43:12.080Z,7,1,6,6,5,1,1,2,GALLERY_REPAIR_NOT_APPLIED;MISSING_RECIPE_COMPONENT:PB_HONEY;UNBALANCED_RECIPE_COMPONENT_COUNTS;NOT_RECIPE_COMPONENT_ROUND_ROBIN;LATEST_LIVE_GALLERY_READBACK_REQUIRED,data/audits/uncrustables-live-gallery-fetch-20260718/manifest.json,aeea0813c67584d5d082186fca92535487b7a96de1dedd9e0e0bb67930944f02,2f0999a6842dd0966d3fec944fe10e14e663031809e9a5ad47c791348cd14b1e
105,RY-ASMO-6N4F,B0H8493HNR,FAIL,POINT_IN_TIME_FAIL_REPAIR_NOT_APPLIED,2026-07-17T22:43:12.080Z,7,1,6,5,4,1,1,2,GALLERY_REPAIR_NOT_APPLIED;UNAPPROVED_SHARED_CONTEXT_ASSET;MISSING_RECIPE_COMPONENT:PB_HONEY;UNBALANCED_RECIPE_COMPONENT_COUNTS;NOT_RECIPE_COMPONENT_ROUND_ROBIN;LATEST_LIVE_GALLERY_READBACK_REQUIRED,data/audits/uncrustables-live-gallery-fetch-20260718/manifest.json,aeea0813c67584d5d082186fca92535487b7a96de1dedd9e0e0bb67930944f02,69e4565f0f40a99f04064ace7ad0f93db032df1ee6b254013831a1a8fe38c349
106,RY-ASO3-24Q2,B0H84XMG42,FAIL,POINT_IN_TIME_FAIL_REPAIR_NOT_APPLIED,2026-07-17T22:43:12.080Z,7,1,6,5,4,1,1,2,GALLERY_REPAIR_NOT_APPLIED;DISALLOWED_ASSET_SHA256;ASSET_HAS_POLICY_ISSUES;UNAPPROVED_SHARED_CONTEXT_ASSET;MISSING_RECIPE_COMPONENT:PB_MIXED_BERRY_MORNING_PROTEIN;UNBALANCED_RECIPE_COMPONENT_COUNTS;NOT_RECIPE_COMPONENT_ROUND_ROBIN;LATEST_LIVE_GALLERY_READBACK_REQUIRED,data/audits/uncrustables-live-gallery-fetch-20260718/manifest.json,aeea0813c67584d5d082186fca92535487b7a96de1dedd9e0e0bb67930944f02,b5119d85aa9e0296ef646b1517503ae834f5d8e730dba268ccde504a362523d6
107,RZ-AS26-WLRM,B0H85PJ516,FAIL,POINT_IN_TIME_FAIL_REPAIR_NOT_APPLIED,2026-07-17T22:43:12.080Z,7,1,6,5,5,0,1,2,GALLERY_REPAIR_NOT_APPLIED;DISALLOWED_ASSET_SHA256;ASSET_HAS_POLICY_ISSUES;UNAPPROVED_SHARED_CONTEXT_ASSET;MISSING_RECIPE_COMPONENT:PB_BLACKBERRY;UNBALANCED_RECIPE_COMPONENT_COUNTS;NOT_RECIPE_COMPONENT_ROUND_ROBIN;LATEST_LIVE_GALLERY_READBACK_REQUIRED,data/audits/uncrustables-live-gallery-fetch-20260718/manifest.json,aeea0813c67584d5d082186fca92535487b7a96de1dedd9e0e0bb67930944f02,0f0f512f1d890901de28ca5fc172e76712c9226f6dc81651a6f53501a8b98f77
108,SA-ASCK-J2B2,B0H82XP1MM,BLOCKED,POINT_IN_TIME_PASS_LATEST_READBACK_MISSING,2026-07-17T22:43:12.080Z,7,1,6,6,5,1,1,1,LATEST_LIVE_GALLERY_READBACK_REQUIRED,data/audits/uncrustables-live-gallery-fetch-20260718/manifest.json,aeea0813c67584d5d082186fca92535487b7a96de1dedd9e0e0bb67930944f02,2fcbf0d976515200e261358816f29108f21672bc1604ae3e4c533ade0d10e79f
109,SA-ASDW-SNEW,B0H82SMZ2M,BLOCKED,POINT_IN_TIME_PASS_LATEST_READBACK_MISSING,2026-07-17T22:43:12.080Z,7,1,6,6,6,0,1,1,LATEST_LIVE_GALLERY_READBACK_REQUIRED,data/audits/uncrustables-live-gallery-fetch-20260718/manifest.json,aeea0813c67584d5d082186fca92535487b7a96de1dedd9e0e0bb67930944f02,e48432ca3c3991afd53d164498ab8d7fed95546eaba0f948657d4f5437c2a1d4
110,SC-ASH8-4RQG,B0H856DWVS,FAIL,POINT_IN_TIME_FAIL_REPAIR_NOT_APPLIED,2026-07-17T22:43:12.080Z,7,1,6,6,5,1,1,2,GALLERY_REPAIR_NOT_APPLIED;MISSING_RECIPE_COMPONENT:PB_BLUEBERRY_PROTEIN;UNBALANCED_RECIPE_COMPONENT_COUNTS;NOT_RECIPE_COMPONENT_ROUND_ROBIN;LATEST_LIVE_GALLERY_READBACK_REQUIRED,data/audits/uncrustables-live-gallery-fetch-20260718/manifest.json,aeea0813c67584d5d082186fca92535487b7a96de1dedd9e0e0bb67930944f02,7cc598840e33e4ec27b7ae64a6b486cc5daefe762ca7566c669b638a4242b6fb
111,SG-AS32-LZ9Y,B0H8564C6D,FAIL,POINT_IN_TIME_FAIL_REPAIR_NOT_APPLIED,2026-07-17T22:43:12.080Z,7,1,6,5,4,1,1,2,GALLERY_REPAIR_NOT_APPLIED;UNAPPROVED_SHARED_CONTEXT_ASSET;MISSING_RECIPE_COMPONENT:PB_CHOCOLATE_FLAVORED_SPREAD;UNBALANCED_RECIPE_COMPONENT_COUNTS;NOT_RECIPE_COMPONENT_ROUND_ROBIN;LATEST_LIVE_GALLERY_READBACK_REQUIRED,data/audits/uncrustables-live-gallery-fetch-20260718/manifest.json,aeea0813c67584d5d082186fca92535487b7a96de1dedd9e0e0bb67930944f02,65a1de2ff7fb12618a5a341028497b958665c4c9f23cf70851afedeea10a1309
112,SG-ASLB-M2DG,B0H84PFKYC,FAIL,POINT_IN_TIME_FAIL_REPAIR_NOT_APPLIED,2026-07-17T22:43:12.080Z,7,1,6,5,4,1,1,2,GALLERY_REPAIR_NOT_APPLIED;UNAPPROVED_SHARED_CONTEXT_ASSET;MISSING_RECIPE_COMPONENT:PB_GRAPE;UNBALANCED_RECIPE_COMPONENT_COUNTS;NOT_RECIPE_COMPONENT_ROUND_ROBIN;LATEST_LIVE_GALLERY_READBACK_REQUIRED,data/audits/uncrustables-live-gallery-fetch-20260718/manifest.json,aeea0813c67584d5d082186fca92535487b7a96de1dedd9e0e0bb67930944f02,5870858e29d1f62e7137442199e8dd20a0c24c4c025462231e5f905c74e054b4
113,SH-ASO0-PW37,B0H83ZH3TB,FAIL,POINT_IN_TIME_FAIL_REPAIR_NOT_APPLIED,2026-07-17T22:43:12.080Z,7,1,6,6,5,1,1,2,GALLERY_REPAIR_NOT_APPLIED;MISSING_RECIPE_COMPONENT:PB_GRAPE;UNBALANCED_RECIPE_COMPONENT_COUNTS;NOT_RECIPE_COMPONENT_ROUND_ROBIN;LATEST_LIVE_GALLERY_READBACK_REQUIRED,data/audits/uncrustables-live-gallery-fetch-20260718/manifest.json,aeea0813c67584d5d082186fca92535487b7a96de1dedd9e0e0bb67930944f02,d7fe8ab57a65719196a58bb72e3a2b4ae92b388de8d4e9670eda91f2eefdd3af
114,SS-AS9K-U9TV,B0H831889Q,BLOCKED,POINT_IN_TIME_PASS_LATEST_READBACK_MISSING,2026-07-17T22:43:12.080Z,7,1,6,6,5,1,1,1,LATEST_LIVE_GALLERY_READBACK_REQUIRED,data/audits/uncrustables-live-gallery-fetch-20260718/manifest.json,aeea0813c67584d5d082186fca92535487b7a96de1dedd9e0e0bb67930944f02,856ef24a9973b37b43de862ca676264d17375c2865f842c0d7e38d73ce5a315d
115,SU-ASS4-RV6R,B0H853HGHC,FAIL,POINT_IN_TIME_FAIL_REPAIR_NOT_APPLIED,2026-07-17T22:43:12.080Z,7,1,6,6,5,1,1,2,GALLERY_REPAIR_NOT_APPLIED;MISSING_RECIPE_COMPONENT:WHOLE_WHEAT_PB_GRAPE;UNBALANCED_RECIPE_COMPONENT_COUNTS;NOT_RECIPE_COMPONENT_ROUND_ROBIN;LATEST_LIVE_GALLERY_READBACK_REQUIRED,data/audits/uncrustables-live-gallery-fetch-20260718/manifest.json,aeea0813c67584d5d082186fca92535487b7a96de1dedd9e0e0bb67930944f02,7e7a80c782be26986855e49fdbca586e517a507bc97e2ec06f4ef571ba4d646a
116,SV-AS87-D6SV,B0H83ZGN22,FAIL,POINT_IN_TIME_FAIL_REPAIR_NOT_APPLIED,2026-07-17T22:43:12.080Z,7,1,6,6,5,1,1,2,GALLERY_REPAIR_NOT_APPLIED;MISSING_RECIPE_COMPONENT:PB_STRAWBERRY;UNBALANCED_RECIPE_COMPONENT_COUNTS;NOT_RECIPE_COMPONENT_ROUND_ROBIN;LATEST_LIVE_GALLERY_READBACK_REQUIRED,data/audits/uncrustables-live-gallery-fetch-20260718/manifest.json,aeea0813c67584d5d082186fca92535487b7a96de1dedd9e0e0bb67930944f02,89f9569711868a15e8795c5fc8c1d5d86b4e52df3555c81945eb3ce5f47e80bf
117,SZ-ASPI-JFAT,B0H776M5B5,FAIL,POINT_IN_TIME_FAIL_REPAIR_NOT_APPLIED,2026-07-17T22:43:12.080Z,1,1,0,0,0,0,0,1,GALLERY_REPAIR_NOT_APPLIED;SECONDARY_COUNT_OUT_OF_RANGE;MISSING_RECIPE_COMPONENT:PB_BLACKBERRY;PRODUCT_OR_CONTEXT_COUNT_OUT_OF_RANGE;LATEST_LIVE_GALLERY_READBACK_REQUIRED,data/audits/uncrustables-live-gallery-fetch-20260718/manifest.json,aeea0813c67584d5d082186fca92535487b7a96de1dedd9e0e0bb67930944f02,4ef0caa297667806665db38df06637047f92fe8ea2a73b9d8e07a1ec3deeb33c
118,TH-AS6D-CCES,B0H845HSDZ,FAIL,POINT_IN_TIME_FAIL_REPAIR_NOT_APPLIED,2026-07-17T22:43:12.080Z,7,1,6,5,4,1,1,2,GALLERY_REPAIR_NOT_APPLIED;UNAPPROVED_SHARED_CONTEXT_ASSET;MISSING_RECIPE_COMPONENT:CHOCOLATE_HAZELNUT;UNBALANCED_RECIPE_COMPONENT_COUNTS;NOT_RECIPE_COMPONENT_ROUND_ROBIN;LATEST_LIVE_GALLERY_READBACK_REQUIRED,data/audits/uncrustables-live-gallery-fetch-20260718/manifest.json,aeea0813c67584d5d082186fca92535487b7a96de1dedd9e0e0bb67930944f02,9c2f4b25c8d5d8e91db765f001c84ffae1fc662c39674d236c78f90a13ec3495
119,TL-ASHN-ZRKG,B0H85P9F3R,FAIL,POINT_IN_TIME_FAIL_REPAIR_NOT_APPLIED,2026-07-17T22:43:12.080Z,7,1,6,5,5,0,1,2,GALLERY_REPAIR_NOT_APPLIED;DISALLOWED_ASSET_SHA256;ASSET_HAS_POLICY_ISSUES;UNAPPROVED_SHARED_CONTEXT_ASSET;MISSING_RECIPE_COMPONENT:PB_MIXED_BERRY_MORNING_PROTEIN;UNBALANCED_RECIPE_COMPONENT_COUNTS;NOT_RECIPE_COMPONENT_ROUND_ROBIN;LATEST_LIVE_GALLERY_READBACK_REQUIRED,data/audits/uncrustables-live-gallery-fetch-20260718/manifest.json,aeea0813c67584d5d082186fca92535487b7a96de1dedd9e0e0bb67930944f02,c858853e0aa6faace35de76506a13d518305608f3638f2f677d53cf95f2c1773
120,TP-AS91-8PAZ,B0H835T5HN,BLOCKED,POINT_IN_TIME_PASS_LATEST_READBACK_MISSING,2026-07-17T22:43:12.080Z,7,1,6,6,6,0,1,1,LATEST_LIVE_GALLERY_READBACK_REQUIRED,data/audits/uncrustables-live-gallery-fetch-20260718/manifest.json,aeea0813c67584d5d082186fca92535487b7a96de1dedd9e0e0bb67930944f02,c76352174c32868d599e1947990202b23bdb9a41c83040424b3e56d2fe807a2b
121,TQ-ASBR-96TC,B0H82BCZ44,BLOCKED,POINT_IN_TIME_PASS_LATEST_READBACK_MISSING,2026-07-17T22:43:12.080Z,7,1,6,6,6,0,1,1,LATEST_LIVE_GALLERY_READBACK_REQUIRED,data/audits/uncrustables-live-gallery-fetch-20260718/manifest.json,aeea0813c67584d5d082186fca92535487b7a96de1dedd9e0e0bb67930944f02,04785c0b526068c00946fd9420c09d5ee32634072f1be0a4bfd920a2feb3a0a8
122,TQ-ASC4-P2NP,B0H839G6RQ,BLOCKED,POINT_IN_TIME_PASS_LATEST_READBACK_MISSING,2026-07-17T22:43:12.080Z,7,1,6,6,6,0,1,1,LATEST_LIVE_GALLERY_READBACK_REQUIRED,data/audits/uncrustables-live-gallery-fetch-20260718/manifest.json,aeea0813c67584d5d082186fca92535487b7a96de1dedd9e0e0bb67930944f02,96e277867d24fc715e553ee8ce48945d9753283798413cd138bf5dfd3df4319f
123,TY-AST2-JE9P,B0H84WQRXB,FAIL,POINT_IN_TIME_FAIL_REPAIR_NOT_APPLIED,2026-07-17T22:43:12.080Z,7,1,6,5,4,1,1,2,GALLERY_REPAIR_NOT_APPLIED;UNAPPROVED_SHARED_CONTEXT_ASSET;MISSING_RECIPE_COMPONENT:PB_MIXED_BERRY_MORNING_PROTEIN;UNBALANCED_RECIPE_COMPONENT_COUNTS;NOT_RECIPE_COMPONENT_ROUND_ROBIN;LATEST_LIVE_GALLERY_READBACK_REQUIRED,data/audits/uncrustables-live-gallery-fetch-20260718/manifest.json,aeea0813c67584d5d082186fca92535487b7a96de1dedd9e0e0bb67930944f02,15c58cf901650d030728e9197e34e7dd7978faea3466000c8fcc19abad69289c
124,UA-ASAO-RE7Q,B0H784LMG6,FAIL,POINT_IN_TIME_FAIL_REPAIR_NOT_APPLIED,2026-07-17T22:43:12.080Z,7,1,6,4,3,1,1,1,GALLERY_REPAIR_NOT_APPLIED;FIXED_CARD_NOT_EXACT_GALLERY_1;DISALLOWED_ASSET_SHA256;ASSET_HAS_POLICY_ISSUES;UNAPPROVED_SHARED_CONTEXT_ASSET;FIXED_CARD_OUTSIDE_GALLERY_1;PERCEPTUAL_DUPLICATE_REMOVED;LATEST_LIVE_GALLERY_READBACK_REQUIRED,data/audits/uncrustables-live-gallery-fetch-20260718/manifest.json,aeea0813c67584d5d082186fca92535487b7a96de1dedd9e0e0bb67930944f02,372dba8996cf4bccd1824e01680930c912eb69a7b36dfba6745db4fa65622a33
125,UD-AS9J-QNY6,B0H834L7P6,FAIL,POINT_IN_TIME_FAIL_REPAIR_NOT_APPLIED,2026-07-17T22:43:12.080Z,7,1,6,5,4,1,1,1,GALLERY_REPAIR_NOT_APPLIED;DISALLOWED_ASSET_SHA256;ASSET_HAS_POLICY_ISSUES;UNAPPROVED_SHARED_CONTEXT_ASSET;LATEST_LIVE_GALLERY_READBACK_REQUIRED,data/audits/uncrustables-live-gallery-fetch-20260718/manifest.json,aeea0813c67584d5d082186fca92535487b7a96de1dedd9e0e0bb67930944f02,62672bb85a4e642f2ed6a34e53729e95c4642e3deacbfb80f7a042c423cf5452
126,UE-ASA6-CLLY,B0H83ZHZ4S,FAIL,POINT_IN_TIME_FAIL_REPAIR_NOT_APPLIED,2026-07-17T22:43:12.080Z,7,1,6,5,4,1,1,2,GALLERY_REPAIR_NOT_APPLIED;UNAPPROVED_SHARED_CONTEXT_ASSET;MISSING_RECIPE_COMPONENT:PB_BLACKBERRY;UNBALANCED_RECIPE_COMPONENT_COUNTS;NOT_RECIPE_COMPONENT_ROUND_ROBIN;LATEST_LIVE_GALLERY_READBACK_REQUIRED,data/audits/uncrustables-live-gallery-fetch-20260718/manifest.json,aeea0813c67584d5d082186fca92535487b7a96de1dedd9e0e0bb67930944f02,d4c03f853dd5d6182b47f03ed9c9459cb51228fef7dbedbabbeb4795fcb4ccf1
127,UF-ASA1-GN5P,B0H854DM3X,FAIL,POINT_IN_TIME_FAIL_REPAIR_NOT_APPLIED,2026-07-17T22:43:12.080Z,7,1,6,5,4,1,1,2,GALLERY_REPAIR_NOT_APPLIED;DISALLOWED_ASSET_SHA256;ASSET_HAS_POLICY_ISSUES;UNAPPROVED_SHARED_CONTEXT_ASSET;MISSING_RECIPE_COMPONENT:PB_STRAWBERRY;UNBALANCED_RECIPE_COMPONENT_COUNTS;NOT_RECIPE_COMPONENT_ROUND_ROBIN;LATEST_LIVE_GALLERY_READBACK_REQUIRED,data/audits/uncrustables-live-gallery-fetch-20260718/manifest.json,aeea0813c67584d5d082186fca92535487b7a96de1dedd9e0e0bb67930944f02,d4497044e14c936223867a195dc2ad87e87e784e280d26d8ca71546b2088a82b
128,UG-ASUO-L4D9,B0H83FP8WW,BLOCKED,POINT_IN_TIME_PASS_LATEST_READBACK_MISSING,2026-07-17T22:43:12.080Z,7,1,6,6,5,1,1,1,LATEST_LIVE_GALLERY_READBACK_REQUIRED,data/audits/uncrustables-live-gallery-fetch-20260718/manifest.json,aeea0813c67584d5d082186fca92535487b7a96de1dedd9e0e0bb67930944f02,88f35385e66495aa602f25ac3b48aa42aff3da69c4c036e180472e36a9793984
129,UJ-ASQ1-9FNR,B0H82P651P,FAIL,POINT_IN_TIME_FAIL_REPAIR_NOT_APPLIED,2026-07-17T22:43:12.080Z,5,1,4,3,3,0,1,1,GALLERY_REPAIR_NOT_APPLIED;DISALLOWED_ASSET_SHA256;ASSET_HAS_POLICY_ISSUES;UNAPPROVED_SHARED_CONTEXT_ASSET;LATEST_LIVE_GALLERY_READBACK_REQUIRED,data/audits/uncrustables-live-gallery-fetch-20260718/manifest.json,aeea0813c67584d5d082186fca92535487b7a96de1dedd9e0e0bb67930944f02,0b942dc2bd9cc8425969459ac492321d6565e644450c351d98c0a959ba2c2ca5
130,UY-AS5N-A2E4,B0H83R4M3R,BLOCKED,POINT_IN_TIME_PASS_LATEST_READBACK_MISSING,2026-07-17T22:43:12.080Z,7,1,6,6,5,1,1,1,LATEST_LIVE_GALLERY_READBACK_REQUIRED,data/audits/uncrustables-live-gallery-fetch-20260718/manifest.json,aeea0813c67584d5d082186fca92535487b7a96de1dedd9e0e0bb67930944f02,c0e33ef71f6cd2a4413a56259a6090f5a68bb321324f793fc1b33a9889a16cef
131,VA-ASOK-QJCA,B0H85RZDX5,FAIL,POINT_IN_TIME_FAIL_REPAIR_NOT_APPLIED,2026-07-17T22:43:12.080Z,7,1,6,6,5,1,1,2,GALLERY_REPAIR_NOT_APPLIED;MISSING_RECIPE_COMPONENT:PB_MIXED_BERRY_MORNING_PROTEIN;UNBALANCED_RECIPE_COMPONENT_COUNTS;NOT_RECIPE_COMPONENT_ROUND_ROBIN;LATEST_LIVE_GALLERY_READBACK_REQUIRED,data/audits/uncrustables-live-gallery-fetch-20260718/manifest.json,aeea0813c67584d5d082186fca92535487b7a96de1dedd9e0e0bb67930944f02,885ce79b17aefa03319228e40117f4974d68fb93c4a93984e254d08fbe2210f0
132,VC-ASQE-L5Z5,B0H82QYM85,FAIL,POINT_IN_TIME_FAIL_REPAIR_NOT_APPLIED,2026-07-17T22:43:12.080Z,7,1,6,5,5,0,1,1,GALLERY_REPAIR_NOT_APPLIED;DISALLOWED_ASSET_SHA256;ASSET_HAS_POLICY_ISSUES;UNAPPROVED_SHARED_CONTEXT_ASSET;LATEST_LIVE_GALLERY_READBACK_REQUIRED,data/audits/uncrustables-live-gallery-fetch-20260718/manifest.json,aeea0813c67584d5d082186fca92535487b7a96de1dedd9e0e0bb67930944f02,f5a20aeb54de74658542adb1179d166f683578e2c93130387c24481a04435ede
133,VC-ASV1-378P,B0H786L5MW,FAIL,POINT_IN_TIME_FAIL_REPAIR_NOT_APPLIED,2026-07-17T22:43:12.080Z,7,1,6,4,3,1,1,1,GALLERY_REPAIR_NOT_APPLIED;FIXED_CARD_NOT_EXACT_GALLERY_1;DISALLOWED_ASSET_SHA256;ASSET_HAS_POLICY_ISSUES;UNAPPROVED_SHARED_CONTEXT_ASSET;FIXED_CARD_OUTSIDE_GALLERY_1;PERCEPTUAL_DUPLICATE_REMOVED;LATEST_LIVE_GALLERY_READBACK_REQUIRED,data/audits/uncrustables-live-gallery-fetch-20260718/manifest.json,aeea0813c67584d5d082186fca92535487b7a96de1dedd9e0e0bb67930944f02,f8fc490a2e2208f8420fd092522611a33ef6149531cb8d42b569304296d27a6c
134,VH-ASHZ-TJEE,B0H856VWD6,FAIL,POINT_IN_TIME_FAIL_REPAIR_NOT_APPLIED,2026-07-17T22:43:12.080Z,7,1,6,5,4,1,1,2,GALLERY_REPAIR_NOT_APPLIED;DISALLOWED_ASSET_SHA256;ASSET_HAS_POLICY_ISSUES;UNAPPROVED_SHARED_CONTEXT_ASSET;MISSING_RECIPE_COMPONENT:PB_MIXED_BERRY_MORNING_PROTEIN;UNBALANCED_RECIPE_COMPONENT_COUNTS;NOT_RECIPE_COMPONENT_ROUND_ROBIN;LATEST_LIVE_GALLERY_READBACK_REQUIRED,data/audits/uncrustables-live-gallery-fetch-20260718/manifest.json,aeea0813c67584d5d082186fca92535487b7a96de1dedd9e0e0bb67930944f02,62c47d4ca3b57252a1db6b68a35ed787848a98a4b246a16a36b27938d5be7adc
135,VK-ASSB-3YFK,B0H85FY28F,FAIL,POINT_IN_TIME_FAIL_REPAIR_NOT_APPLIED,2026-07-17T22:43:12.080Z,7,1,6,5,4,1,1,2,GALLERY_REPAIR_NOT_APPLIED;DISALLOWED_ASSET_SHA256;ASSET_HAS_POLICY_ISSUES;UNAPPROVED_SHARED_CONTEXT_ASSET;MISSING_RECIPE_COMPONENT:WHOLE_WHEAT_PB_GRAPE;UNBALANCED_RECIPE_COMPONENT_COUNTS;NOT_RECIPE_COMPONENT_ROUND_ROBIN;LATEST_LIVE_GALLERY_READBACK_REQUIRED,data/audits/uncrustables-live-gallery-fetch-20260718/manifest.json,aeea0813c67584d5d082186fca92535487b7a96de1dedd9e0e0bb67930944f02,4f30548784f891474ce6247da19a36acede54337ed5e006a46a32aae7bd84e11
136,VN-AS1A-D572,B0H82PKK18,BLOCKED,POINT_IN_TIME_PASS_LATEST_READBACK_MISSING,2026-07-17T22:43:12.080Z,7,1,6,6,5,1,1,1,LATEST_LIVE_GALLERY_READBACK_REQUIRED,data/audits/uncrustables-live-gallery-fetch-20260718/manifest.json,aeea0813c67584d5d082186fca92535487b7a96de1dedd9e0e0bb67930944f02,86913e4c1682dcc5377d35338498f3a2ba025a51f85d423dee27437096de2979
137,VN-AS6Q-5AE9,B0H8538L32,FAIL,POINT_IN_TIME_FAIL_REPAIR_NOT_APPLIED,2026-07-17T22:43:12.080Z,7,1,6,5,4,1,1,2,GALLERY_REPAIR_NOT_APPLIED;DISALLOWED_ASSET_SHA256;ASSET_HAS_POLICY_ISSUES;UNAPPROVED_SHARED_CONTEXT_ASSET;MISSING_RECIPE_COMPONENT:CHOCOLATE_HAZELNUT;UNBALANCED_RECIPE_COMPONENT_COUNTS;NOT_RECIPE_COMPONENT_ROUND_ROBIN;LATEST_LIVE_GALLERY_READBACK_REQUIRED,data/audits/uncrustables-live-gallery-fetch-20260718/manifest.json,aeea0813c67584d5d082186fca92535487b7a96de1dedd9e0e0bb67930944f02,c579ecce0c790110fce5c9efb88a3f2055d06bfb2c0b61e65c5519cd098a09e5
138,VT-ASTH-B6LM,B0H85CL8JD,FAIL,POINT_IN_TIME_FAIL_REPAIR_NOT_APPLIED,2026-07-17T22:43:12.080Z,7,1,6,5,4,1,1,2,GALLERY_REPAIR_NOT_APPLIED;DISALLOWED_ASSET_SHA256;ASSET_HAS_POLICY_ISSUES;UNAPPROVED_SHARED_CONTEXT_ASSET;MISSING_RECIPE_COMPONENT:PB_APPLE_CINNAMON_PROTEIN;UNBALANCED_RECIPE_COMPONENT_COUNTS;NOT_RECIPE_COMPONENT_ROUND_ROBIN;LATEST_LIVE_GALLERY_READBACK_REQUIRED,data/audits/uncrustables-live-gallery-fetch-20260718/manifest.json,aeea0813c67584d5d082186fca92535487b7a96de1dedd9e0e0bb67930944f02,a51819c144b2631b492fdd4d3d404302f632d43a4938cf980f3409a85ef33a80
139,WC-ASH5-EFN6,B0H833W54L,BLOCKED,POINT_IN_TIME_PASS_LATEST_READBACK_MISSING,2026-07-17T22:43:12.080Z,7,1,6,6,5,1,1,1,LATEST_LIVE_GALLERY_READBACK_REQUIRED,data/audits/uncrustables-live-gallery-fetch-20260718/manifest.json,aeea0813c67584d5d082186fca92535487b7a96de1dedd9e0e0bb67930944f02,0466cb8a0629f478fb456bc036325dc2c0f065e11aeb0ef775a0417dccaadfbf
140,WK-AS2R-FJUW,B0H82XBNVN,FAIL,POINT_IN_TIME_FAIL_REPAIR_NOT_APPLIED,2026-07-17T22:43:12.080Z,7,1,6,5,4,1,1,1,GALLERY_REPAIR_NOT_APPLIED;DISALLOWED_ASSET_SHA256;ASSET_HAS_POLICY_ISSUES;UNAPPROVED_SHARED_CONTEXT_ASSET;LATEST_LIVE_GALLERY_READBACK_REQUIRED,data/audits/uncrustables-live-gallery-fetch-20260718/manifest.json,aeea0813c67584d5d082186fca92535487b7a96de1dedd9e0e0bb67930944f02,db26a117f5279edff65470fe040df74ee79f0728eeb611499a27f9513f2b06f2
141,WK-AS7E-M3CE,B0H843R64X,FAIL,POINT_IN_TIME_FAIL_REPAIR_NOT_APPLIED,2026-07-17T22:43:12.080Z,7,1,6,6,5,1,1,2,GALLERY_REPAIR_NOT_APPLIED;MISSING_RECIPE_COMPONENT:PB_MIXED_BERRY_MORNING_PROTEIN;UNBALANCED_RECIPE_COMPONENT_COUNTS;NOT_RECIPE_COMPONENT_ROUND_ROBIN;LATEST_LIVE_GALLERY_READBACK_REQUIRED,data/audits/uncrustables-live-gallery-fetch-20260718/manifest.json,aeea0813c67584d5d082186fca92535487b7a96de1dedd9e0e0bb67930944f02,1714164a57d6548bca9fbdb5294ed77d08343647f83dc52846af3362d12e77b6
142,WK-ASPD-G9HL,B0H85CF81Y,FAIL,POINT_IN_TIME_FAIL_REPAIR_NOT_APPLIED,2026-07-17T22:43:12.080Z,7,1,6,5,4,1,1,2,GALLERY_REPAIR_NOT_APPLIED;DISALLOWED_ASSET_SHA256;ASSET_HAS_POLICY_ISSUES;UNAPPROVED_SHARED_CONTEXT_ASSET;MISSING_RECIPE_COMPONENT:PB_PLAIN;UNBALANCED_RECIPE_COMPONENT_COUNTS;NOT_RECIPE_COMPONENT_ROUND_ROBIN;LATEST_LIVE_GALLERY_READBACK_REQUIRED,data/audits/uncrustables-live-gallery-fetch-20260718/manifest.json,aeea0813c67584d5d082186fca92535487b7a96de1dedd9e0e0bb67930944f02,bb91144736d4a8eb8b552736ca4af78477b37a195454ee19fd6aad0ca4616c72
143,WN-AS33-UFEA,B0H83RCTVV,FAIL,POINT_IN_TIME_FAIL_REPAIR_NOT_APPLIED,2026-07-17T22:43:12.080Z,7,1,6,5,4,1,1,1,GALLERY_REPAIR_NOT_APPLIED;DISALLOWED_ASSET_SHA256;ASSET_HAS_POLICY_ISSUES;UNAPPROVED_SHARED_CONTEXT_ASSET;LATEST_LIVE_GALLERY_READBACK_REQUIRED,data/audits/uncrustables-live-gallery-fetch-20260718/manifest.json,aeea0813c67584d5d082186fca92535487b7a96de1dedd9e0e0bb67930944f02,ded66557f88c71c3c5fcdb28dd478d5bcb2647cc5b5f0bc7958f0c0cf7ed7f58
144,WR-ASR5-AVWE,B0H859VYXH,FAIL,POINT_IN_TIME_FAIL_REPAIR_NOT_APPLIED,2026-07-17T22:43:12.080Z,7,1,6,6,5,1,1,2,GALLERY_REPAIR_NOT_APPLIED;MISSING_RECIPE_COMPONENT:CHOCOLATE_HAZELNUT;UNBALANCED_RECIPE_COMPONENT_COUNTS;NOT_RECIPE_COMPONENT_ROUND_ROBIN;LATEST_LIVE_GALLERY_READBACK_REQUIRED,data/audits/uncrustables-live-gallery-fetch-20260718/manifest.json,aeea0813c67584d5d082186fca92535487b7a96de1dedd9e0e0bb67930944f02,f161c85da8aae4fd619fcebeb147a244626f8b76531b12be172c913c6897aaef
145,WR-ASTH-TPXV,B0H85DRT93,FAIL,POINT_IN_TIME_FAIL_REPAIR_NOT_APPLIED,2026-07-17T22:43:12.080Z,7,1,6,6,5,1,1,2,GALLERY_REPAIR_NOT_APPLIED;MISSING_RECIPE_COMPONENT:PB_MIXED_BERRY_MORNING_PROTEIN;UNBALANCED_RECIPE_COMPONENT_COUNTS;NOT_RECIPE_COMPONENT_ROUND_ROBIN;LATEST_LIVE_GALLERY_READBACK_REQUIRED,data/audits/uncrustables-live-gallery-fetch-20260718/manifest.json,aeea0813c67584d5d082186fca92535487b7a96de1dedd9e0e0bb67930944f02,558f0039b83b6efbd3a99de5da6dacdb718fd6359e1c9126ab36c440cdef9987
146,WZ-ASXK-ZFAS,B0H85DF1R7,FAIL,POINT_IN_TIME_FAIL_REPAIR_NOT_APPLIED,2026-07-17T22:43:12.080Z,7,1,6,5,4,1,1,2,GALLERY_REPAIR_NOT_APPLIED;DISALLOWED_ASSET_SHA256;ASSET_HAS_POLICY_ISSUES;UNAPPROVED_SHARED_CONTEXT_ASSET;MISSING_RECIPE_COMPONENT:PB_BLUEBERRY_PROTEIN;UNBALANCED_RECIPE_COMPONENT_COUNTS;NOT_RECIPE_COMPONENT_ROUND_ROBIN;LATEST_LIVE_GALLERY_READBACK_REQUIRED,data/audits/uncrustables-live-gallery-fetch-20260718/manifest.json,aeea0813c67584d5d082186fca92535487b7a96de1dedd9e0e0bb67930944f02,5f4de982928c9aebf42ad90862fba44bd30d990201f2932ee5ae68d2311b1348
147,XE-ASK1-BNRB,B0H81WMJBP,FAIL,POINT_IN_TIME_FAIL_REPAIR_NOT_APPLIED,2026-07-17T22:43:12.080Z,7,1,6,5,4,1,1,1,GALLERY_REPAIR_NOT_APPLIED;UNAPPROVED_SHARED_CONTEXT_ASSET;LATEST_LIVE_GALLERY_READBACK_REQUIRED,data/audits/uncrustables-live-gallery-fetch-20260718/manifest.json,aeea0813c67584d5d082186fca92535487b7a96de1dedd9e0e0bb67930944f02,70e4e7eab5571c916a99065da657ce9ba4456e53f05d68c951fccdbe1d42faf2
148,XJ-ASVD-CDMW,B0H82MSTD9,BLOCKED,POINT_IN_TIME_PASS_LATEST_READBACK_MISSING,2026-07-17T22:43:12.080Z,7,1,6,6,5,1,1,1,LATEST_LIVE_GALLERY_READBACK_REQUIRED,data/audits/uncrustables-live-gallery-fetch-20260718/manifest.json,aeea0813c67584d5d082186fca92535487b7a96de1dedd9e0e0bb67930944f02,e7de64e5d8a6fa62b9683438bbef85590880fe6d30bebaa1f12b8e3295768c85
149,XV-ASEU-GDUX,B0H82YRTS3,FAIL,POINT_IN_TIME_FAIL_REPAIR_NOT_APPLIED,2026-07-17T22:43:12.080Z,5,1,4,3,3,0,1,1,GALLERY_REPAIR_NOT_APPLIED;DISALLOWED_ASSET_SHA256;ASSET_HAS_POLICY_ISSUES;UNAPPROVED_SHARED_CONTEXT_ASSET;LATEST_LIVE_GALLERY_READBACK_REQUIRED,data/audits/uncrustables-live-gallery-fetch-20260718/manifest.json,aeea0813c67584d5d082186fca92535487b7a96de1dedd9e0e0bb67930944f02,248f2e8550a8c74584978017d319d697364021782466620e55febfc10c43764c
150,XW-ASSI-SZZT,B0H858GF4N,FAIL,POINT_IN_TIME_FAIL_REPAIR_NOT_APPLIED,2026-07-17T22:43:12.080Z,7,1,6,5,4,1,1,2,GALLERY_REPAIR_NOT_APPLIED;DISALLOWED_ASSET_SHA256;ASSET_HAS_POLICY_ISSUES;UNAPPROVED_SHARED_CONTEXT_ASSET;MISSING_RECIPE_COMPONENT:PB_PLAIN;UNBALANCED_RECIPE_COMPONENT_COUNTS;NOT_RECIPE_COMPONENT_ROUND_ROBIN;LATEST_LIVE_GALLERY_READBACK_REQUIRED,data/audits/uncrustables-live-gallery-fetch-20260718/manifest.json,aeea0813c67584d5d082186fca92535487b7a96de1dedd9e0e0bb67930944f02,d442a3dcf5d971be15ea721e556a6e5fd27a080e28c2a493e99557f6e34db9c2
151,YA-ASX6-PZE7,B0H82YB4PD,BLOCKED,POINT_IN_TIME_PASS_LATEST_READBACK_MISSING,2026-07-17T22:43:12.080Z,7,1,6,6,6,0,1,1,LATEST_LIVE_GALLERY_READBACK_REQUIRED,data/audits/uncrustables-live-gallery-fetch-20260718/manifest.json,aeea0813c67584d5d082186fca92535487b7a96de1dedd9e0e0bb67930944f02,22debfe4ec257779a7466a8a0baec207541c8ffc031623f88b99019193b2f906
152,YF-ASZJ-8BBH,B0H822MPKC,FAIL,POINT_IN_TIME_FAIL_REPAIR_NOT_APPLIED,2026-07-17T22:43:12.080Z,7,1,6,5,4,1,1,1,GALLERY_REPAIR_NOT_APPLIED;DISALLOWED_ASSET_SHA256;ASSET_HAS_POLICY_ISSUES;UNAPPROVED_SHARED_CONTEXT_ASSET;LATEST_LIVE_GALLERY_READBACK_REQUIRED,data/audits/uncrustables-live-gallery-fetch-20260718/manifest.json,aeea0813c67584d5d082186fca92535487b7a96de1dedd9e0e0bb67930944f02,f0e4e32a5c10f2dbe0c9348a21f9b023651a7e3a82b39d71ffd0e478bf0d69e5
153,YG-ASH6-BCXX,B0H8511Y5G,FAIL,POINT_IN_TIME_FAIL_REPAIR_NOT_APPLIED,2026-07-17T22:43:12.080Z,7,1,6,5,4,1,1,2,GALLERY_REPAIR_NOT_APPLIED;DISALLOWED_ASSET_SHA256;ASSET_HAS_POLICY_ISSUES;UNAPPROVED_SHARED_CONTEXT_ASSET;MISSING_RECIPE_COMPONENT:PB_BLACKBERRY;UNBALANCED_RECIPE_COMPONENT_COUNTS;NOT_RECIPE_COMPONENT_ROUND_ROBIN;LATEST_LIVE_GALLERY_READBACK_REQUIRED,data/audits/uncrustables-live-gallery-fetch-20260718/manifest.json,aeea0813c67584d5d082186fca92535487b7a96de1dedd9e0e0bb67930944f02,ba4b6fdde28b9932a89dc8991d262375b5950862fb691de036f20b80ace0af24
154,YH-ASQ8-45ED,B0H82QPCJL,FAIL,POINT_IN_TIME_FAIL_REPAIR_NOT_APPLIED,2026-07-17T22:43:12.080Z,7,1,6,5,4,1,1,1,GALLERY_REPAIR_NOT_APPLIED;DISALLOWED_ASSET_SHA256;ASSET_HAS_POLICY_ISSUES;UNAPPROVED_SHARED_CONTEXT_ASSET;LATEST_LIVE_GALLERY_READBACK_REQUIRED,data/audits/uncrustables-live-gallery-fetch-20260718/manifest.json,aeea0813c67584d5d082186fca92535487b7a96de1dedd9e0e0bb67930944f02,b9a3b879c1f4a7efaf81b68e8ff9a111e54bb4072a79107f1022edb5b69a4460
155,YM-AS7P-ZX44,B0H83S1LDG,BLOCKED,POINT_IN_TIME_PASS_LATEST_READBACK_MISSING,2026-07-17T22:43:12.080Z,7,1,6,6,6,0,1,1,LATEST_LIVE_GALLERY_READBACK_REQUIRED,data/audits/uncrustables-live-gallery-fetch-20260718/manifest.json,aeea0813c67584d5d082186fca92535487b7a96de1dedd9e0e0bb67930944f02,09be0c35bf5451d90fc3dcc3643a004595dae77b04ba1cd6e3525f3aef4b0c0d
156,YV-AST8-LMKN,B0H859JMGJ,FAIL,POINT_IN_TIME_FAIL_REPAIR_NOT_APPLIED,2026-07-17T22:43:12.080Z,7,1,6,5,4,1,1,2,GALLERY_REPAIR_NOT_APPLIED;DISALLOWED_ASSET_SHA256;ASSET_HAS_POLICY_ISSUES;UNAPPROVED_SHARED_CONTEXT_ASSET;MISSING_RECIPE_COMPONENT:PB_CHOCOLATE_FLAVORED_SPREAD;UNBALANCED_RECIPE_COMPONENT_COUNTS;NOT_RECIPE_COMPONENT_ROUND_ROBIN;LATEST_LIVE_GALLERY_READBACK_REQUIRED,data/audits/uncrustables-live-gallery-fetch-20260718/manifest.json,aeea0813c67584d5d082186fca92535487b7a96de1dedd9e0e0bb67930944f02,195cc0faa0c2108adc224f5a84aecb080cf03fb7e8de6e308ba6fa827f4e86a8
157,ZB-ASKL-9W8G,B0H82LKBYH,BLOCKED,POINT_IN_TIME_PASS_LATEST_READBACK_MISSING,2026-07-17T22:43:12.080Z,7,1,6,6,6,0,1,1,LATEST_LIVE_GALLERY_READBACK_REQUIRED,data/audits/uncrustables-live-gallery-fetch-20260718/manifest.json,aeea0813c67584d5d082186fca92535487b7a96de1dedd9e0e0bb67930944f02,ee55c10b8bafb620df43de29e2b6d93855189d412779fb3f2acd7457d9977a28
158,ZC-ASDC-3QMV,B0H83TSB5J,BLOCKED,POINT_IN_TIME_PASS_LATEST_READBACK_MISSING,2026-07-17T22:43:12.080Z,7,1,6,6,5,1,1,1,LATEST_LIVE_GALLERY_READBACK_REQUIRED,data/audits/uncrustables-live-gallery-fetch-20260718/manifest.json,aeea0813c67584d5d082186fca92535487b7a96de1dedd9e0e0bb67930944f02,577f52ffe1f261db137b06a2048ad4b79b3f7336105686494666f294f6b97fc8
159,ZE-AS5W-FKH3,B0H8531B8B,FAIL,POINT_IN_TIME_FAIL_REPAIR_NOT_APPLIED,2026-07-17T22:43:12.080Z,7,1,6,5,4,1,1,2,GALLERY_REPAIR_NOT_APPLIED;DISALLOWED_ASSET_SHA256;ASSET_HAS_POLICY_ISSUES;UNAPPROVED_SHARED_CONTEXT_ASSET;MISSING_RECIPE_COMPONENT:PB_MIXED_BERRY_MORNING_PROTEIN;UNBALANCED_RECIPE_COMPONENT_COUNTS;NOT_RECIPE_COMPONENT_ROUND_ROBIN;LATEST_LIVE_GALLERY_READBACK_REQUIRED,data/audits/uncrustables-live-gallery-fetch-20260718/manifest.json,aeea0813c67584d5d082186fca92535487b7a96de1dedd9e0e0bb67930944f02,2727db79b95820eafcf1c45853d208f3dfd362efd83dd7f00f6ad4d1edca657b
160,ZH-AS8W-G5MN,B0H82LMD9Z,FAIL,POINT_IN_TIME_FAIL_REPAIR_NOT_APPLIED,2026-07-17T22:43:12.080Z,7,1,6,5,5,0,1,1,GALLERY_REPAIR_NOT_APPLIED;DISALLOWED_ASSET_SHA256;ASSET_HAS_POLICY_ISSUES;UNAPPROVED_SHARED_CONTEXT_ASSET;LATEST_LIVE_GALLERY_READBACK_REQUIRED,data/audits/uncrustables-live-gallery-fetch-20260718/manifest.json,aeea0813c67584d5d082186fca92535487b7a96de1dedd9e0e0bb67930944f02,f756d625f03e1680ff76639f13baf5a7f860ed9202543babae1804f85c1a8d37
161,ZP-ASJD-X7ZD,B0H85N7X8W,FAIL,POINT_IN_TIME_FAIL_REPAIR_NOT_APPLIED,2026-07-17T22:43:12.080Z,7,1,6,5,4,1,1,2,GALLERY_REPAIR_NOT_APPLIED;DISALLOWED_ASSET_SHA256;ASSET_HAS_POLICY_ISSUES;UNAPPROVED_SHARED_CONTEXT_ASSET;MISSING_RECIPE_COMPONENT:PB_MIXED_BERRY_MORNING_PROTEIN;UNBALANCED_RECIPE_COMPONENT_COUNTS;NOT_RECIPE_COMPONENT_ROUND_ROBIN;LATEST_LIVE_GALLERY_READBACK_REQUIRED,data/audits/uncrustables-live-gallery-fetch-20260718/manifest.json,aeea0813c67584d5d082186fca92535487b7a96de1dedd9e0e0bb67930944f02,9230375f9fca608f6e3ba38180d1271b18c9ef5441a3e5093cbdcaff850c4085
162,ZX-AS2C-GT8Q,B0H82L3LRT,FAIL,POINT_IN_TIME_FAIL_REPAIR_NOT_APPLIED,2026-07-17T22:43:12.080Z,7,1,6,5,4,1,1,1,GALLERY_REPAIR_NOT_APPLIED;DISALLOWED_ASSET_SHA256;ASSET_HAS_POLICY_ISSUES;UNAPPROVED_SHARED_CONTEXT_ASSET;LATEST_LIVE_GALLERY_READBACK_REQUIRED,data/audits/uncrustables-live-gallery-fetch-20260718/manifest.json,aeea0813c67584d5d082186fca92535487b7a96de1dedd9e0e0bb67930944f02,200c66a57dc417ba8968f1b4cd675d7cf1cc6e2cde8f573eeb445d6ca9f93025
163,ZX-ASQU-TKU9,B0H84PVG1G,FAIL,POINT_IN_TIME_FAIL_REPAIR_NOT_APPLIED,2026-07-17T22:43:12.080Z,7,1,6,5,4,1,1,2,GALLERY_REPAIR_NOT_APPLIED;DISALLOWED_ASSET_SHA256;ASSET_HAS_POLICY_ISSUES;UNAPPROVED_SHARED_CONTEXT_ASSET;MISSING_RECIPE_COMPONENT:PB_STRAWBERRY;UNBALANCED_RECIPE_COMPONENT_COUNTS;NOT_RECIPE_COMPONENT_ROUND_ROBIN;PERCEPTUAL_DUPLICATE_REMOVED;LATEST_LIVE_GALLERY_READBACK_REQUIRED,data/audits/uncrustables-live-gallery-fetch-20260718/manifest.json,aeea0813c67584d5d082186fca92535487b7a96de1dedd9e0e0bb67930944f02,308da3bdbcfe1060e09ae2870fd5b42da7286643fb000346b589e34d677f0e50
164,ZY-ASZ4-QM5U,B0H83T9QZV,BLOCKED,POINT_IN_TIME_PASS_LATEST_READBACK_MISSING,2026-07-17T22:43:12.080Z,7,1,6,6,5,1,1,1,LATEST_LIVE_GALLERY_READBACK_REQUIRED,data/audits/uncrustables-live-gallery-fetch-20260718/manifest.json,aeea0813c67584d5d082186fca92535487b7a96de1dedd9e0e0bb67930944f02,d29313913925305182120fccd8a8c091d0ac4f7968e9db75dfee041ed5352bb5
