ordinal,sku,asin,status,other_slot_count,slot_indices,approved_card_slots,approved_card_exact_slot_1,additional_after_fixed_card,additional_count_4_to_6,relaxed_relevant_additional,obvious_irrelevant_additional,unknown_relevance_additional,slots_contiguous,exact_urls_unique,exact_asset_sha256_unique,known_true_visual_duplicate_count,local_binary_evidence_complete,fresh_secondary_binary_evidence_count,current_matches_sealed_after,remote_url_reachability_freshly_checked,needs_fix_reasons,unknown_reasons,listing_sha256,row_evidence_sha256
1,AC-AS4J-B64F,B0H82ZZS2P,PASS,7,1|2|3|4|5|6|7,1,true,6,true,6,0,0,true,true,true,0,true,0,true,false,,,43374c6b25a7d0407e4de07ad3c062572ff7a90aaf106dc524bc2637d3d6e830,70f4e8ed6088fd91c1d24ab3786bd4aa6a842802fdb3279d123975d268581b18
2,AD-AS4H-QXZD,B0H82J6V9T,PASS,5,1|2|3|4|5,1,true,4,true,4,0,0,true,true,true,0,true,0,true,false,,,b21b98079295c5b234d4a10457abece181fdfe79a78575ffd60db1833084f111,64ab8304d5d652a06514ff599373a9e690c386efd56724b7651df57d4df37f26
3,AG-ASKV-W9EN,B0H85B64V2,NEEDS_FIX,7,1|2|3|4|5|6|7,1,true,6,true,5,1,0,true,true,true,0,true,0,false,false,OBVIOUSLY_IRRELEVANT_OR_WRONG_COPY_IMAGE,,e98deab804cce4acb07e89dc3bc01323d42a9fca33c9854a08b05aa9e6458ee8,47f26b15dba9612b0c8621abfda3664c02e169382df4aaa7ff30e8ee1f5cd863
4,AJ-ASRB-HKC3,B0H84G7DHC,PASS,7,1|2|3|4|5|6|7,1,true,6,true,6,0,0,true,true,true,0,true,0,false,false,,,6c07adc219f830852d73b7434f8f7e1e5284d637466b48f792552f0ba19f9a84,432b568f501cf3fc20ad9503f407ee6c81472893c82d43ca14697b58606fbe60
5,AN-ASUW-49Y5,B0H8628LW3,NEEDS_FIX,7,1|2|3|4|5|6|7,1,true,6,true,5,1,0,true,true,true,0,true,0,false,false,OBVIOUSLY_IRRELEVANT_OR_WRONG_COPY_IMAGE,,cd3b33a74d9028e05fd4cc6ad7faa18d6858a2648027e4c11ab0067c2b981d13,6c341185f09d0820c3a9fb3b868c9c1ed828b315421b5a90b5d04b100d71720a
6,AU-AS97-USX8,B0H843Q9B5,PASS,7,1|2|3|4|5|6|7,1,true,6,true,6,0,0,true,true,true,0,true,0,false,false,,,d85e6b6b314a0f1f8c14ea40062416a252e51443aafdb1a6cb4f8a4bc93fa462,4f3383444dc90dcf400de7ecc11576c1768ea587cc5390f049d191cd49bd4dd0
7,AV-AS7X-8EXK,B0H82JTY19,NEEDS_FIX,7,1|2|3|4|5|6|7,1,true,6,true,5,1,0,true,true,true,0,true,0,false,false,OBVIOUSLY_IRRELEVANT_OR_WRONG_COPY_IMAGE,,bfe79fddaa070592159249c9496d15d48362295b869dd43b52b21df6254e3ed4,5ddf387fcf467419d0aa069bf609276f5f6b3ee862eb2ba6136cfb0cf53bc323
8,AY-AS5F-JEY9,B0H83MWTM7,NEEDS_FIX,7,1|2|3|4|5|6|7,1,true,6,true,5,1,0,true,true,true,0,true,0,false,false,OBVIOUSLY_IRRELEVANT_OR_WRONG_COPY_IMAGE,,43c2398ad541f81a20720a7da59eb3fa18b964d3412f7d7ecff9c4c6c5d0f43a,51f33a28c84b45fb20c7e79301c9a66b7cdf7454127d6a6b08dffef0fcd89b71
9,AZ-ASMY-VEQ2,B0H788M8WM,PASS,6,1|2|3|4|5|6,1,true,5,true,5,0,0,true,true,true,0,true,0,true,false,,,15708cd23449990940815147bd33bfaf1ff31ccb9d4f3244960aaf08bb5d0125,36b60082d270918df02c5214e869214ac5deb32c9b97676c2cbe92bc523020e6
10,BD-AS8P-XAW5,B0H85MXFH8,PASS,7,1|2|3|4|5|6|7,1,true,6,true,6,0,0,true,true,true,0,true,0,false,false,,,623c44e09bda48af30818aa583046ff61b0d97b16117a01eedee5ce255b6989f,8a2117bbeca9b93ec60d1d2a978d19c27e0f202231b9ff13cf6182ba2cd62768
11,BD-ASGH-LREJ,B0H86Z59DW,NEEDS_FIX,7,1|2|3|4|5|6|7,1,true,6,true,5,1,0,true,true,true,0,true,0,false,false,OBVIOUSLY_IRRELEVANT_OR_WRONG_COPY_IMAGE,,2b9e85a54f5f8339abd5d0c7081c5a157af673151b3821a828e0a2b17fc3f3c7,8feb2288e484a308e90268d00e25c6e82147c699cd5d80bbd9ca8b02626d0809
12,BH-AS7H-D4FV,B0H853MCYZ,NEEDS_FIX,7,1|2|3|4|5|6|7,1,true,6,true,5,1,0,true,true,true,0,true,0,false,false,OBVIOUSLY_IRRELEVANT_OR_WRONG_COPY_IMAGE,,df248a7eb70b11013440153684aff4b60885fa6d7c119651e265eebf4068a6b9,64fc5113d1d215a25824325f2d5e530b23f3f0158003eced91c75578d49e4f13
13,BH-ASTN-S4XJ,B0H83ZRNCS,PASS,7,1|2|3|4|5|6|7,1,true,6,true,6,0,0,true,true,true,0,true,0,false,false,,,ea61e807dd37739e4d4a9b582d5d028b4d43f09ad8e19d4fbd4562f1cf2483bd,1ab14aa9dfefec7b7a4024f81adf84430c5a45c0fd4283eb5bb560621306fc53
14,BH-ASVY-CR8H,B0H83S368B,PASS,7,1|2|3|4|5|6|7,1,true,6,true,6,0,0,true,true,true,0,true,0,false,false,,,cbda6526fd8edcc3530c51c2a4dae9b819fc3083e3c43bcfb64e21d1cf9261b6,260f4ae0f3d01e24c7d8692c71a9e62f232a976cec582a121bd4e254b909d627
15,BK-AS5Z-8UY5,B0H85JF1V1,NEEDS_FIX,7,1|2|3|4|5|6|7,1,true,6,true,5,1,0,true,true,true,0,true,0,false,false,OBVIOUSLY_IRRELEVANT_OR_WRONG_COPY_IMAGE,,633ecfe112dd73f0e45d76561ba6e83cadb4326bc8c02e000ee8a34ed25e57b8,42338d6f7e6cb2bb722c7500eea007873a236d5b91a7eb7d08a0b0058cc4e4cd
16,BM-AS5J-3MQY,B0H83LSCQQ,NEEDS_FIX,5,1|2|3|4|5,1,true,4,true,3,1,0,true,true,true,0,true,0,false,false,OBVIOUSLY_IRRELEVANT_OR_WRONG_COPY_IMAGE,,5e91148fa6711485d9b9abc285a1dfeeadb7dfe1d85c3b73ba4e54ec6b349628,360b71b205126b1a3caefdc94a2e2d248361a2b89f71c1c9e28c4a68c75975ce
17,BQ-ASUE-NT37,B0H842HL49,PASS,7,1|2|3|4|5|6|7,1,true,6,true,6,0,0,true,true,true,0,true,0,false,false,,,77d4df03396bf4ebae55fec8d2293ad4b830e5449f8b5aa348e10851feb2c789,9c5ab8f949f01c38924acfc179da075b6181b7c6fffd8c07079bbfb9adc0d604
18,BX-AS5P-6WQV,B0H83NM5PX,PASS,7,1|2|3|4|5|6|7,1,true,6,true,6,0,0,true,true,true,0,true,0,true,false,,,e466988d6f99382c1ef0fa8a896ef602a1df05b7d922e6665980de2ca0966827,cc22c9f0ee25c4287f53aa795bfe53c53fc04080bff92214d0121f31d1a6108b
19,BY-ASY2-8UJJ,B0H83789KC,NEEDS_FIX,7,1|2|3|4|5|6|7,1,true,6,true,5,1,0,true,true,true,0,true,0,false,false,OBVIOUSLY_IRRELEVANT_OR_WRONG_COPY_IMAGE,,b16644b2ea7c314b64aa68dadaf57ef99b915b3f92b6c386dea24446c30aa942,25d8c6b7d94c7524d763e8d7ae69f3071ae0bd9829b8bee1fa5b07899a6b9762
20,CE-ASGK-ZRHM,B0H84651LM,PASS,7,1|2|3|4|5|6|7,1,true,6,true,6,0,0,true,true,true,0,true,0,false,false,,,95d5da659e622eef8239db6d335f65afb38077a3f0daa7f52a82b2c44459f477,2afdd8a71d1c8bc869935e90065aafb52f985c1ce4d41e0db9572f805db7f76d
21,CK-ASUM-WT9W,B0H86PRTWS,NEEDS_FIX,7,1|2|3|4|5|6|7,1,true,6,true,5,1,0,true,true,true,0,true,0,false,false,OBVIOUSLY_IRRELEVANT_OR_WRONG_COPY_IMAGE,,99529428d0bbf25358ccdf3d644dd7d346a2ac5422ff00c4ce2fbaf6bce1cd4c,c8879382199bcff7dd899c984d103fb44785f5796964cd412f8cb8091af91ae9
22,CN-ASG6-892G,B0H8422DQ1,PASS,7,1|2|3|4|5|6|7,1,true,6,true,6,0,0,true,true,true,0,true,0,true,false,,,fd1c5ce3d6c9e3248afcb3e12da3085722bb981c3a1aa709265f54e02d6e4f75,15ae42340cc0363189752c8d2353e7d71e866aae7328106ea8ae300ccb9c940a
23,DA-ASF0-D7RG,B0H83VBTLT,NEEDS_FIX,7,1|2|3|4|5|6|7,1,true,6,true,5,1,0,true,true,true,0,true,0,false,false,OBVIOUSLY_IRRELEVANT_OR_WRONG_COPY_IMAGE,,376e0fc0b2d22cfeed1b7244b2e1ab06e900f6085ff7a8fc62a2975fe0a3bd3a,bc023940cb17ab207dac16d8d06537813af84d70325a08a70d6f01b53e36ea6c
24,DF-ASQT-BLUQ,B0H83FKSN6,PASS,7,1|2|3|4|5|6|7,1,true,6,true,6,0,0,true,true,true,0,true,0,true,false,,,5f69534bcf02a3c9156749c29e5d09042cd39caae35a8d0205a9584f1070dff0,4dfa232e63f41f59368e52a9a966de37bef90fd397ada0e21c023e2f6511809a
25,DP-ASQ6-ZPZU,B0H83Y8JH7,PASS,7,1|2|3|4|5|6|7,1,true,6,true,6,0,0,true,true,true,0,true,0,false,false,,,1ff3314105d655cf214f983347357583f24057824fe4895cf74cc8cb4b31e0d9,57bcca0b6448a0f4ebe271b095c394305611414669f19e3922a49962d97e5320
26,DY-AS8W-6MJG,B0H82MKPRJ,PASS,7,1|2|3|4|5|6|7,1,true,6,true,6,0,0,true,true,true,0,true,0,true,false,,,b1175135835d0c7913ee3e4543b8a0d6c07a4dbdf7164953a13e28ca69461411,43274d5064c9d7d5c5f74b7a0793dd496724b251aa62889cd785437f2fd1df80
27,EF-AS4A-JCLU,B0H83XB855,PASS,7,1|2|3|4|5|6|7,1,true,6,true,6,0,0,true,true,true,0,true,0,false,false,,,c753e939e4ce0a8ddc8aee8bd18bff341d516ed21cd45458d652cb93703da682,09a3b2b0e491232021b0bc798f928f92c3fdca96700b79b026f028c56a8a9358
28,EJ-ASCD-8K87,B0H82PXWKS,PASS,7,1|2|3|4|5|6|7,1,true,6,true,6,0,0,true,true,true,0,true,0,false,false,,,f6e20c268b0461eeb55dbc8654d0e9dda0e48962d24c7b3dcf060f1ce5b3dd28,39917d2419e0882608de441f4728f13c74dd99d4e06d41e5b9e43856e5e98d8f
29,ER-ASRK-TPYQ,B0H84JH1WN,PASS,7,1|2|3|4|5|6|7,1,true,6,true,6,0,0,true,true,true,0,true,0,false,false,,,eb8cc39bd561c75eee1c8a4c22e21a2ae8841ce87493813003bc76bee3e185a9,6e4051bd5785d0faa5a4b66fe3e681bef1cda517572c37df0d10bb019645d931
30,ES-AS8A-3W3M,B0H83D8TFQ,PASS,7,1|2|3|4|5|6|7,1,true,6,true,6,0,0,true,true,true,0,true,0,true,false,,,523de4b6e0704209258fc509145a2de4919690eeda6566425184fad45caaedf7,12b9c4b175a3d60c15cacf26e7d8ef06a0d266930911e5514e45d55d6220257f
31,EW-ASJ9-E79N,B0H82MT74H,PASS,7,1|2|3|4|5|6|7,1,true,6,true,6,0,0,true,true,true,0,true,0,true,false,,,8402aef9b81a6a1e61b2a777a4668d6444c1ea84d065ca68ed5d08c4068dda4c,14918c374e221f0383b143c37d83487e9a19a19811c5e10c5e75b463fca0db7a
32,EW-ASWP-PMZX,B0H891WSZ9,PASS,7,1|2|3|4|5|6|7,1,true,6,true,6,0,0,true,true,true,0,true,0,true,false,,,1d9abdfb214f63f4dc204251d3ac0c5358ac38fe9eef1f81d6f0ddfc0af128c6,84e43e1a7146249143a5796f2ec99a7ad353d572ada6c3d1b096d96390807b37
33,EX-ASC0-5CRL,B0H83JJW1F,NEEDS_FIX,5,1|2|3|4|5,1,true,4,true,3,1,0,true,true,true,0,true,0,false,false,OBVIOUSLY_IRRELEVANT_OR_WRONG_COPY_IMAGE,,4ba808ee5d32a7d8ed0789c7761ad4e830cf9efd19a14d9ce6622c415e422d75,4275ac81230a283f7d888eedef7353adb09974baf038bf05aa1303b64ed8e7fa
34,EZ-ASLA-Y7MZ,B0H83GBJLW,NEEDS_FIX,7,1|2|3|4|5|6|7,1,true,6,true,5,1,0,true,true,true,0,true,0,false,false,OBVIOUSLY_IRRELEVANT_OR_WRONG_COPY_IMAGE,,9fc49f106a75427400f8dc0694f3e0bb8ad9c29b63fc519a62c88e8981a817d9,c5b5c80ccd5241220cf8134ce54593bfb7ecbbaf87e058f28812ccad55e94d7a
35,FK-AS6B-6G25,B0H8259J9G,PASS,7,1|2|3|4|5|6|7,1,true,6,true,6,0,0,true,true,true,0,true,0,true,false,,,7dae07fd9578b235d85d51bd0141cabcbd2bedd557a400c092150477c1a50413,65fe4506980f1aa900cc841e8d223d23c046231f2e1d066b786053b2b89587e3
36,FM-AS51-S4MT,B0H853VHRF,NEEDS_FIX,7,1|2|3|4|5|6|7,1,true,6,true,5,1,0,true,true,true,0,true,0,false,false,OBVIOUSLY_IRRELEVANT_OR_WRONG_COPY_IMAGE,,bcfcef822e5a4c3e8bb0593c5f3c778fcd656e015718c9f8755b66ce56853f30,06080cd122bcfdc32c694ed9a88f5b09d2b139e5f62b5dfd6583388666eec26d
37,FN-ASVM-UWAG,B0H85J88LJ,NEEDS_FIX,7,1|2|3|4|5|6|7,1,true,6,true,5,1,0,true,true,true,0,true,0,false,false,OBVIOUSLY_IRRELEVANT_OR_WRONG_COPY_IMAGE,,ca6eb0b77ce9f7ea8514eff8ebda2f848a82e58054cf32def70e1e405c9c8c88,1b6b0375358660ed9f34828831215efe76bb306122574422b4fcf0f7c0315eab
38,FR-AS6X-5KJY,B0H827V9DJ,NEEDS_FIX,7,1|2|3|4|5|6|7,1,true,6,true,5,1,0,true,true,true,0,true,0,false,false,OBVIOUSLY_IRRELEVANT_OR_WRONG_COPY_IMAGE,,5246a6d0efa2706c0f0ef2d9bea23b129ab133ac4e982bf4de74a998998bc802,ab1a87f825edc8c27f4aa6b17470da68430d9717297adaf9b9daadb525196bc5
39,FV-AS47-EJZW,B0H82SZSYJ,PASS,7,1|2|3|4|5|6|7,1,true,6,true,6,0,0,true,true,true,0,true,0,true,false,,,bfa2841bd5a61b0f1c3aca2bc48a9388100f13b8e8539b27c150784ce77d5940,abf50c6196b291f6c90829c408e7a77e26b5ae5c43c32a107136fe6a662581ff
40,FX-AS2W-KHZT,B0H827J2XZ,PASS,7,1|2|3|4|5|6|7,1,true,6,true,6,0,0,true,true,true,0,true,0,true,false,,,c6258afe4f436c91f3e780b7e685f0ed2a715d0c7666423825c53064823656ff,909c04e3418728b3d86bb88171e05ce6e6271654967a793a22d023ad8c5b8916
41,GG-ASNC-C9WA,B0H8219Z7T,NEEDS_FIX,7,1|2|3|4|5|6|7,1,true,6,true,5,1,0,true,true,true,0,true,0,false,false,OBVIOUSLY_IRRELEVANT_OR_WRONG_COPY_IMAGE,,3f87adc77d0408b66f38984b678abb22fb8cb833a472b8d899c093897aa43f16,de95a24b17220a675f452d685c94175f1f618ea9adadf2cfaa9568042df263ef
42,GR-AS0R-YPCF,B0H82GJ292,NEEDS_FIX,7,1|2|3|4|5|6|7,1,true,6,true,5,1,0,true,true,true,0,true,0,false,false,OBVIOUSLY_IRRELEVANT_OR_WRONG_COPY_IMAGE,,100bb0d3c0e440cd92cd29d117fc9ab5f09649f8d325d7b35ac2f38fd2e575ae,f55ca2e0cd557da949071ce8744977c7735cdc88ce55b8e6f56bdd85f96b7a99
43,GR-AS1P-DBB2,B0H82S7TFG,NEEDS_FIX,7,1|2|3|4|5|6|7,1,true,6,true,5,1,0,true,true,true,0,true,0,false,false,OBVIOUSLY_IRRELEVANT_OR_WRONG_COPY_IMAGE,,702271e54aecbd8b508e7dd2262da201507e67f2afaa8d0bfd38bbdb05d80cf1,09f146265327204a1a99de08b151f82caa5e4d59b6c36134128031b9d7fae18b
44,GU-ASQ1-S7M6,B0H828GQLP,PASS,7,1|2|3|4|5|6|7,1,true,6,true,6,0,0,true,true,true,0,true,0,false,false,,,2445661a873d861df622c320485700b53e9c9e275b191e29142d9217c4487612,880f8deb611582a3be3dd7cbcdb3e48960c813d139834b4dbe397181eff8ef27
45,GX-ASTJ-WHV3,B0H83XV9WX,PASS,7,1|2|3|4|5|6|7,1,true,6,true,6,0,0,true,true,true,0,true,0,false,false,,,1c14176a7e26ad89424feb7e01af53d9c5f0f423f868e4a0fc9bee9e1b7422d2,45a93ff5df0d9717d057b5a26ca1f5befd15f93d16905a8b17757c652c52b3e2
46,HA-ASCR-ME3A,B0H85V287S,PASS,7,1|2|3|4|5|6|7,1,true,6,true,6,0,0,true,true,true,0,true,0,false,false,,,2832166cce9ad57bb40d02d6fee87606cbd5289311747497fcec76e0809da741,ba699adda1314081fe894d7aa9c1fbaf50204b0942e4f5141e408f8ec576c458
47,HD-ASEQ-MFAY,B0H83QW85C,PASS,7,1|2|3|4|5|6|7,1,true,6,true,6,0,0,true,true,true,0,true,0,true,false,,,6980f557734ef2fc67d59378a02cc13429402bc063aadfece89cbd422c760179,879e4f5125bfcae54b27558c76391715ef6e6304d6bdf9abae2eaef56581b4be
48,HR-AS7Q-7ZDF,B0H856RRRK,NEEDS_FIX,7,1|2|3|4|5|6|7,1,true,6,true,5,1,0,true,true,true,0,true,0,false,false,OBVIOUSLY_IRRELEVANT_OR_WRONG_COPY_IMAGE,,e1f68f524171059ca7fe9afcf618ea32aeb77729493876ac551c09d9caec1b32,0e49da51d2da567c97b3c49b39d3c3da5149235e550e388bd3f6ab5caea186b7
49,HU-ASMI-DN3X,B0H82YMT6K,PASS,7,1|2|3|4|5|6|7,1,true,6,true,6,0,0,true,true,true,0,true,0,true,false,,,2147437f7311692a880f8a9026b241cb9d0f328cd37f7d356de4cd3392b60f85,37ec304f0b8e812c2f9d24a126f005c639c601b8cfe064a057e28da8c648fa30
50,HX-ASO8-XCL2,B0H832SD15,NEEDS_FIX,7,1|2|3|4|5|6|7,1,true,6,true,5,1,0,true,true,true,0,true,0,false,false,OBVIOUSLY_IRRELEVANT_OR_WRONG_COPY_IMAGE,,ba041785a6c23060f31f6df89f4b04956426c49314a10a29a2a3aef3c70147b9,4d0be4ccb914c2cbd0d573785ecf7dd4e7d1656c447fe9a3c32b54569aad5b79
51,HZ-ASPS-4L22,B0H857K38C,NEEDS_FIX,7,1|2|3|4|5|6|7,1,true,6,true,5,1,0,true,true,true,0,true,0,false,false,OBVIOUSLY_IRRELEVANT_OR_WRONG_COPY_IMAGE,,87d7d4fa85f0d52cd9e8bd242628620db88ace07a15110913f9ad0bde3558275,4391d8d83730a8d317fc0ed933f9b72180f8c1d3453e8f62eeb41a24010b6e96
52,JC-ASM4-XXW7,B0H84ZL156,PASS,7,1|2|3|4|5|6|7,1,true,6,true,6,0,0,true,true,true,0,true,0,false,false,,,7352b32e232e6addfe961c2ab072e10675033ae96871b66b9bfa02e791ef2a18,e38a9f680e56970cf703afe03aebd78d9f82a08d057d795afb0effa94a86c3fc
53,JH-ASV9-Z46X,B0H8369PMK,PASS,7,1|2|3|4|5|6|7,1,true,6,true,6,0,0,true,true,true,0,true,0,true,false,,,6c8e56422d8dd722a4571cfbd1fd7deeef25ea8de7c63344ad974b47e4b988ea,de00cca3d220306497c0e2693d8e07eb892f1d5377a77eb65db659439e16b305
54,JL-ASUC-JUZE,B0H831MXGD,NEEDS_FIX,7,1|2|3|4|5|6|7,1,true,6,true,5,1,0,true,true,true,0,true,0,false,false,OBVIOUSLY_IRRELEVANT_OR_WRONG_COPY_IMAGE,,cc0d25c29f55be1bb7e6ce13928279c64f6dcfc96551babcd5aa7b1fa898d26e,85682c388f0cd9404339aca7906eecea2486dd71ef85252635804a8c735a7504
55,JS-AS5F-QB8T,B0H822TJ7C,PASS,7,1|2|3|4|5|6|7,1,true,6,true,6,0,0,true,true,true,0,true,0,true,false,,,3a0e02797cfd7cefc47c136afedc49cf887ee2f30a0f881fe545bc06e51648d4,06c767a1fd20dfd6ee6f85bdfea3ae695d7b62048ae41b6cd626e9af9007f222
56,JT-ASKD-KS8T,B0H83Z6S3Q,NEEDS_FIX,7,1|2|3|4|5|6|7,1,true,6,true,5,1,0,true,true,true,0,true,0,false,false,OBVIOUSLY_IRRELEVANT_OR_WRONG_COPY_IMAGE,,9545707b7b162bb78860da918605e5dd8039777ee93407647240727091f910cc,91ba6a5b14ac927ad28dfe14d33bdf84c2bc6ff34ea3e4f431b093884a5f91ff
57,JU-ASM0-KV4Z,B0H8462L4S,PASS,7,1|2|3|4|5|6|7,1,true,6,true,6,0,0,true,true,true,0,true,0,false,false,,,9a771620b9dfd366663b6a69fdda6672b5dbd19d986767f298ce12a1fae3a458,89717cecc483c84aaecde5e1024b3e30bcbfe96213bba3b693804bd51dff94b6
58,JU-ASYC-SSJD,B0H854C7SZ,NEEDS_FIX,7,1|2|3|4|5|6|7,1,true,6,true,5,1,0,true,true,true,0,true,0,false,false,OBVIOUSLY_IRRELEVANT_OR_WRONG_COPY_IMAGE,,5204587de2d5df2d664050ea208096e9423a2db83afeb68deae036db232a2a2f,b0a480cf242f917d8f60aca59280857e9552611ffa357b156fb03793ab968ce3
59,JY-ASPW-LB4K,B0H84621N6,PASS,7,1|2|3|4|5|6|7,1,true,6,true,6,0,0,true,true,true,0,true,0,false,false,,,703a3e3cad563fedcdc629235dd6ffbadf7d597a64b3c3ed6ccd1370cd335b1f,f5f28cbbc97fddbcae03ffdae422b855c0e21fb1f501ab0b78e15b985d86de6b
60,KD-AS12-8HZ3,B0H845JBM6,PASS,7,1|2|3|4|5|6|7,1,true,6,true,6,0,0,true,true,true,0,true,0,false,false,,,f026cbb68e1d19381576e26dcf8a403359e0a0da26998a762242a68507d7ae75,1e7ae61b08c0f25729cfb43c993c337d0667b673d71b6eead89cb0b9055de752
61,KN-ASYZ-ST4M,B0H83XBXHX,PASS,7,1|2|3|4|5|6|7,1,true,6,true,6,0,0,true,true,true,0,true,0,false,false,,,09be0285d255c2d8e0f379b70f3717ac7ab7abeff443e2738196700a4f2ed592,952e2f70cd46c95864d9c105136f3c71d3878d90d72f27d737ddd62ea48e1574
62,KP-ASYC-RN84,B0H83FYZR3,PASS,7,1|2|3|4|5|6|7,1,true,6,true,6,0,0,true,true,true,0,true,0,true,false,,,59197b40e8c342b58fcee031461eb5b4cadccb7d1d171f18ddfb7029b6ed1ab8,0155499a4145a332369608a9d1f108214bca031df8519f6669ba10272ec5517c
63,LH-ASP7-KZR4,B0H82XNFRW,NEEDS_FIX,7,1|2|3|4|5|6|7,1,true,6,true,5,1,0,true,true,true,0,true,0,false,false,OBVIOUSLY_IRRELEVANT_OR_WRONG_COPY_IMAGE,,1e0c1e91613e621bd91b4f2a7378c39c5675d68350003d779378bacc2d4db1d3,ff75cfd0859e44737be0df429a6caecd26ca975ebe4eed7a0daf50eb700141fb
64,LJ-ASYO-FWJK,B0H853SHVC,NEEDS_FIX,7,1|2|3|4|5|6|7,1,true,6,true,5,1,0,true,true,true,0,true,0,false,false,OBVIOUSLY_IRRELEVANT_OR_WRONG_COPY_IMAGE,,9a0aa39caeaf8f1744185e4ec474884f6657962573a0e9e98e44c10363714239,c76a5ade330b8a465cc4bf492c72caa9876f53bad5cc6c7b6932e6a030e8969c
65,LK-AS7X-K43B,B0H84CGGXL,PASS,7,1|2|3|4|5|6|7,1,true,6,true,6,0,0,true,true,true,0,true,0,false,false,,,c5922a8f98bc205b2942044cbf753b3a6d4d5787178a2eef3a2ac363d97b2ef1,c97270f776605e38048ac8b3191ddb09793846a49cbedbf019c8445122e72fae
66,LP-AS9J-HSVB,B0H82B7KK1,PASS,7,1|2|3|4|5|6|7,1,true,6,true,6,0,0,true,true,true,0,true,0,false,false,,,34a4b39ab6fc6d67d4bc405c98047bb3ffb7cb989a562d3b6bba417b7ce19f38,9bab0451db1c84118a7c764de7c204d429980b1069bcfa4b6e93126688dfec0f
67,LU-ASK0-LSDF,B0H84YZDB7,NEEDS_FIX,7,1|2|3|4|5|6|7,1,true,6,true,5,1,0,true,true,true,0,true,0,false,false,OBVIOUSLY_IRRELEVANT_OR_WRONG_COPY_IMAGE,,c66c144acb81b553d2687321f3e0e95a90f0e9afcc9e1a76ae27f34eba9b62cf,9791360a6c71a15626fb3fd16dd5504ca8fed6deb6a5cf40b0ff67d0b2e3f510
68,ME-AS1I-SEX2,B0H83RVHNF,PASS,7,1|2|3|4|5|6|7,1,true,6,true,6,0,0,true,true,true,0,true,0,true,false,,,14b36223920c42e8dd36f6d4b54946df3a871fc83873a32f098cfa4866cfc1bb,374b8d1dd02d85ba056de3573a961dd852e81bb543cb1af5d303e2e774dcb6f2
69,MF-AS0J-YRT4,B0H82NHQCL,NEEDS_FIX,7,1|2|3|4|5|6|7,1,true,6,true,5,1,0,true,true,true,0,true,0,false,false,OBVIOUSLY_IRRELEVANT_OR_WRONG_COPY_IMAGE,,4a76b46bb54f4bd282b300a34b5299324e50a505ee4336fb50541847f83eed74,f0479e5dcd258120e0cabe3cb434b0a0c87f6f395b34d278467a865fac060c30
70,MP-ASYO-QNU2,B0H84Z9KWL,NEEDS_FIX,7,1|2|3|4|5|6|7,1,true,6,true,5,1,0,true,true,true,0,true,0,false,false,OBVIOUSLY_IRRELEVANT_OR_WRONG_COPY_IMAGE,,8ad200bffe60b5b99ba70429186778b2ec582d036f07912d331f21052dff96e5,bc5d019f399fcd671f87738d3e7798aa053d9513dee9bcefd5e5b8daebf86914
71,MP-ASZ9-TKE7,B0H837HLKC,NEEDS_FIX,5,1|2|3|4|5,1,true,4,true,3,1,0,true,true,true,0,true,0,false,false,OBVIOUSLY_IRRELEVANT_OR_WRONG_COPY_IMAGE,,8e120fe4456fb879a25113292a0b4c4aaacc9f8f4571af59bbccb4735beba796,5f85bd2ef8a29b07cbf4f0f86968cbf3971c2d65ca744b6aa81c6896f638bbf2
72,NC-ASPL-EXE8,B0H83QRV43,PASS,7,1|2|3|4|5|6|7,1,true,6,true,6,0,0,true,true,true,0,true,0,false,false,,,dccddd58b1f294fd9a8dc89e6892610249b2b61cfb5d334811e766a96e1dfe25,70c8436fe92e66971e383afa32012637d45a45db6663f0472d2419b19ee85576
73,NJ-ASAC-PTK2,B0H82X48CD,NEEDS_FIX,7,1|2|3|4|5|6|7,1,true,6,true,5,1,0,true,true,true,0,true,0,false,false,OBVIOUSLY_IRRELEVANT_OR_WRONG_COPY_IMAGE,,6cdc6ff511872a084d2f708b017477e9a24ff996c7e9c3281f27ace525df235f,d0a761cfb63e5afa582676e7881d767474d0ae1064c4277dfd45b12d8cc03db7
74,NM-ASEW-S2SK,B0H86TVN3C,NEEDS_FIX,5,1|2|3|4|5,1,true,4,true,3,1,0,true,true,true,0,true,0,false,false,OBVIOUSLY_IRRELEVANT_OR_WRONG_COPY_IMAGE,,57c19a138f44681937ed6394e3708542eb308c736c238a2ac31817afd6a5b65f,b1bd5c9fed55f2b46ddc032b5f007dd97b068852d15954e51efeaab1407bd29a
75,NS-ASSD-B3JJ,B0H82L945T,PASS,7,1|2|3|4|5|6|7,1,true,6,true,6,0,0,true,true,true,0,true,0,true,false,,,258c9734cc382e1cd97ac5caedc3774370fc362b5b7c6b8317f23c30f6a10f44,7af01e875293234b86323ce9a4e26f2e7fba48f443d5875be958ecbb31388490
76,NT-ASIL-V5LK,B0H84547PM,PASS,7,1|2|3|4|5|6|7,1,true,6,true,6,0,0,true,true,true,0,true,0,false,false,,,fe4542e4432331da41d67252fe7c40cc84bb1ca91f022212a415ab3afa3c08c9,00b69adf55f9d0861e21db0bd858e7f70aba8f899eab4323e6e6c6876c3b0ba3
77,NV-AS86-HD44,B0H85KQJKS,NEEDS_FIX,7,1|2|3|4|5|6|7,1,true,6,true,5,1,0,true,true,true,0,true,0,false,false,OBVIOUSLY_IRRELEVANT_OR_WRONG_COPY_IMAGE,,af0fd0ab7bf45cbc58fae001262dae57d1b7975672006dd4f6d4688cf9a4826d,210c51f2030e156181d660e5497b7b7a4a13e02747a435e4a16468d08d5f332a
78,PB-ASAF-G2T6,B0H82K7Y7S,NEEDS_FIX,7,1|2|3|4|5|6|7,1,true,6,true,5,1,0,true,true,true,0,true,0,false,false,OBVIOUSLY_IRRELEVANT_OR_WRONG_COPY_IMAGE,,137e9324ccf899de87382d9e9d02e148269e1e12ac67099ca2812f649c026dcd,cdb84740365954fd57657f1b1bb55b45690fbff0d69ec1d5a03dca52ed242897
79,PJ-ASAX-6LTG,B0H82T12L7,PASS,7,1|2|3|4|5|6|7,1,true,6,true,6,0,0,true,true,true,0,true,0,true,false,,,4764b6ff43b24158b3f069940d61585b1356ce32264a7907f583d01281608bf4,a1cd56169b4425775bb2757fa1730a1ed7edba26c978e6c1c0f9d2bbbde47656
80,PJ-ASDX-E8LW,B0H85MGP35,NEEDS_FIX,7,1|2|3|4|5|6|7,1,true,6,true,5,1,0,true,true,true,0,true,0,false,false,OBVIOUSLY_IRRELEVANT_OR_WRONG_COPY_IMAGE,,c56520bdde074e629650498efcc0669d1829b93fdead3547d8b7cf8250a8b95d,0b60acb7fdead4ff848d1f5ae931be01eb4eac5f2c771801bf9ec6c230b02aec
81,PL-ASR9-U94A,B0H83RR2XQ,NEEDS_FIX,5,1|2|3|4|5,1,true,4,true,3,1,0,true,true,true,0,true,0,false,false,OBVIOUSLY_IRRELEVANT_OR_WRONG_COPY_IMAGE,,bf6b8b4e30db51d8cd7d659e40682f078b49c092d6f004e7f0bec34dd1c59ded,dc24e9a96c19f2d95ee813c058126a75b89da2139d51da548bf470806faf35d9
82,PP-AS23-SPLQ,B0H84CDNQG,PASS,7,1|2|3|4|5|6|7,1,true,6,true,6,0,0,true,true,true,0,true,0,false,false,,,418562061472acab1ac967402e8315228093ca0a7c636f5559c0d73ec12a53de,ba61d2b321033c45da17fe069415ccf26af0d87103b793704972f66a8bb7ab3e
83,PR-AS79-8SDF,B0H82L74PL,PASS,7,1|2|3|4|5|6|7,1,true,6,true,6,0,0,true,true,true,0,true,0,true,false,,,59047dd99ec9f401eb1f7e40381e23b7908f9cfecc9da8895b4be16156fde838,c360c06493c393e0b8f8dee67ed58f29a26e11af6ccea99dab90e0d5ffc4a4d8
84,PT-AS5B-Z2XH,B0H84Z6QWY,NEEDS_FIX,7,1|2|3|4|5|6|7,1,true,6,true,5,1,0,true,true,true,0,true,0,false,false,OBVIOUSLY_IRRELEVANT_OR_WRONG_COPY_IMAGE,,3f7f748c10b8b2193008947b3ffc988d2d7bb379340066b33ab1903ee3da8346,18c8583df1917d1f4bd24a6f9dd05e1a899c134058cf943f5def4136ca3192a5
85,PU-AS3D-SA5Z,B0H83H71F8,NEEDS_FIX,7,1|2|3|4|5|6|7,1,true,6,true,5,1,0,true,true,true,0,true,0,false,false,OBVIOUSLY_IRRELEVANT_OR_WRONG_COPY_IMAGE,,1731d60ceb2f3578b8111f358fa8dcde31f26f1a6ab35579e10cd6f4980705fc,989ef760b900ea1e607b5672fee36639a498fa638a10e96445df264afa21ff89
86,PW-ASDZ-CSR8,B0H839TPC5,PASS,7,1|2|3|4|5|6|7,1,true,6,true,6,0,0,true,true,true,0,true,0,true,false,,,5e22945de7918e4a12460bd3e93eeb1545fa98cded9f3447e2ceb2b94fa8a5ca,586d44bf3d44b2419c3e6d9176b31c7d33a711dda77070ea2b6c7002e83e2cdf
87,PY-ASBM-WX6W,B0H82B7GV5,PASS,7,1|2|3|4|5|6|7,1,true,6,true,6,0,0,true,true,true,0,true,0,true,false,,,88f85360fafe1c47b92ac0bc7003701926ca7f8904b5627f9cbc011d1b3e923e,dedd1749fe20ae181112ee7483710a69022088bb05e9ac3c9f337c170ab161fc
88,QC-ASX2-RHPA,B0H83TQPJB,PASS,7,1|2|3|4|5|6|7,1,true,6,true,6,0,0,true,true,true,0,true,0,true,false,,,fca8d00ff608911e081bda7e2c510a75031d0c3eddeaa6f87220e77c2a56625a,d08118fc3ae25bc9186bbe4b8d0f78272b158958939f871011c9bd4144fd6740
89,QE-ASEQ-4YV5,B0H82CBLRM,PASS,7,1|2|3|4|5|6|7,1,true,6,true,6,0,0,true,true,true,0,true,0,true,false,,,80d5f96cbcde846c6cc4d17ab313fb61c922d23094d94a2e14dfa0bf719fee1b,123b00806f10fbed94796ca2eb5a2e5ff40631d03c151246e8dd9ed2e8b82b63
90,QP-ASAD-PTLX,B0H85DG2JQ,NEEDS_FIX,7,1|2|3|4|5|6|7,1,true,6,true,5,1,0,true,true,true,0,true,0,false,false,OBVIOUSLY_IRRELEVANT_OR_WRONG_COPY_IMAGE,,86b2b7d116a6c8ef4559f1f1329b0583d93619880ec9015e785e22e0e1926bc4,3a9775db128393c14e1b241958dd24dde145f3a27d732235f0dd2e97c6cd05b6
91,QW-ASRZ-SYKC,B0H83MDDBL,NEEDS_FIX,7,1|2|3|4|5|6|7,1,true,6,true,5,1,0,true,true,true,0,true,0,false,false,OBVIOUSLY_IRRELEVANT_OR_WRONG_COPY_IMAGE,,7be0aab2682d16eec619389e54a83bdccc4b988e3431a6c2b95348cc67108670,cf2778057df61094df40276254867bc911a7c5360ae7f3c8f5d0fd4e54751d5c
92,QX-AS89-H8YC,B0H82RQ226,PASS,7,1|2|3|4|5|6|7,1,true,6,true,6,0,0,true,true,true,0,true,0,true,false,,,601c5276e982f4fbd5618cb03b2af677acced7205f67f04165cd313daf2ece2f,4b199afbd51dac540e72524f4ff4dd6fd761a54046d778956fbc6d9015ae3fba
93,QX-ASS6-4T4F,B0H83B6TYP,NEEDS_FIX,7,1|2|3|4|5|6|7,1,true,6,true,5,1,0,true,true,true,0,true,0,false,false,OBVIOUSLY_IRRELEVANT_OR_WRONG_COPY_IMAGE,,0c3cb92adb8c4199a38f6ab2eea53b83c1d863d7480c056911d72cb8d7007e50,7205929d3ff44b825ecf38a224db627efe6fcb0032127c78cae0e64efee086fa
94,RB-ASVO-GYCY,B0H859N8VM,PASS,7,1|2|3|4|5|6|7,1,true,6,true,6,0,0,true,true,true,0,true,0,false,false,,,d785ac08574cdbcf4cd8227b15a330d1f7ea7560cd7ecbd99ed9ec49cfe3f8f4,af98f49fa7b62a8d1b0b96668566aaf8e7b96496a3da7a799c8729c0e28457da
95,RH-ASWA-ER34,B0H85JR6WN,NEEDS_FIX,7,1|2|3|4|5|6|7,1,true,6,true,5,1,0,true,true,true,0,true,0,false,false,OBVIOUSLY_IRRELEVANT_OR_WRONG_COPY_IMAGE,,86e70c228dd903e21d4f77d48ab30eb63e5f7f15b5a8ec732174d8547c8e8bf6,12871d2f37bd9a725c28675b1841daec847a63eab9f844311d1ea1f295eb687f
96,RL-AS64-Q8QX,B0H82LZLM2,NEEDS_FIX,5,1|2|3|4|5,1,true,4,true,3,1,0,true,true,true,0,true,0,false,false,OBVIOUSLY_IRRELEVANT_OR_WRONG_COPY_IMAGE,,a0ec1c045ea4b777095a226acbf16a3f360b784fdd1f61c266d8758231c4f79c,fe1f63ecfc3b55738efd3cd894b32520ca3b5c56638ab1310eaa232b33041b5b
97,RM-ASCV-DVA5,B0H822CVVL,PASS,7,1|2|3|4|5|6|7,1,true,6,true,6,0,0,true,true,true,0,true,0,true,false,,,059ce910b86b5bdf7136881c2de24f2e142e44a9453a1dde415d5f2aabf1d93e,6baa8de374c518d9aed582c1138299b83e8bd9632159e7044a1823f973c02efc
98,RN-ASLP-VH3X,B0H82JYZQH,PASS,7,1|2|3|4|5|6|7,1,true,6,true,6,0,0,true,true,true,0,true,0,true,false,,,bd212f705f3b191d184a4ece1f82742832d20c646870273cf0dfae779d390471,0749d9c97d89d9a38fe8ea9cf17cd81976fb280bff174f102c681d9c85d64c18
99,RQ-AS0L-9B45,B0H85MQLHG,NEEDS_FIX,7,1|2|3|4|5|6|7,1,true,6,true,5,1,0,true,true,true,0,true,0,false,false,OBVIOUSLY_IRRELEVANT_OR_WRONG_COPY_IMAGE,,668c0d63e948ae83193fd3a0481f033cde46d722d5add5a849bf9e3dd16fff60,e057112ad24ee186b02268879a48cac3f1ae6480247e7ffe268a0d410b5466fd
100,RQ-AS78-STLZ,B0H85GR968,NEEDS_FIX,7,1|2|3|4|5|6|7,1,true,6,true,5,1,0,true,true,true,0,true,0,false,false,OBVIOUSLY_IRRELEVANT_OR_WRONG_COPY_IMAGE,,4ac3f48e13b924b8ef9df90b974e1d61fe1b243677428d6970f1d24ccf827e73,b68bf27e4b9463a097378d5b8a6387e0fe89126c1f7d5fc4f78491d65b388c2c
101,RQ-ASM7-T9NN,B0H83HNB3B,PASS,7,1|2|3|4|5|6|7,1,true,6,true,6,0,0,true,true,true,0,true,0,true,false,,,3031d2e9f63f07746d619846b8a4100fd84ea17b82c104920ff1308573224707,d83ec1fee29a8fde1f1847209fdf2d56ca94e8132568fce64a1d5aaecf4d862e
102,RR-ASG1-JVKV,B0H8361PYX,NEEDS_FIX,7,1|2|3|4|5|6|7,1,true,6,true,5,1,0,true,true,true,0,true,0,false,false,OBVIOUSLY_IRRELEVANT_OR_WRONG_COPY_IMAGE,,e90b8752b0089dec67f4da5730312b651deb515dfb70ce698a1358d7bd0a92ec,daa497c63b55bdd24c3a3245e6ae72e42ea5bf1468806cb452b1601e3ad4815a
103,RS-AS47-M3K3,B0H87748WJ,NEEDS_FIX,7,1|2|3|4|5|6|7,1,true,6,true,5,1,0,true,true,true,0,true,0,false,false,OBVIOUSLY_IRRELEVANT_OR_WRONG_COPY_IMAGE,,0799d32b3ce19d5846248cfde61f25c9b44c14b3700992b30098937ca6465be3,2080ed9e95fb1734e6424c62727afe006430c177923be41e77d7ca100aa820b9
104,RU-ASC3-4TUS,B0H83SJFR7,PASS,7,1|2|3|4|5|6|7,1,true,6,true,6,0,0,true,true,true,0,true,0,false,false,,,8e4137edba882a38d82b2b09cf178682b7cd1f6bbd30cc12eed1cadeffad4390,5d3608f9c9f08568527774af697f7ffcb5e7474da3135113e24b97a4d12c6c43
105,RY-ASMO-6N4F,B0H8493HNR,PASS,7,1|2|3|4|5|6|7,1,true,6,true,6,0,0,true,true,true,0,true,0,false,false,,,f987567828a66bcc66b519b58563c2ed68f2bd203ce6bea1126aecad8440e04a,08fb68b16dffb53ed44fd1e02aef4a6dd13bbbf9e35d8319f120e097f644ca04
106,RY-ASO3-24Q2,B0H84XMG42,NEEDS_FIX,7,1|2|3|4|5|6|7,1,true,6,true,5,1,0,true,true,true,0,true,0,false,false,OBVIOUSLY_IRRELEVANT_OR_WRONG_COPY_IMAGE,,6a185d33fb6ed83d5f7d4d5c0e279dde22dd38349709f06a3ab51a574b06d4c6,65e96e27f5789ee46770bfb1ce9b3074ee032403d461e3f6dbce357d1662b9ec
107,RZ-AS26-WLRM,B0H85PJ516,NEEDS_FIX,7,1|2|3|4|5|6|7,1,true,6,true,5,1,0,true,true,true,0,true,0,false,false,OBVIOUSLY_IRRELEVANT_OR_WRONG_COPY_IMAGE,,af995a4d9fb5ec9873addfa161732756a96f7db83ccf1e62d6f0451371413ece,06e674d0ae65231d25e534aedd293338e15c2c3107bd14d203a27c05b8ebafce
108,SA-ASCK-J2B2,B0H82XP1MM,PASS,7,1|2|3|4|5|6|7,1,true,6,true,6,0,0,true,true,true,0,true,0,true,false,,,cbf03d92bcac66012ad38d012a028891f5c02416e77f6359f3773d2fd52a4d6e,716fc6e3909722f301fe55ba4571ff6f2dbe110f12225d00fa5fa867366ae0b1
109,SA-ASDW-SNEW,B0H82SMZ2M,PASS,7,1|2|3|4|5|6|7,1,true,6,true,6,0,0,true,true,true,0,true,0,true,false,,,8f8e530a4ffa14f59b3fe8ebb1e28bd0013960a6023e068eee7f961ce87f264e,1ce6f8b4feda67f90aba5a424e27f8ba9c2b73a3f92f6af186aeac9a59689c89
110,SC-ASH8-4RQG,B0H856DWVS,PASS,7,1|2|3|4|5|6|7,1,true,6,true,6,0,0,true,true,true,0,true,0,false,false,,,ff8fa8c92fd451ba94dc4cc41d5bfe24ada2fa6411336d5aa9f69a316dca3887,edd4806710278a888987f555b16e0c7bfc680c5d57fb201564dc237bb3db4ebe
111,SG-AS32-LZ9Y,B0H8564C6D,PASS,7,1|2|3|4|5|6|7,1,true,6,true,6,0,0,true,true,true,0,true,0,false,false,,,071e1d9a43e7d0183410069f7d63bce7aaf284fbaac1e4b9e58c230290f04f99,386bf5b26308f8c0584f2479195b9dd229457243b3a625eda68fb97bf2954bb0
112,SG-ASLB-M2DG,B0H84PFKYC,PASS,7,1|2|3|4|5|6|7,1,true,6,true,6,0,0,true,true,true,0,true,0,false,false,,,bda90e0ee1e1c5c3359fbac4547f4604ee7890ca4daeed6be105d9e40ff38bd4,85c765926b816f180dd3a225bcc158612279eb9b08f1dcaf513bed6df101efeb
113,SH-ASO0-PW37,B0H83ZH3TB,PASS,7,1|2|3|4|5|6|7,1,true,6,true,6,0,0,true,true,true,0,true,0,false,false,,,153fc311d62f96da5a0bdf956d69f1939c45a84171f5d0b36dd111443f493c58,963dcec84b2ce40c10c748d9fa71146bfc930912a32e2e5f3936b131ae87940f
114,SS-AS9K-U9TV,B0H831889Q,PASS,7,1|2|3|4|5|6|7,1,true,6,true,6,0,0,true,true,true,0,true,0,true,false,,,3ae2730c68289bbf12fc1e2498263a6208e418bc9a1b1e908d2531bb9f1e66cf,81150eaf6f9087f4c99124fb91bcd7d4788e3e9f219d833a60a7dce13c9feaaa
115,SU-ASS4-RV6R,B0H853HGHC,PASS,7,1|2|3|4|5|6|7,1,true,6,true,6,0,0,true,true,true,0,true,0,false,false,,,3a0fafb170359070c224d1ce5f1a77f7bcb7c47d4caaa7e152d7a30320d06a51,1978299aacb4fcaca32be0c7a5af942b6e6255088fbfbe7e205b9768e3478f3d
116,SV-AS87-D6SV,B0H83ZGN22,PASS,7,1|2|3|4|5|6|7,1,true,6,true,6,0,0,true,true,true,0,true,0,false,false,,,47228386940cc0d147684303bc4fbda3d42335743129e4baa449b76f89a32894,a4253c5fb2eb9ce79591ae7aa299c73c79b78aacb3eaf2ab0f48f4c49cf3bd44
117,SZ-ASPI-JFAT,B0H776M5B5,NEEDS_FIX,1,1,1,true,0,false,0,0,0,true,true,true,0,true,0,false,false,ADDITIONAL_IMAGE_COUNT_OUTSIDE_4_TO_6,,f894164f3f9cf73c959499a042016d1022613db7e4ea688e2366d0f547a9bc33,42bfd13d7efe471c6b9a6e3205366d1ac01ec4df1438162f26880228135fab94
118,TH-AS6D-CCES,B0H845HSDZ,PASS,7,1|2|3|4|5|6|7,1,true,6,true,6,0,0,true,true,true,0,true,0,false,false,,,b8094eccba4e7269228fa26541f6bc73e62a856eb76f66400c6d2d6548073f52,c135cc057eef3cbef57ed0728095ee93a41d94a6a52db0d78b83d2047c2ae99b
119,TL-ASHN-ZRKG,B0H85P9F3R,NEEDS_FIX,7,1|2|3|4|5|6|7,1,true,6,true,5,1,0,true,true,true,0,true,0,false,false,OBVIOUSLY_IRRELEVANT_OR_WRONG_COPY_IMAGE,,21d3420416289de557d55ddf88909e47be3103de368f36bf64cd569371ba913a,81fbebee9946490e0b8a174e63f827c2bf8a79255fb0d31677d678a17f0ce3f6
120,TP-AS91-8PAZ,B0H835T5HN,PASS,7,1|2|3|4|5|6|7,1,true,6,true,6,0,0,true,true,true,0,true,0,true,false,,,64bac996ad0b604e9a5c5e392c5ef9bf7bbc1f7567a33b3438a040d78409df83,8a251eaafda0c6b81cbce9b9e86e3698d23b77c741f80168a25f50d11ac0ca75
121,TQ-ASBR-96TC,B0H82BCZ44,PASS,7,1|2|3|4|5|6|7,1,true,6,true,6,0,0,true,true,true,0,true,0,true,false,,,b10022816209520c8e70149fd358301c13599352f9d203af929696e29f89b186,3f74a381ed60975caad5980ce08557a86b09ba197a5b300b8d7bbef93a3c1c7a
122,TQ-ASC4-P2NP,B0H839G6RQ,PASS,7,1|2|3|4|5|6|7,1,true,6,true,6,0,0,true,true,true,0,true,0,true,false,,,011ebcf1a4ab8f792096aea24c789f53373b6eaca6360a49e227114a5658ffe5,67d8970b971f98926f7a8bf031af22909b4237c5f166464fc0a6cc7919b0ece0
123,TY-AST2-JE9P,B0H84WQRXB,PASS,7,1|2|3|4|5|6|7,1,true,6,true,6,0,0,true,true,true,0,true,0,false,false,,,fda46a09a2285db000f8a089794f6cf0cf56df4e942e8754a14398ae9a688d6c,6c9a73c7de1cd4a95787e1806e8b518b70f0cf89bae5491155f8d5d642edc3c8
124,UA-ASAO-RE7Q,B0H784LMG6,NEEDS_FIX,7,1|2|3|4|5|6|7,7,false,6,true,5,1,0,true,true,true,0,true,0,false,false,APPROVED_CARD_NOT_IN_SLOT_1|OBVIOUSLY_IRRELEVANT_OR_WRONG_COPY_IMAGE,,f8bd7f377551f7059d6226d5ce9cbe4508dbdbd9a77842b8348d49ffccb0282c,0c6d3a7e5b9a548f7f5ed7af89874f393100dd2e9a3beaf5b9f2a127e2732011
125,UD-AS9J-QNY6,B0H834L7P6,NEEDS_FIX,7,1|2|3|4|5|6|7,1,true,6,true,5,1,0,true,true,true,0,true,0,false,false,OBVIOUSLY_IRRELEVANT_OR_WRONG_COPY_IMAGE,,a7af0edcf18593bb940eb9f95c7b999b452cd6dabd6a70d6a818eeade8ee770a,539cb00af385dd9adc02d4efa9d642615e50fadf828c13b94ea81b41f98d8405
126,UE-ASA6-CLLY,B0H83ZHZ4S,PASS,7,1|2|3|4|5|6|7,1,true,6,true,6,0,0,true,true,true,0,true,0,false,false,,,41b0a3d703363c63ba819a75f1be8ac3f8e7fbbe548e188508c6d77bb72bbe06,dfb30069f4c2c2dbc3d937fae05447e0f61aca817d2e91ceb938bb62ae3398f9
127,UF-ASA1-GN5P,B0H854DM3X,NEEDS_FIX,7,1|2|3|4|5|6|7,1,true,6,true,5,1,0,true,true,true,0,true,0,false,false,OBVIOUSLY_IRRELEVANT_OR_WRONG_COPY_IMAGE,,f58239ce4e39adff7a1c159cdb31ff243825dc7e925541f9d7bd02d992d79166,68164feb1de7c1bc4a9717fd57925d0852a56af7468dcbf0b8e0b7fe8be5bd64
128,UG-ASUO-L4D9,B0H83FP8WW,PASS,7,1|2|3|4|5|6|7,1,true,6,true,6,0,0,true,true,true,0,true,0,true,false,,,feb78fd9ca679339a76b401d214a7d2279f93bc003d2abcbd82c73bc766f1bd6,fadbb10259d7172c556fa1d59a50e233cb2e11daffe953c8a38d4ca89c9c5d7b
129,UJ-ASQ1-9FNR,B0H82P651P,NEEDS_FIX,5,1|2|3|4|5,1,true,4,true,3,1,0,true,true,true,0,true,0,false,false,OBVIOUSLY_IRRELEVANT_OR_WRONG_COPY_IMAGE,,2176d35c3f55332f80e5820d12681391990c76fd494ff349e1c2b7f3172ed220,d08fc33667db0759d4b09a0d5415a0910284ded4aa1800e1651ca431cec81bd8
130,UY-AS5N-A2E4,B0H83R4M3R,PASS,7,1|2|3|4|5|6|7,1,true,6,true,6,0,0,true,true,true,0,true,0,true,false,,,2559f0f2201edc083b402ffc0204c9426a08e2fde75d0e8fe1bed68f9c971bea,d4412ab40c576c13fb96e3f347cec13e8dd566736ed496bfb903159e24e08ec0
131,VA-ASOK-QJCA,B0H85RZDX5,PASS,7,1|2|3|4|5|6|7,1,true,6,true,6,0,0,true,true,true,0,true,0,false,false,,,c0a5197fc9d5182ce0f20d6184ca16fe8dd0b3c54bf6a385d793dc9dd89b8b23,58eff7613eaaffae99ba98371fd7fc102fabc85a0aab5e87dc3d10ef7ce4a80e
132,VC-ASQE-L5Z5,B0H82QYM85,NEEDS_FIX,7,1|2|3|4|5|6|7,1,true,6,true,5,1,0,true,true,true,0,true,0,false,false,OBVIOUSLY_IRRELEVANT_OR_WRONG_COPY_IMAGE,,fc13718cda023fce492bad84d1d05194a42573a5dba0d659720231a0f8aaab1b,c8bd09a126bf928f854e4c925129763754c40a3792a2db9cbf1d997b7bd80282
133,VC-ASV1-378P,B0H786L5MW,NEEDS_FIX,7,1|2|3|4|5|6|7,7,false,6,true,5,1,0,true,true,true,0,true,0,false,false,APPROVED_CARD_NOT_IN_SLOT_1|OBVIOUSLY_IRRELEVANT_OR_WRONG_COPY_IMAGE,,a1a9f9a83ae746381126eab750badead47f820e80a08334657decc4e47360d66,872e87ba4067930432a977242e41d75c71cafd0b5df33b6187ddb3802ee16038
134,VH-ASHZ-TJEE,B0H856VWD6,NEEDS_FIX,7,1|2|3|4|5|6|7,1,true,6,true,5,1,0,true,true,true,0,true,0,false,false,OBVIOUSLY_IRRELEVANT_OR_WRONG_COPY_IMAGE,,fac7d75e8a017fb173b6011a208e043e8167be95aa5ce07fba96018aff56af9b,0e44481bc139f0952ee51c6193b700a367946484f4f495bdf7ba9098767de126
135,VK-ASSB-3YFK,B0H85FY28F,NEEDS_FIX,7,1|2|3|4|5|6|7,1,true,6,true,5,1,0,true,true,true,0,true,0,false,false,OBVIOUSLY_IRRELEVANT_OR_WRONG_COPY_IMAGE,,a77dc42f9de8e1e75ebad50c0eaab87c41a5eac91271cec94ecaaca97d4bfbc3,df905e30f59c6e11a2e8ac29a12153bdb50ef8a65f7bcb2230a5889e9f838538
136,VN-AS1A-D572,B0H82PKK18,PASS,7,1|2|3|4|5|6|7,1,true,6,true,6,0,0,true,true,true,0,true,0,true,false,,,68b820e020593ba2dfbb779cbb2acbf0ebf97c9d2e6ef8490ba7b1b95738b5de,d5b4e1a7f16a212e3d00a4b12e33dca2a6587b99bbdabdd7e8e40bd22b9f0b71
137,VN-AS6Q-5AE9,B0H8538L32,NEEDS_FIX,7,1|2|3|4|5|6|7,1,true,6,true,5,1,0,true,true,true,0,true,0,false,false,OBVIOUSLY_IRRELEVANT_OR_WRONG_COPY_IMAGE,,9a8eabb0ade7d8a3accd8d750369da7641c683e74b4b88795f1202cfc03131a7,ab563c032ea2356a55dd22b031a0fd6f112f9e93dfa5c30ad8818c4b0d9251fa
138,VT-ASTH-B6LM,B0H85CL8JD,NEEDS_FIX,7,1|2|3|4|5|6|7,1,true,6,true,5,1,0,true,true,true,0,true,0,false,false,OBVIOUSLY_IRRELEVANT_OR_WRONG_COPY_IMAGE,,b34dc6ebdb55d543982b2ad84b1907d421e7e2487c0d973c181d46ee61e4d513,2f3973db53dd530e7e47a50ae3a38d8cc3fd99053041e5c834b999ad96d9456c
139,WC-ASH5-EFN6,B0H833W54L,PASS,7,1|2|3|4|5|6|7,1,true,6,true,6,0,0,true,true,true,0,true,0,true,false,,,ad0631aad13a06a5b4f02f06cb2ab5841a50ebc232ea7c788196d8f0ea007cc5,c8da77f14cc761dd0a1d722052d0b342be9b5bb75d9191c53ee99a849bdca425
140,WK-AS2R-FJUW,B0H82XBNVN,NEEDS_FIX,7,1|2|3|4|5|6|7,1,true,6,true,5,1,0,true,true,true,0,true,0,false,false,OBVIOUSLY_IRRELEVANT_OR_WRONG_COPY_IMAGE,,a67dd0e24f1f14d69fff1e37010b2f30cdfb97bbf0544ab0ceb280f661f629dd,3b4e5e16149de30d06482eebf848c376e6a71d91c4fe5c7a3b49a6ba33a033a1
141,WK-AS7E-M3CE,B0H843R64X,PASS,7,1|2|3|4|5|6|7,1,true,6,true,6,0,0,true,true,true,0,true,0,false,false,,,f81a48fa230e44706f60b93086f8444c1584b94ecab5ab894de19edd9d1ce32b,eed25cbfd54ede0550c31077e759f1ac6f4e332b61e403f76a9ec1d12de5bbba
142,WK-ASPD-G9HL,B0H85CF81Y,NEEDS_FIX,7,1|2|3|4|5|6|7,1,true,6,true,5,1,0,true,true,true,0,true,0,false,false,OBVIOUSLY_IRRELEVANT_OR_WRONG_COPY_IMAGE,,a8f48b23882fbc04471ac6450209cad42d0a7c13378a0a1be0989688e453af5b,87e170a66fa717dd5eb27bd8f16ed2ee37a31fd48f84e2e80e8235e4ebaceeef
143,WN-AS33-UFEA,B0H83RCTVV,NEEDS_FIX,7,1|2|3|4|5|6|7,1,true,6,true,5,1,0,true,true,true,0,true,0,false,false,OBVIOUSLY_IRRELEVANT_OR_WRONG_COPY_IMAGE,,50accaa84e7563dd67b0a68dfe4f44b349098086b727effe1685f23be5a83bd8,fd1dff0d37ac1dc9cf55422ec8b7ba6f2039f717ba6a22b012d46db0adb2fb6b
144,WR-ASR5-AVWE,B0H859VYXH,PASS,7,1|2|3|4|5|6|7,1,true,6,true,6,0,0,true,true,true,0,true,0,false,false,,,248499accb3c93ccf41dd8ba4730274bda6f37e1f6f495e60af870b9540022de,b594b77d3139260746a278f20d05c547be53fbf5850763ec549a8e107faff6ab
145,WR-ASTH-TPXV,B0H85DRT93,PASS,7,1|2|3|4|5|6|7,1,true,6,true,6,0,0,true,true,true,0,true,0,false,false,,,4dc4a6edf0692e22c6d3d28bf68acc9facc7d603db1426fb625204a66b0f232e,9c1d6d9887ad1da52454f4777e858fdc70c12974d34bdaf029d87bf166cfb2a4
146,WZ-ASXK-ZFAS,B0H85DF1R7,NEEDS_FIX,7,1|2|3|4|5|6|7,1,true,6,true,5,1,0,true,true,true,0,true,0,false,false,OBVIOUSLY_IRRELEVANT_OR_WRONG_COPY_IMAGE,,ce3057f932ef661915281c64e2254e164da78d31cd03750dee68de227170e6ee,4cf9ff56197858b55335c525e2b348d3348e2d5c69a9366d62d3ff94052beb9b
147,XE-ASK1-BNRB,B0H81WMJBP,PASS,7,1|2|3|4|5|6|7,1,true,6,true,6,0,0,true,true,true,0,true,0,false,false,,,836b128c87158a235a8b36632f3496c2bb15a477a1d608a3b9c47479fe70b6f8,62ee279195c8f2ad93b9ede3b0e453e40bbf224484ac0af6c1f912af5ee603d4
148,XJ-ASVD-CDMW,B0H82MSTD9,PASS,7,1|2|3|4|5|6|7,1,true,6,true,6,0,0,true,true,true,0,true,0,true,false,,,1507cd2e7b4b940301cfed0895af48cfbad71acd5ffbe7b652b37442032a7bc8,2f8d34efaaccad28da0fb18ee1b1277866310ac705ce94fcb6b56ab81698ab1b
149,XV-ASEU-GDUX,B0H82YRTS3,NEEDS_FIX,5,1|2|3|4|5,1,true,4,true,3,1,0,true,true,true,0,true,0,false,false,OBVIOUSLY_IRRELEVANT_OR_WRONG_COPY_IMAGE,,80c1131477d80b50e8898bae98a65a4d2010a2c0450d96b688b6676950048d2d,2f72ff9ca50b1910554cc1df7d0969e62f86d3052ca8fb1048fc65b0b1f6a00e
150,XW-ASSI-SZZT,B0H858GF4N,NEEDS_FIX,7,1|2|3|4|5|6|7,1,true,6,true,5,1,0,true,true,true,0,true,0,false,false,OBVIOUSLY_IRRELEVANT_OR_WRONG_COPY_IMAGE,,3593ed4c21faa2b45ab435ca2b8174c6e6d9272ff539c3fad60a1325ccb17167,3e0b465eca1343c2cd7630efa8cb77a8ecdf08747f5ee11edd3532e24c17ee0c
151,YA-ASX6-PZE7,B0H82YB4PD,PASS,7,1|2|3|4|5|6|7,1,true,6,true,6,0,0,true,true,true,0,true,0,true,false,,,1094ee3058c0e70441c18551995e473ddb3d1d532c149b33cd9fb72ae11f26df,76ef756d5c33489baf12184bd97116a1503e02d2b6c2f1faba9337819d8ff5b1
152,YF-ASZJ-8BBH,B0H822MPKC,NEEDS_FIX,7,1|2|3|4|5|6|7,1,true,6,true,5,1,0,true,true,true,0,true,0,false,false,OBVIOUSLY_IRRELEVANT_OR_WRONG_COPY_IMAGE,,e56bbad429796b765d502a1cc6fc7447c21fad810a9c51a59e8d2cc0ec7118b7,51a78c26c96c3fcc67313f07a713124467c5452a8924a905fbe627ce8fd1a917
153,YG-ASH6-BCXX,B0H8511Y5G,NEEDS_FIX,7,1|2|3|4|5|6|7,1,true,6,true,5,1,0,true,true,true,0,true,0,false,false,OBVIOUSLY_IRRELEVANT_OR_WRONG_COPY_IMAGE,,626947e6f911b50b5c8822928acd86f62ceb392eddf1f34dff9126e0a84c2215,b156536720a1361f55340e8ab70c396b81c24857674dbbe5144dc42177ca1fc3
154,YH-ASQ8-45ED,B0H82QPCJL,NEEDS_FIX,7,1|2|3|4|5|6|7,1,true,6,true,5,1,0,true,true,true,0,true,0,false,false,OBVIOUSLY_IRRELEVANT_OR_WRONG_COPY_IMAGE,,6fb5d35f18d76689e94c00909d1da562de9d6518d047b620162b41641e64e57b,e8c91ab2608c038507325450eaf10af616e6fb1f7dfe2b5546b494cd8efaae34
155,YM-AS7P-ZX44,B0H83S1LDG,PASS,7,1|2|3|4|5|6|7,1,true,6,true,6,0,0,true,true,true,0,true,0,true,false,,,ee815bacdc6183526352645943ea5f47b41108c794d4b9f8c04133381f798561,ee375b5eb8669f6fc89bbbc574c8721ae11ef99e93670d7c4f2ed5237c691fcd
156,YV-AST8-LMKN,B0H859JMGJ,NEEDS_FIX,7,1|2|3|4|5|6|7,1,true,6,true,5,1,0,true,true,true,0,true,0,false,false,OBVIOUSLY_IRRELEVANT_OR_WRONG_COPY_IMAGE,,86a708b7711a52c5042e22640f778d1cc5799bc4736a1e08f835f483a9f3d6b3,d2d1b194c705d812d8cb2f60a36be1a2306dc7f4891c2ff493ba16d9d264e9ea
157,ZB-ASKL-9W8G,B0H82LKBYH,PASS,7,1|2|3|4|5|6|7,1,true,6,true,6,0,0,true,true,true,0,true,0,true,false,,,388c3ac05df946804a9befc12b4c5abe4e1c6200162616d62d48021b1007deea,94327fcd61ea109c54dfbec29cb129da24eaefaa955a128ec8a9674dfa34260d
158,ZC-ASDC-3QMV,B0H83TSB5J,PASS,7,1|2|3|4|5|6|7,1,true,6,true,6,0,0,true,true,true,0,true,0,true,false,,,fc5802c2958053e2d0ea407fcbbd562c3f90892c52db515e82a23c53173f1c40,22729c27a8bf37ed2aa9337033750a7a6a5b563b77849b5381923aafaafcdbca
159,ZE-AS5W-FKH3,B0H8531B8B,NEEDS_FIX,7,1|2|3|4|5|6|7,1,true,6,true,5,1,0,true,true,true,0,true,0,false,false,OBVIOUSLY_IRRELEVANT_OR_WRONG_COPY_IMAGE,,a18e954d39b84164678f981196823cf812b309d9a57b5308b4ac0daf05c0d573,ce59dce445508016ce5dcd32b2397f6ee0add5e7e42465a7b8bc584dfe48fd7c
160,ZH-AS8W-G5MN,B0H82LMD9Z,NEEDS_FIX,7,1|2|3|4|5|6|7,1,true,6,true,5,1,0,true,true,true,0,true,0,false,false,OBVIOUSLY_IRRELEVANT_OR_WRONG_COPY_IMAGE,,fae3b46deaff70be1176379acd00faa3e68c37c79e82d5ba6df868758f0b73b8,8c2ce67b75dd45bf9f7ddf778feae07f38e99ed7227d0c9cb855ef629a510afa
161,ZP-ASJD-X7ZD,B0H85N7X8W,NEEDS_FIX,7,1|2|3|4|5|6|7,1,true,6,true,5,1,0,true,true,true,0,true,0,false,false,OBVIOUSLY_IRRELEVANT_OR_WRONG_COPY_IMAGE,,dc9c5c84a3b451ac868f36f41ccc92a3930c77efc45c8aef225f46c6e02fae85,33b8b83c2c8b2eeb3224d0e80fa9fbd5bd80c9e7d135b2bff44e464cff517b8a
162,ZX-AS2C-GT8Q,B0H82L3LRT,NEEDS_FIX,7,1|2|3|4|5|6|7,1,true,6,true,5,1,0,true,true,true,0,true,0,false,false,OBVIOUSLY_IRRELEVANT_OR_WRONG_COPY_IMAGE,,3b29ff841b6fb1639109c0516340b0f2633e19d06448a2065dbe0cf1a1b803e7,aa0f26d8ba87a6f7723d5c8e0409ad71e3bb54c5ed69a44d1d486ad9dc2fc5a4
163,ZX-ASQU-TKU9,B0H84PVG1G,NEEDS_FIX,7,1|2|3|4|5|6|7,1,true,6,true,5,1,0,true,true,true,0,true,0,false,false,OBVIOUSLY_IRRELEVANT_OR_WRONG_COPY_IMAGE,,2ccfde6af678d9f3cac5cd839c8ecd56fea261b3ba0a5a34545346d85f35678b,1fe71a1967a289a388d1788b85ddea81511f1562b4006183169d545a387fb05e
164,ZY-ASZ4-QM5U,B0H83T9QZV,PASS,7,1|2|3|4|5|6|7,1,true,6,true,6,0,0,true,true,true,0,true,0,true,false,,,c2e86a00e41ef03f16e660f4c262a00e014417d042343b2a7f32d9c4aaff383c,415211a98bcf5968d688e41460c2a884c64474a31963afa2b81d4dde58bf5ba0
